ISO-10303-21;
HEADER;
FILE_DESCRIPTION (( 'STEP AP214' ),
    '1' );
FILE_NAME ('V2 Hinge.STEP',
    '2026-06-23T17:34:25',
    ( '' ),
    ( '' ),
    'SwSTEP 2.0',
    'SolidWorks 2025',
    '' );
FILE_SCHEMA (( 'AUTOMOTIVE_DESIGN' ));
ENDSEC;

DATA;
#1 = VERTEX_POINT ( 'NONE', #520 ) ;
#2 = LINE ( 'NONE', #1497, #980 ) ;
#3 = CIRCLE ( 'NONE', #1280, 2.499999999999998668 ) ;
#4 = EDGE_LOOP ( 'NONE', ( #93, #1559, #1569, #179 ) ) ;
#5 = EDGE_CURVE ( 'NONE', #1140, #1, #1442, .T. ) ;
#6 = CARTESIAN_POINT ( 'NONE',  ( 5.250000000000001776, -6.250000000000000888, 4.000000000000000000 ) ) ;
#7 = DIRECTION ( 'NONE',  ( 0.000000000000000000, 0.000000000000000000, 1.000000000000000000 ) ) ;
#8 = VECTOR ( 'NONE', #784, 1000.000000000000000 ) ;
#9 = SPHERICAL_SURFACE ( 'NONE', #1200, 1.000000000000000000 ) ;
#10 = DIRECTION ( 'NONE',  ( -0.000000000000000000, -0.000000000000000000, 1.000000000000000000 ) ) ;
#11 = ORIENTED_EDGE ( 'NONE', *, *, #1308, .T. ) ;
#12 = EDGE_LOOP ( 'NONE', ( #333, #1236, #492, #543 ) ) ;
#13 = CIRCLE ( 'NONE', #987, 1.000000000000000000 ) ;
#14 = DIRECTION ( 'NONE',  ( 0.000000000000000000, 0.000000000000000000, 1.000000000000000000 ) ) ;
#15 = DIRECTION ( 'NONE',  ( 0.000000000000000000, -1.000000000000000000, -0.000000000000000000 ) ) ;
#16 = ADVANCED_FACE ( 'NONE', ( #377 ), #1694, .T. ) ;
#17 = DIRECTION ( 'NONE',  ( -1.000000000000000000, 0.000000000000000000, 0.000000000000000000 ) ) ;
#18 = AXIS2_PLACEMENT_3D ( 'NONE', #82, #641, #1285 ) ;
#19 = EDGE_CURVE ( 'NONE', #1370, #890, #815, .T. ) ;
#20 = EDGE_LOOP ( 'NONE', ( #1148, #1385, #1020 ) ) ;
#21 = DIRECTION ( 'NONE',  ( 0.000000000000000000, 0.000000000000000000, 1.000000000000000000 ) ) ;
#22 = CYLINDRICAL_SURFACE ( 'NONE', #1400, 2.499999999999998668 ) ;
#23 = CARTESIAN_POINT ( 'NONE',  ( 5.250000000000000888, 9.107298248878237246E-16, 0.000000000000000000 ) ) ;
#24 = CARTESIAN_POINT ( 'NONE',  ( 5.250000000000000888, 4.250000000000000000, 11.00000000000000000 ) ) ;
#25 = VERTEX_POINT ( 'NONE', #1720 ) ;
#26 = PRODUCT_RELATED_PRODUCT_CATEGORY ( 'part', '', ( #514 ) ) ;
#27 = ORIENTED_EDGE ( 'NONE', *, *, #1715, .T. ) ;
#28 = LINE ( 'NONE', #1085, #518 ) ;
#29 = DIRECTION ( 'NONE',  ( 0.000000000000000000, -1.000000000000000000, 0.000000000000000000 ) ) ;
#30 = AXIS2_PLACEMENT_3D ( 'NONE', #1055, #650, #624 ) ;
#31 = DIRECTION ( 'NONE',  ( -1.000000000000000000, 0.000000000000000000, 0.000000000000000000 ) ) ;
#32 = FILL_AREA_STYLE_COLOUR ( '', #259 ) ;
#33 = DIRECTION ( 'NONE',  ( -1.000000000000000000, -1.734723475976806848E-16, 0.000000000000000000 ) ) ;
#34 = CIRCLE ( 'NONE', #422, 1.000000000000000888 ) ;
#35 = EDGE_CURVE ( 'NONE', #767, #750, #391, .T. ) ;
#36 = ORIENTED_EDGE ( 'NONE', *, *, #55, .T. ) ;
#37 = CARTESIAN_POINT ( 'NONE',  ( -4.250000000000000888, 4.250000000000000000, 4.000000000000000000 ) ) ;
#38 = DIRECTION ( 'NONE',  ( 1.734723475976806848E-16, -1.000000000000000000, -0.000000000000000000 ) ) ;
#39 = AXIS2_PLACEMENT_3D ( 'NONE', #64, #845, #1086 ) ;
#40 = LINE ( 'NONE', #23, #951 ) ;
#41 = LINE ( 'NONE', #1234, #1003 ) ;
#42 = ADVANCED_FACE ( 'NONE', ( #900, #1064 ), #240, .F. ) ;
#43 = FACE_OUTER_BOUND ( 'NONE', #1645, .T. ) ;
#44 = ORIENTED_EDGE ( 'NONE', *, *, #344, .T. ) ;
#45 = ADVANCED_FACE ( 'NONE', ( #916 ), #1450, .T. ) ;
#46 = ORIENTED_EDGE ( 'NONE', *, *, #637, .T. ) ;
#47 = DIRECTION ( 'NONE',  ( 0.000000000000000000, -1.000000000000000000, 0.000000000000000000 ) ) ;
#48 = ADVANCED_FACE ( 'NONE', ( #1426 ), #1296, .T. ) ;
#49 = FACE_OUTER_BOUND ( 'NONE', #673, .T. ) ;
#50 = FILL_AREA_STYLE ('',( #32 ) ) ;
#51 = EDGE_LOOP ( 'NONE', ( #111, #1702, #549, #418 ) ) ;
#52 = ORIENTED_EDGE ( 'NONE', *, *, #218, .F. ) ;
#53 = ORIENTED_EDGE ( 'NONE', *, *, #1267, .T. ) ;
#54 = CARTESIAN_POINT ( 'NONE',  ( -6.250000000000000888, 0.000000000000000000, 8.099999999999999645 ) ) ;
#55 = EDGE_CURVE ( 'NONE', #322, #1710, #359, .T. ) ;
#56 = AXIS2_PLACEMENT_3D ( 'NONE', #360, #925, #1583 ) ;
#57 = LINE ( 'NONE', #1116, #1478 ) ;
#58 = CARTESIAN_POINT ( 'NONE',  ( -5.249999999999998224, -5.250000000000000000, 4.000000000000000000 ) ) ;
#59 = CARTESIAN_POINT ( 'NONE',  ( 6.250000000000000000, 4.250000000000000000, 12.00000000000000000 ) ) ;
#60 = CIRCLE ( 'NONE', #751, 1.000000000000000000 ) ;
#61 = ORIENTED_EDGE ( 'NONE', *, *, #66, .F. ) ;
#62 = CIRCLE ( 'NONE', #844, 2.000000000000000000 ) ;
#63 = ADVANCED_FACE ( 'NONE', ( #386 ), #783, .F. ) ;
#64 = CARTESIAN_POINT ( 'NONE',  ( -5.250000000000000000, -4.250000000000000888, 12.00000000000000000 ) ) ;
#65 = DIRECTION ( 'NONE',  ( 0.000000000000000000, 0.000000000000000000, 1.000000000000000000 ) ) ;
#66 = EDGE_CURVE ( 'NONE', #394, #1596, #388, .T. ) ;
#67 = SPHERICAL_SURFACE ( 'NONE', #278, 1.000000000000000000 ) ;
#68 = ORIENTED_EDGE ( 'NONE', *, *, #353, .T. ) ;
#69 = ORIENTED_EDGE ( 'NONE', *, *, #556, .F. ) ;
#70 = AXIS2_PLACEMENT_3D ( 'NONE', #591, #1125, #1652 ) ;
#71 = PRODUCT_DEFINITION_SHAPE ( 'NONE', 'NONE',  #329 ) ;
#72 = EDGE_CURVE ( 'NONE', #1010, #867, #129, .T. ) ;
#73 = CARTESIAN_POINT ( 'NONE',  ( 5.249999999999998224, 7.499999999999999112, 3.000000000000000000 ) ) ;
#74 = VECTOR ( 'NONE', #551, 1000.000000000000000 ) ;
#75 = VERTEX_POINT ( 'NONE', #1331 ) ;
#76 = EDGE_LOOP ( 'NONE', ( #354, #875, #521 ) ) ;
#77 = SPHERICAL_SURFACE ( 'NONE', #606, 1.000000000000000000 ) ;
#78 = EDGE_CURVE ( 'NONE', #75, #1307, #582, .T. ) ;
#79 = SPHERICAL_SURFACE ( 'NONE', #567, 1.000000000000000000 ) ;
#80 = ORIENTED_EDGE ( 'NONE', *, *, #103, .T. ) ;
#81 = LINE ( 'NONE', #1514, #1035 ) ;
#82 = CARTESIAN_POINT ( 'NONE',  ( 5.250000000000000000, -4.250000000000000888, 11.00000000000000000 ) ) ;
#83 = PRODUCT_CONTEXT ( 'NONE', #523, 'mechanical' ) ;
#84 = ORIENTED_EDGE ( 'NONE', *, *, #1098, .T. ) ;
#85 = CIRCLE ( 'NONE', #274, 1.000000000000000000 ) ;
#86 = ORIENTED_EDGE ( 'NONE', *, *, #1220, .F. ) ;
#87 = CYLINDRICAL_SURFACE ( 'NONE', #869, 1.000000000000000000 ) ;
#88 = FACE_OUTER_BOUND ( 'NONE', #1287, .T. ) ;
#89 = DIRECTION ( 'NONE',  ( 0.000000000000000000, 0.000000000000000000, 1.000000000000000000 ) ) ;
#90 = CARTESIAN_POINT ( 'NONE',  ( 6.250000000000001776, -6.500000000000000000, 3.000000000000000000 ) ) ;
#91 = CARTESIAN_POINT ( 'NONE',  ( 5.250000000000000000, 4.250000000000000000, 11.00000000000000000 ) ) ;
#92 = ORIENTED_EDGE ( 'NONE', *, *, #688, .F. ) ;
#93 = ORIENTED_EDGE ( 'NONE', *, *, #902, .T. ) ;
#94 = EDGE_CURVE ( 'NONE', #963, #1286, #924, .T. ) ;
#95 = VERTEX_POINT ( 'NONE', #806 ) ;
#96 = CIRCLE ( 'NONE', #1487, 1.999999999999999112 ) ;
#97 = AXIS2_PLACEMENT_3D ( 'NONE', #140, #676, #1196 ) ;
#98 = EDGE_CURVE ( 'NONE', #500, #1650, #166, .T. ) ;
#99 = CARTESIAN_POINT ( 'NONE',  ( 5.249999999999998224, 6.499999999999999112, 1.000000000000000000 ) ) ;
#100 = PLANE ( 'NONE',  #851 ) ;
#101 = DIRECTION ( 'NONE',  ( -0.000000000000000000, 0.000000000000000000, 1.000000000000000000 ) ) ;
#102 = DIRECTION ( 'NONE',  ( -1.000000000000000000, -1.734723475976806601E-16, 0.000000000000000000 ) ) ;
#103 = EDGE_CURVE ( 'NONE', #509, #1502, #840, .T. ) ;
#104 = AXIS2_PLACEMENT_3D ( 'NONE', #6, #415, #1622 ) ;
#105 = ORIENTED_EDGE ( 'NONE', *, *, #720, .F. ) ;
#106 = CARTESIAN_POINT ( 'NONE',  ( -5.250000000000000000, 4.250000000000000000, 11.00000000000000000 ) ) ;
#107 = ORIENTED_EDGE ( 'NONE', *, *, #1177, .T. ) ;
#108 = DIRECTION ( 'NONE',  ( 0.000000000000000000, 0.000000000000000000, 1.000000000000000000 ) ) ;
#109 = CYLINDRICAL_SURFACE ( 'NONE', #935, 2.499999999999998668 ) ;
#110 = DIRECTION ( 'NONE',  ( -1.000000000000000000, -8.673617379884035472E-16, 0.000000000000000000 ) ) ;
#111 = ORIENTED_EDGE ( 'NONE', *, *, #378, .F. ) ;
#112 = CARTESIAN_POINT ( 'NONE',  ( -4.250000000000000888, 5.250000000000000000, 12.00000000000000000 ) ) ;
#113 = CIRCLE ( 'NONE', #1083, 1.000000000000000000 ) ;
#114 = ADVANCED_FACE ( 'NONE', ( #1345 ), #153, .T. ) ;
#115 = VECTOR ( 'NONE', #588, 1000.000000000000000 ) ;
#116 = CARTESIAN_POINT ( 'NONE',  ( -6.250000000000000888, 7.499999999999999112, 1.000000000000000000 ) ) ;
#117 = DIRECTION ( 'NONE',  ( 0.000000000000000000, 0.000000000000000000, -1.000000000000000000 ) ) ;
#118 = ORIENTED_EDGE ( 'NONE', *, *, #1717, .F. ) ;
#119 = DIRECTION ( 'NONE',  ( 1.000000000000000000, -0.000000000000000000, -0.000000000000000000 ) ) ;
#120 = EDGE_CURVE ( 'NONE', #1275, #394, #553, .T. ) ;
#121 = DIRECTION ( 'NONE',  ( -0.000000000000000000, -0.000000000000000000, -1.000000000000000000 ) ) ;
#122 = CIRCLE ( 'NONE', #1146, 2.499999999999998668 ) ;
#123 = STYLED_ITEM ( 'NONE', ( #456 ), #1452 ) ;
#124 = EDGE_CURVE ( 'NONE', #352, #890, #671, .T. ) ;
#125 = ORIENTED_EDGE ( 'NONE', *, *, #1301, .T. ) ;
#126 = CARTESIAN_POINT ( 'NONE',  ( 5.250000000000000000, 4.250000000000000000, 11.00000000000000000 ) ) ;
#127 = CARTESIAN_POINT ( 'NONE',  ( 5.250000000000001776, -7.500000000000000000, 1.000000000000000000 ) ) ;
#128 = EDGE_LOOP ( 'NONE', ( #1643, #1066, #923 ) ) ;
#129 = LINE ( 'NONE', #1462, #1587 ) ;
#130 = EDGE_LOOP ( 'NONE', ( #698, #203, #1288 ) ) ;
#131 = DIRECTION ( 'NONE',  ( -0.000000000000000000, -0.000000000000000000, 1.000000000000000000 ) ) ;
#132 = ORIENTED_EDGE ( 'NONE', *, *, #720, .T. ) ;
#133 = DIRECTION ( 'NONE',  ( 1.734723475976806848E-16, -1.000000000000000000, 0.000000000000000000 ) ) ;
#134 = FACE_OUTER_BOUND ( 'NONE', #1379, .T. ) ;
#135 = DIRECTION ( 'NONE',  ( 1.734723475976806848E-16, -1.000000000000000000, 0.000000000000000000 ) ) ;
#136 = ORIENTED_EDGE ( 'NONE', *, *, #629, .F. ) ;
#137 = DIRECTION ( 'NONE',  ( 1.000000000000000000, 0.000000000000000000, 0.000000000000000000 ) ) ;
#138 = AXIS2_PLACEMENT_3D ( 'NONE', #1687, #493, #1306 ) ;
#139 = EDGE_CURVE ( 'NONE', #500, #1047, #40, .T. ) ;
#140 = CARTESIAN_POINT ( 'NONE',  ( 5.250000000000000000, 9.107298248878235274E-16, 2.000000000000000000 ) ) ;
#141 = AXIS2_PLACEMENT_3D ( 'NONE', #1405, #1131, #729 ) ;
#142 = ORIENTED_EDGE ( 'NONE', *, *, #979, .T. ) ;
#143 = DIRECTION ( 'NONE',  ( -0.000000000000000000, 0.000000000000000000, 1.000000000000000000 ) ) ;
#144 = DIRECTION ( 'NONE',  ( 1.000000000000000000, 1.734723475976806848E-16, -0.000000000000000000 ) ) ;
#145 = FACE_BOUND ( 'NONE', #180, .T. ) ;
#146 = EDGE_CURVE ( 'NONE', #322, #767, #1506, .T. ) ;
#147 = CARTESIAN_POINT ( 'NONE',  ( 5.249999999999999112, 4.250000000000000000, 12.00000000000000000 ) ) ;
#148 = ORIENTED_EDGE ( 'NONE', *, *, #996, .F. ) ;
#149 = VECTOR ( 'NONE', #133, 1000.000000000000000 ) ;
#150 = AXIS2_PLACEMENT_3D ( 'NONE', #538, #648, #942 ) ;
#151 = DIRECTION ( 'NONE',  ( 0.000000000000000000, 0.000000000000000000, 1.000000000000000000 ) ) ;
#152 = CARTESIAN_POINT ( 'NONE',  ( -6.250000000000000888, 0.000000000000000000, 8.099999999999999645 ) ) ;
#153 = CYLINDRICAL_SURFACE ( 'NONE', #1135, 1.000000000000000000 ) ;
#154 = ADVANCED_FACE ( 'NONE', ( #1479 ), #9, .T. ) ;
#155 = AXIS2_PLACEMENT_3D ( 'NONE', #423, #1602, #552 ) ;
#156 = ORIENTED_EDGE ( 'NONE', *, *, #885, .F. ) ;
#157 = CARTESIAN_POINT ( 'NONE',  ( -6.249999999999998224, -6.500000000000000000, 2.000000000000000000 ) ) ;
#158 = DIRECTION ( 'NONE',  ( -2.602085213965208275E-15, 0.000000000000000000, 1.000000000000000000 ) ) ;
#159 = CARTESIAN_POINT ( 'NONE',  ( 5.249999999999999112, 7.499999999999999112, 1.000000000000000000 ) ) ;
#160 = DIRECTION ( 'NONE',  ( 1.000000000000000000, 0.000000000000000000, 0.000000000000000000 ) ) ;
#161 = CARTESIAN_POINT ( 'NONE',  ( 5.250000000000001776, -6.500000000000000000, 3.000000000000000000 ) ) ;
#162 = ORIENTED_EDGE ( 'NONE', *, *, #766, .T. ) ;
#163 = ADVANCED_FACE ( 'NONE', ( #1617 ), #499, .F. ) ;
#164 = CARTESIAN_POINT ( 'NONE',  ( -5.249999999999998224, -7.500000000000000000, 1.000000000000000000 ) ) ;
#165 = DIRECTION ( 'NONE',  ( -1.734723475976806848E-16, 1.000000000000000000, 0.000000000000000000 ) ) ;
#166 = CIRCLE ( 'NONE', #138, 1.000000000000000000 ) ;
#167 = DIRECTION ( 'NONE',  ( 1.000000000000000000, 0.000000000000000000, 0.000000000000000000 ) ) ;
#168 = FACE_OUTER_BOUND ( 'NONE', #1675, .T. ) ;
#169 = VECTOR ( 'NONE', #745, 1000.000000000000000 ) ;
#170 = ADVANCED_FACE ( 'NONE', ( #546, #145 ), #680, .F. ) ;
#171 = EDGE_LOOP ( 'NONE', ( #1188, #714, #458, #1153, #428, #1073, #652, #1176, #1095, #770 ) ) ;
#172 = EDGE_CURVE ( 'NONE', #251, #920, #1202, .T. ) ;
#173 = EDGE_LOOP ( 'NONE', ( #1019, #351, #186, #1104 ) ) ;
#174 = DIRECTION ( 'NONE',  ( 1.000000000000000000, 1.734723475976806848E-16, -0.000000000000000000 ) ) ;
#175 = DIRECTION ( 'NONE',  ( -0.000000000000000000, 1.000000000000000000, 0.000000000000000000 ) ) ;
#176 = VECTOR ( 'NONE', #1097, 1000.000000000000000 ) ;
#177 = SPHERICAL_SURFACE ( 'NONE', #1561, 1.000000000000000000 ) ;
#178 = CARTESIAN_POINT ( 'NONE',  ( 4.250000000000000000, -4.250000000000000000, 4.000000000000000000 ) ) ;
#179 = ORIENTED_EDGE ( 'NONE', *, *, #139, .T. ) ;
#180 = EDGE_LOOP ( 'NONE', ( #1634, #482 ) ) ;
#181 = VECTOR ( 'NONE', #508, 1000.000000000000000 ) ;
#182 = ORIENTED_EDGE ( 'NONE', *, *, #1608, .F. ) ;
#183 = CARTESIAN_POINT ( 'NONE',  ( -5.250000000000000000, 5.250000000000000000, 4.000000000000000000 ) ) ;
#184 = DIRECTION ( 'NONE',  ( 0.000000000000000000, 0.000000000000000000, -1.000000000000000000 ) ) ;
#185 = CARTESIAN_POINT ( 'NONE',  ( -5.249999999999998224, -6.500000000000000000, 1.000000000000000000 ) ) ;
#186 = ORIENTED_EDGE ( 'NONE', *, *, #842, .F. ) ;
#187 = ORIENTED_EDGE ( 'NONE', *, *, #1721, .F. ) ;
#188 = EDGE_LOOP ( 'NONE', ( #385, #1417, #626, #142 ) ) ;
#189 = ADVANCED_FACE ( 'NONE', ( #1488 ), #1077, .T. ) ;
#190 = DIRECTION ( 'NONE',  ( 0.000000000000000000, 0.000000000000000000, -1.000000000000000000 ) ) ;
#191 = AXIS2_PLACEMENT_3D ( 'NONE', #1631, #702, #1356 ) ;
#192 = DIRECTION ( 'NONE',  ( 8.260587980841938780E-17, 1.000000000000000000, -0.000000000000000000 ) ) ;
#193 = CARTESIAN_POINT ( 'NONE',  ( 6.250000000000000888, -4.250000000000000888, 2.999999999999999112 ) ) ;
#194 = VECTOR ( 'NONE', #593, 1000.000000000000000 ) ;
#195 = VERTEX_POINT ( 'NONE', #439 ) ;
#196 = ORIENTED_EDGE ( 'NONE', *, *, #1308, .F. ) ;
#197 = AXIS2_PLACEMENT_3D ( 'NONE', #1633, #977, #299 ) ;
#198 = EDGE_CURVE ( 'NONE', #420, #1140, #974, .T. ) ;
#199 = CARTESIAN_POINT ( 'NONE',  ( 5.250000000000000000, -4.250000000000000000, 11.00000000000000000 ) ) ;
#200 = CARTESIAN_POINT ( 'NONE',  ( -4.250000000000000000, 0.000000000000000000, 8.099999999999999645 ) ) ;
#201 = CARTESIAN_POINT ( 'NONE',  ( 6.250000000000000000, 4.250000000000000000, 11.00000000000000000 ) ) ;
#202 = AXIS2_PLACEMENT_3D ( 'NONE', #965, #1372, #29 ) ;
#203 = ORIENTED_EDGE ( 'NONE', *, *, #733, .T. ) ;
#204 = EDGE_LOOP ( 'NONE', ( #1427, #53, #1266, #1155 ) ) ;
#205 = DIRECTION ( 'NONE',  ( 0.000000000000000000, 0.000000000000000000, 1.000000000000000000 ) ) ;
#206 = DIRECTION ( 'NONE',  ( -0.000000000000000000, -1.000000000000000000, -0.000000000000000000 ) ) ;
#207 = CARTESIAN_POINT ( 'NONE',  ( -4.250000000000000000, 0.000000000000000000, 5.600000000000000533 ) ) ;
#208 = CARTESIAN_POINT ( 'NONE',  ( -5.249999999999998224, -5.250000000000000000, 11.00000000000000000 ) ) ;
#209 = ORIENTED_EDGE ( 'NONE', *, *, #1103, .T. ) ;
#210 = EDGE_LOOP ( 'NONE', ( #1551, #1550, #1501, #1079 ) ) ;
#211 = LINE ( 'NONE', #220, #1461 ) ;
#212 = ADVANCED_FACE ( 'NONE', ( #1223 ), #1477, .T. ) ;
#213 = DIRECTION ( 'NONE',  ( -1.000000000000000000, 0.000000000000000000, 0.000000000000000000 ) ) ;
#214 = CARTESIAN_POINT ( 'NONE',  ( 5.250000000000000888, -4.250000000000000888, 3.000000000000000000 ) ) ;
#215 =( LENGTH_UNIT ( ) NAMED_UNIT ( * ) SI_UNIT ( .MILLI., .METRE. ) );
#216 = ORIENTED_EDGE ( 'NONE', *, *, #603, .T. ) ;
#217 = ORIENTED_EDGE ( 'NONE', *, *, #535, .F. ) ;
#218 = EDGE_CURVE ( 'NONE', #750, #1307, #432, .T. ) ;
#219 = ORIENTED_EDGE ( 'NONE', *, *, #917, .F. ) ;
#220 = CARTESIAN_POINT ( 'NONE',  ( -6.249999999999998224, -5.250000000000000888, 2.000000000000000000 ) ) ;
#221 = DIRECTION ( 'NONE',  ( 1.000000000000000000, 0.000000000000000000, 0.000000000000000000 ) ) ;
#222 = DIRECTION ( 'NONE',  ( -1.000000000000000000, -1.734723475976806601E-16, 0.000000000000000000 ) ) ;
#223 = EDGE_LOOP ( 'NONE', ( #44, #1318, #466, #1040 ) ) ;
#224 = DIRECTION ( 'NONE',  ( -0.000000000000000000, -1.000000000000000000, 0.000000000000000000 ) ) ;
#225 = EDGE_LOOP ( 'NONE', ( #1716, #233 ) ) ;
#226 = AXIS2_PLACEMENT_3D ( 'NONE', #1572, #1167, #205 ) ;
#227 = DIRECTION ( 'NONE',  ( -1.000000000000000000, 0.000000000000000000, -0.000000000000000000 ) ) ;
#228 = CARTESIAN_POINT ( 'NONE',  ( -5.250000000000000888, 6.499999999999999112, 3.000000000000000000 ) ) ;
#229 = CARTESIAN_POINT ( 'NONE',  ( -5.250000000000000888, 7.499999999999999112, 3.000000000000000000 ) ) ;
#230 = SHAPE_DEFINITION_REPRESENTATION ( #71, #1451 ) ;
#231 = VECTOR ( 'NONE', #971, 1000.000000000000000 ) ;
#232 = ORIENTED_EDGE ( 'NONE', *, *, #1571, .F. ) ;
#233 = ORIENTED_EDGE ( 'NONE', *, *, #1029, .T. ) ;
#234 = ADVANCED_FACE ( 'NONE', ( #1401 ), #77, .T. ) ;
#235 = ORIENTED_EDGE ( 'NONE', *, *, #1022, .F. ) ;
#236 = ADVANCED_FACE ( 'NONE', ( #740 ), #87, .T. ) ;
#237 = FACE_OUTER_BOUND ( 'NONE', #451, .T. ) ;
#238 = DIRECTION ( 'NONE',  ( 1.000000000000000000, 0.000000000000000000, 0.000000000000000000 ) ) ;
#239 = ORIENTED_EDGE ( 'NONE', *, *, #480, .F. ) ;
#240 = PLANE ( 'NONE',  #1364 ) ;
#241 = CARTESIAN_POINT ( 'NONE',  ( 6.249999999999999112, 7.499999999999999112, 2.000000000000000000 ) ) ;
#242 = EDGE_LOOP ( 'NONE', ( #217, #86, #558, #706 ) ) ;
#243 = LINE ( 'NONE', #266, #816 ) ;
#244 = AXIS2_PLACEMENT_3D ( 'NONE', #1028, #644, #271 ) ;
#245 = ADVANCED_FACE ( 'NONE', ( #1107 ), #654, .T. ) ;
#246 = CARTESIAN_POINT ( 'NONE',  ( -6.250000000000000888, 6.250000000000000000, 2.000000000000000000 ) ) ;
#247 = CIRCLE ( 'NONE', #504, 1.000000000000000888 ) ;
#248 = ORIENTED_EDGE ( 'NONE', *, *, #1203, .F. ) ;
#249 = CYLINDRICAL_SURFACE ( 'NONE', #707, 1.000000000000000000 ) ;
#250 = CYLINDRICAL_SURFACE ( 'NONE', #1458, 1.000000000000000000 ) ;
#251 = VERTEX_POINT ( 'NONE', #1465 ) ;
#252 = DIRECTION ( 'NONE',  ( 1.000000000000000000, 0.000000000000000000, 0.000000000000000000 ) ) ;
#253 = DIRECTION ( 'NONE',  ( 0.000000000000000000, 0.000000000000000000, -1.000000000000000000 ) ) ;
#254 = EDGE_CURVE ( 'NONE', #1502, #732, #2, .T. ) ;
#255 = ORIENTED_EDGE ( 'NONE', *, *, #800, .T. ) ;
#256 = DIRECTION ( 'NONE',  ( 1.734723475976806848E-16, -1.000000000000000000, 0.000000000000000000 ) ) ;
#257 = VECTOR ( 'NONE', #989, 1000.000000000000000 ) ;
#258 = DIRECTION ( 'NONE',  ( 1.000000000000000000, 0.000000000000000000, 0.000000000000000000 ) ) ;
#259 = COLOUR_RGB ( '',0.7921568627450980005, 0.8196078431372548767, 0.9333333333333333481 ) ;
#260 = ORIENTED_EDGE ( 'NONE', *, *, #1206, .T. ) ;
#261 = CARTESIAN_POINT ( 'NONE',  ( -5.250000000000000000, -4.250000000000000888, 11.00000000000000000 ) ) ;
#262 = PLANE ( 'NONE',  #155 ) ;
#263 = DIRECTION ( 'NONE',  ( -0.000000000000000000, -0.000000000000000000, 1.000000000000000000 ) ) ;
#264 = AXIS2_PLACEMENT_3D ( 'NONE', #430, #1470, #827 ) ;
#265 = EDGE_LOOP ( 'NONE', ( #46, #293, #612, #235 ) ) ;
#266 = CARTESIAN_POINT ( 'NONE',  ( -6.249999999999999112, -4.250000000000000888, 3.000000000000000000 ) ) ;
#267 = ORIENTED_EDGE ( 'NONE', *, *, #550, .F. ) ;
#268 = DIRECTION ( 'NONE',  ( -1.000000000000000000, 0.000000000000000000, 0.000000000000000000 ) ) ;
#269 = DIRECTION ( 'NONE',  ( 1.000000000000000000, 0.000000000000000000, 0.000000000000000000 ) ) ;
#270 = ADVANCED_FACE ( 'NONE', ( #571 ), #1714, .T. ) ;
#271 = DIRECTION ( 'NONE',  ( 0.000000000000000000, 0.000000000000000000, 1.000000000000000000 ) ) ;
#272 = VECTOR ( 'NONE', #135, 1000.000000000000000 ) ;
#273 = SPHERICAL_SURFACE ( 'NONE', #736, 1.000000000000000000 ) ;
#274 = AXIS2_PLACEMENT_3D ( 'NONE', #752, #206, #608 ) ;
#275 = ORIENTED_EDGE ( 'NONE', *, *, #1281, .F. ) ;
#276 = EDGE_CURVE ( 'NONE', #1540, #1327, #1419, .T. ) ;
#277 = CYLINDRICAL_SURFACE ( 'NONE', #769, 1.000000000000000000 ) ;
#278 = AXIS2_PLACEMENT_3D ( 'NONE', #1090, #1249, #1366 ) ;
#279 = FACE_OUTER_BOUND ( 'NONE', #946, .T. ) ;
#280 = AXIS2_PLACEMENT_3D ( 'NONE', #1566, #1138, #471 ) ;
#281 = DIRECTION ( 'NONE',  ( 0.000000000000000000, 1.000000000000000000, 0.000000000000000000 ) ) ;
#282 =( LENGTH_UNIT ( ) NAMED_UNIT ( * ) SI_UNIT ( .MILLI., .METRE. ) );
#283 = ORIENTED_EDGE ( 'NONE', *, *, #1638, .F. ) ;
#284 = ORIENTED_EDGE ( 'NONE', *, *, #1480, .F. ) ;
#285 = VECTOR ( 'NONE', #38, 1000.000000000000000 ) ;
#286 = CARTESIAN_POINT ( 'NONE',  ( -5.249999999999998224, -6.500000000000000000, 2.000000000000000000 ) ) ;
#287 = CARTESIAN_POINT ( 'NONE',  ( -4.250000000000000888, 4.250000000000000000, 12.00000000000000000 ) ) ;
#288 = CARTESIAN_POINT ( 'NONE',  ( -5.250000000000000888, 5.250000000000000000, 3.000000000000000000 ) ) ;
#289 = DIRECTION ( 'NONE',  ( -8.673617379884035472E-16, 1.000000000000000000, 0.000000000000000000 ) ) ;
#290 = VERTEX_POINT ( 'NONE', #938 ) ;
#291 = EDGE_CURVE ( 'NONE', #1370, #1474, #41, .T. ) ;
#292 = CIRCLE ( 'NONE', #1099, 1.000000000000000888 ) ;
#293 = ORIENTED_EDGE ( 'NONE', *, *, #425, .F. ) ;
#294 = DIRECTION ( 'NONE',  ( -0.000000000000000000, -0.000000000000000000, 1.000000000000000000 ) ) ;
#295 = DIRECTION ( 'NONE',  ( 1.000000000000000000, 0.000000000000000000, 0.000000000000000000 ) ) ;
#296 = ADVANCED_FACE ( 'NONE', ( #1639 ), #1195, .T. ) ;
#297 = DIRECTION ( 'NONE',  ( -1.734723475976807094E-16, 1.000000000000000000, 0.000000000000000000 ) ) ;
#298 = DIRECTION ( 'NONE',  ( 0.000000000000000000, 0.000000000000000000, -1.000000000000000000 ) ) ;
#299 = DIRECTION ( 'NONE',  ( 1.000000000000000000, 0.000000000000000000, 0.000000000000000000 ) ) ;
#300 = EDGE_LOOP ( 'NONE', ( #11, #1469, #107, #994 ) ) ;
#301 = EDGE_CURVE ( 'NONE', #746, #1474, #672, .T. ) ;
#302 = ORIENTED_EDGE ( 'NONE', *, *, #696, .T. ) ;
#303 = DIRECTION ( 'NONE',  ( 1.734723475976806848E-16, -1.000000000000000000, 0.000000000000000000 ) ) ;
#304 = DIRECTION ( 'NONE',  ( 0.000000000000000000, 0.000000000000000000, -1.000000000000000000 ) ) ;
#305 = CIRCLE ( 'NONE', #675, 1.000000000000000000 ) ;
#306 = DIRECTION ( 'NONE',  ( 8.260587980841938780E-17, 1.000000000000000000, -0.000000000000000000 ) ) ;
#307 = DIRECTION ( 'NONE',  ( 1.000000000000000000, 0.000000000000000000, 0.000000000000000000 ) ) ;
#308 = PLANE ( 'NONE',  #309 ) ;
#309 = AXIS2_PLACEMENT_3D ( 'NONE', #968, #695, #579 ) ;
#310 = ORIENTED_EDGE ( 'NONE', *, *, #344, .F. ) ;
#311 = ORIENTED_EDGE ( 'NONE', *, *, #979, .F. ) ;
#312 = ORIENTED_EDGE ( 'NONE', *, *, #894, .F. ) ;
#313 = CARTESIAN_POINT ( 'NONE',  ( 5.249999999999999112, -6.250000000000000000, 4.000000000000000000 ) ) ;
#314 = CIRCLE ( 'NONE', #1290, 1.000000000000000000 ) ;
#315 = CYLINDRICAL_SURFACE ( 'NONE', #1420, 2.499999999999998668 ) ;
#316 = CYLINDRICAL_SURFACE ( 'NONE', #393, 1.000000000000000000 ) ;
#317 = CIRCLE ( 'NONE', #1341, 1.000000000000000000 ) ;
#318 = EDGE_LOOP ( 'NONE', ( #777, #1674, #1142, #196 ) ) ;
#319 = ORIENTED_EDGE ( 'NONE', *, *, #78, .T. ) ;
#320 = EDGE_CURVE ( 'NONE', #1710, #750, #113, .T. ) ;
#321 = VECTOR ( 'NONE', #1546, 1000.000000000000000 ) ;
#322 = VERTEX_POINT ( 'NONE', #927 ) ;
#323 = CARTESIAN_POINT ( 'NONE',  ( 3.250000000000000444, -4.250000000000000000, 4.000000000000000000 ) ) ;
#324 = FACE_OUTER_BOUND ( 'NONE', #1713, .T. ) ;
#325 = ADVANCED_FACE ( 'NONE', ( #49 ), #1454, .T. ) ;
#326 = ORIENTED_EDGE ( 'NONE', *, *, #944, .F. ) ;
#327 = EDGE_LOOP ( 'NONE', ( #1582, #1342, #283, #1408 ) ) ;
#328 = CARTESIAN_POINT ( 'NONE',  ( -6.250000000000000888, 3.061616997868381662E-16, 10.59999999999999787 ) ) ;
#329 = PRODUCT_DEFINITION ( 'UNKNOWN', '', #1204, #801 ) ;
#330 = VECTOR ( 'NONE', #1505, 1000.000000000000000 ) ;
#331 = DIRECTION ( 'NONE',  ( 0.000000000000000000, 0.000000000000000000, 1.000000000000000000 ) ) ;
#332 = LINE ( 'NONE', #1547, #169 ) ;
#333 = ORIENTED_EDGE ( 'NONE', *, *, #1005, .T. ) ;
#334 = ORIENTED_EDGE ( 'NONE', *, *, #1103, .F. ) ;
#335 = AXIS2_PLACEMENT_3D ( 'NONE', #992, #33, #1374 ) ;
#336 = DIRECTION ( 'NONE',  ( 1.000000000000000000, -0.000000000000000000, 0.000000000000000000 ) ) ;
#337 = CARTESIAN_POINT ( 'NONE',  ( 5.250000000000000888, -6.250000000000000888, 2.000000000000000000 ) ) ;
#338 = CYLINDRICAL_SURFACE ( 'NONE', #1685, 1.000000000000000000 ) ;
#339 = APPLICATION_PROTOCOL_DEFINITION ( 'draft international standard', 'automotive_design', 1998, #523 ) ;
#340 = CIRCLE ( 'NONE', #1624, 1.000000000000000000 ) ;
#341 = ORIENTED_EDGE ( 'NONE', *, *, #124, .F. ) ;
#342 = VECTOR ( 'NONE', #1158, 1000.000000000000000 ) ;
#343 = DIRECTION ( 'NONE',  ( 0.000000000000000000, 0.000000000000000000, 1.000000000000000000 ) ) ;
#344 = EDGE_CURVE ( 'NONE', #657, #850, #1063, .T. ) ;
#345 = SPHERICAL_SURFACE ( 'NONE', #226, 1.000000000000000000 ) ;
#346 = VECTOR ( 'NONE', #268, 1000.000000000000000 ) ;
#347 = DIRECTION ( 'NONE',  ( 0.000000000000000000, 1.000000000000000000, 0.000000000000000000 ) ) ;
#348 = CARTESIAN_POINT ( 'NONE',  ( 4.250000000000000888, 3.061616997868381662E-16, 10.59999999999999787 ) ) ;
#349 = EDGE_CURVE ( 'NONE', #1567, #750, #243, .T. ) ;
#350 = CARTESIAN_POINT ( 'NONE',  ( 3.250000000000000444, -4.250000000000000000, 3.000000000000000000 ) ) ;
#351 = ORIENTED_EDGE ( 'NONE', *, *, #276, .T. ) ;
#352 = VERTEX_POINT ( 'NONE', #807 ) ;
#353 = EDGE_CURVE ( 'NONE', #867, #841, #952, .T. ) ;
#354 = ORIENTED_EDGE ( 'NONE', *, *, #98, .T. ) ;
#355 = CARTESIAN_POINT ( 'NONE',  ( 5.250000000000000888, -5.250000000000000888, 4.000000000000000000 ) ) ;
#356 = DIRECTION ( 'NONE',  ( 0.000000000000000000, 1.000000000000000000, 0.000000000000000000 ) ) ;
#357 = CARTESIAN_POINT ( 'NONE',  ( 5.249999999999999112, 6.499999999999999112, 3.000000000000000000 ) ) ;
#358 = ORIENTED_EDGE ( 'NONE', *, *, #35, .T. ) ;
#359 = CIRCLE ( 'NONE', #56, 1.000000000000000000 ) ;
#360 = CARTESIAN_POINT ( 'NONE',  ( -5.250000000000000888, -4.250000000000000888, 11.00000000000000000 ) ) ;
#361 = CIRCLE ( 'NONE', #1340, 2.000000000000000000 ) ;
#362 = ORIENTED_EDGE ( 'NONE', *, *, #949, .F. ) ;
#363 = AXIS2_PLACEMENT_3D ( 'NONE', #91, #490, #1530 ) ;
#364 = FACE_OUTER_BOUND ( 'NONE', #472, .T. ) ;
#365 = DIRECTION ( 'NONE',  ( 0.000000000000000000, 0.000000000000000000, -1.000000000000000000 ) ) ;
#366 = CARTESIAN_POINT ( 'NONE',  ( -5.249999999999998224, -7.500000000000000000, 3.000000000000000000 ) ) ;
#367 = DIRECTION ( 'NONE',  ( 0.000000000000000000, 0.000000000000000000, 1.000000000000000000 ) ) ;
#368 = EDGE_CURVE ( 'NONE', #657, #580, #440, .T. ) ;
#369 = ORIENTED_EDGE ( 'NONE', *, *, #1187, .F. ) ;
#370 = DIRECTION ( 'NONE',  ( 0.000000000000000000, 0.000000000000000000, 1.000000000000000000 ) ) ;
#371 = ORIENTED_EDGE ( 'NONE', *, *, #94, .T. ) ;
#372 = ADVANCED_FACE ( 'NONE', ( #1224 ), #177, .T. ) ;
#373 = DIRECTION ( 'NONE',  ( 8.260587980841938780E-17, 1.000000000000000000, 0.000000000000000000 ) ) ;
#374 = DIRECTION ( 'NONE',  ( 1.000000000000000000, -0.000000000000000000, -0.000000000000000000 ) ) ;
#375 = AXIS2_PLACEMENT_3D ( 'NONE', #1475, #678, #405 ) ;
#376 = ORIENTED_EDGE ( 'NONE', *, *, #1337, .T. ) ;
#377 = FACE_OUTER_BOUND ( 'NONE', #1001, .T. ) ;
#378 = EDGE_CURVE ( 'NONE', #1242, #732, #60, .T. ) ;
#379 = DIRECTION ( 'NONE',  ( 0.000000000000000000, 0.000000000000000000, 1.000000000000000000 ) ) ;
#380 = ORIENTED_EDGE ( 'NONE', *, *, #1368, .T. ) ;
#381 = FACE_OUTER_BOUND ( 'NONE', #265, .T. ) ;
#382 = DIRECTION ( 'NONE',  ( 0.000000000000000000, -0.000000000000000000, -1.000000000000000000 ) ) ;
#383 = FACE_OUTER_BOUND ( 'NONE', #764, .T. ) ;
#384 = ADVANCED_FACE ( 'NONE', ( #1087 ), #1015, .T. ) ;
#385 = ORIENTED_EDGE ( 'NONE', *, *, #320, .T. ) ;
#386 = FACE_OUTER_BOUND ( 'NONE', #204, .T. ) ;
#387 = CARTESIAN_POINT ( 'NONE',  ( -5.250000000000000000, 4.250000000000000000, 3.000000000000000000 ) ) ;
#388 = CIRCLE ( 'NONE', #468, 1.000000000000000000 ) ;
#389 = EDGE_LOOP ( 'NONE', ( #334, #498, #284 ) ) ;
#390 = CARTESIAN_POINT ( 'NONE',  ( -5.249999999999999112, -4.250000000000000000, 11.00000000000000000 ) ) ;
#391 = CIRCLE ( 'NONE', #30, 1.000000000000000888 ) ;
#392 = CARTESIAN_POINT ( 'NONE',  ( 5.250000000000001776, -6.500000000000000000, 1.000000000000000000 ) ) ;
#393 = AXIS2_PLACEMENT_3D ( 'NONE', #830, #713, #1241 ) ;
#394 = VERTEX_POINT ( 'NONE', #577 ) ;
#395 = DIRECTION ( 'NONE',  ( 0.000000000000000000, 0.000000000000000000, -1.000000000000000000 ) ) ;
#396 = DIRECTION ( 'NONE',  ( 8.260587980841938780E-17, -1.000000000000000000, 0.000000000000000000 ) ) ;
#397 = DIRECTION ( 'NONE',  ( 0.000000000000000000, 0.000000000000000000, -1.000000000000000000 ) ) ;
#398 = LINE ( 'NONE', #241, #8 ) ;
#399 = DIRECTION ( 'NONE',  ( -1.000000000000000000, 8.260587980841938780E-17, 0.000000000000000000 ) ) ;
#400 = AXIS2_PLACEMENT_3D ( 'NONE', #1328, #1180, #1310 ) ;
#401 = EDGE_CURVE ( 'NONE', #797, #884, #3, .T. ) ;
#402 = CYLINDRICAL_SURFACE ( 'NONE', #1070, 1.000000000000000000 ) ;
#403 =( GEOMETRIC_REPRESENTATION_CONTEXT ( 3 ) GLOBAL_UNCERTAINTY_ASSIGNED_CONTEXT ( ( #904 ) ) GLOBAL_UNIT_ASSIGNED_CONTEXT ( ( #282, #837, #1225 ) ) REPRESENTATION_CONTEXT ( 'NONE', 'WORKASPACE' ) );
#404 = ORIENTED_EDGE ( 'NONE', *, *, #1203, .T. ) ;
#405 = DIRECTION ( 'NONE',  ( 0.000000000000000000, 0.000000000000000000, -1.000000000000000000 ) ) ;
#406 = CARTESIAN_POINT ( 'NONE',  ( -5.249999999999998224, -7.500000000000000000, 2.000000000000000000 ) ) ;
#407 = DIRECTION ( 'NONE',  ( 0.000000000000000000, 0.000000000000000000, 1.000000000000000000 ) ) ;
#408 = ADVANCED_FACE ( 'NONE', ( #586 ), #315, .F. ) ;
#409 = CARTESIAN_POINT ( 'NONE',  ( 5.250000000000000888, -4.250000000000000888, 12.00000000000000000 ) ) ;
#410 = CIRCLE ( 'NONE', #375, 2.499999999999998668 ) ;
#411 = ORIENTED_EDGE ( 'NONE', *, *, #1098, .F. ) ;
#412 = EDGE_CURVE ( 'NONE', #1261, #890, #585, .T. ) ;
#413 = CARTESIAN_POINT ( 'NONE',  ( 5.249999999999999112, 6.499999999999999112, 2.000000000000000000 ) ) ;
#414 = VERTEX_POINT ( 'NONE', #1136 ) ;
#415 = DIRECTION ( 'NONE',  ( -1.000000000000000000, -1.734723475976806848E-16, 0.000000000000000000 ) ) ;
#416 = DIRECTION ( 'NONE',  ( 1.000000000000000000, 0.000000000000000000, 0.000000000000000000 ) ) ;
#417 = DIRECTION ( 'NONE',  ( -1.734723475976806848E-16, 1.000000000000000000, -0.000000000000000000 ) ) ;
#418 = ORIENTED_EDGE ( 'NONE', *, *, #969, .F. ) ;
#419 = AXIS2_PLACEMENT_3D ( 'NONE', #1058, #967, #1333 ) ;
#420 = VERTEX_POINT ( 'NONE', #1545 ) ;
#421 = CARTESIAN_POINT ( 'NONE',  ( 5.249999999999999112, 7.499999999999999112, 11.00000000000000000 ) ) ;
#422 = AXIS2_PLACEMENT_3D ( 'NONE', #24, #555, #379 ) ;
#423 = CARTESIAN_POINT ( 'NONE',  ( -6.250000000000000888, 7.499999999999999112, 3.000000000000000000 ) ) ;
#424 = DIRECTION ( 'NONE',  ( -0.000000000000000000, 0.000000000000000000, 1.000000000000000000 ) ) ;
#425 = EDGE_CURVE ( 'NONE', #1657, #864, #873, .T. ) ;
#426 = DIRECTION ( 'NONE',  ( 1.734723475976806848E-16, -1.000000000000000000, -0.000000000000000000 ) ) ;
#427 = ADVANCED_FACE ( 'NONE', ( #618 ), #743, .T. ) ;
#428 = ORIENTED_EDGE ( 'NONE', *, *, #1635, .T. ) ;
#429 = AXIS2_PLACEMENT_3D ( 'NONE', #413, #1049, #258 ) ;
#430 = CARTESIAN_POINT ( 'NONE',  ( -5.249999999999998224, -6.500000000000000000, 2.000000000000000000 ) ) ;
#431 = DIRECTION ( 'NONE',  ( 1.000000000000000000, -0.000000000000000000, -0.000000000000000000 ) ) ;
#432 = LINE ( 'NONE', #1363, #1309 ) ;
#433 = CARTESIAN_POINT ( 'NONE',  ( 5.250000000000000888, -4.250000000000000888, 11.00000000000000000 ) ) ;
#434 = DIRECTION ( 'NONE',  ( -8.673617379884035472E-16, 0.000000000000000000, -1.000000000000000000 ) ) ;
#435 = ADVANCED_FACE ( 'NONE', ( #1284 ), #1529, .T. ) ;
#436 = ORIENTED_EDGE ( 'NONE', *, *, #996, .T. ) ;
#437 = CARTESIAN_POINT ( 'NONE',  ( 5.249999999999999112, -5.250000000000000000, 12.00000000000000000 ) ) ;
#438 = CARTESIAN_POINT ( 'NONE',  ( -6.250000000000000000, 4.250000000000000000, 4.000000000000000000 ) ) ;
#439 = CARTESIAN_POINT ( 'NONE',  ( 5.250000000000000000, 5.250000000000000000, 4.000000000000000000 ) ) ;
#440 = LINE ( 'NONE', #674, #1112 ) ;
#441 = DIRECTION ( 'NONE',  ( 1.000000000000000000, 0.000000000000000000, -8.673617379884035472E-16 ) ) ;
#442 = VERTEX_POINT ( 'NONE', #1149 ) ;
#443 = AXIS2_PLACEMENT_3D ( 'NONE', #665, #522, #799 ) ;
#444 = ORIENTED_EDGE ( 'NONE', *, *, #1608, .T. ) ;
#445 = DIRECTION ( 'NONE',  ( 0.000000000000000000, 0.000000000000000000, -1.000000000000000000 ) ) ;
#446 = AXIS2_PLACEMENT_3D ( 'NONE', #857, #737, #331 ) ;
#447 = CARTESIAN_POINT ( 'NONE',  ( 5.250000000000000000, 4.250000000000000000, 12.00000000000000000 ) ) ;
#448 = ADVANCED_FACE ( 'NONE', ( #463 ), #469, .T. ) ;
#449 = CARTESIAN_POINT ( 'NONE',  ( 5.249999999999998224, 6.499999999999999112, 2.000000000000000000 ) ) ;
#450 = VERTEX_POINT ( 'NONE', #1661 ) ;
#451 = EDGE_LOOP ( 'NONE', ( #1139, #1091, #892 ) ) ;
#452 = EDGE_CURVE ( 'NONE', #1650, #1596, #1007, .T. ) ;
#453 = CARTESIAN_POINT ( 'NONE',  ( -5.250000000000001776, 5.250000000000000000, 12.00000000000000000 ) ) ;
#454 = AXIS2_PLACEMENT_3D ( 'NONE', #1130, #742, #467 ) ;
#455 = CARTESIAN_POINT ( 'NONE',  ( 5.249999999999999112, 6.499999999999999112, 0.000000000000000000 ) ) ;
#456 = PRESENTATION_STYLE_ASSIGNMENT (( #1346 ) ) ;
#457 = FACE_OUTER_BOUND ( 'NONE', #1449, .T. ) ;
#458 = ORIENTED_EDGE ( 'NONE', *, *, #1611, .T. ) ;
#459 = ORIENTED_EDGE ( 'NONE', *, *, #1466, .T. ) ;
#460 = EDGE_CURVE ( 'NONE', #850, #939, #81, .T. ) ;
#461 = AXIS2_PLACEMENT_3D ( 'NONE', #470, #1432, #110 ) ;
#462 = CARTESIAN_POINT ( 'NONE',  ( -6.250000000000000888, 0.000000000000000000, 5.600000000000000533 ) ) ;
#463 = FACE_OUTER_BOUND ( 'NONE', #1323, .T. ) ;
#464 = DIRECTION ( 'NONE',  ( 1.000000000000000000, 8.260587980841937547E-17, 0.000000000000000000 ) ) ;
#465 = ORIENTED_EDGE ( 'NONE', *, *, #320, .F. ) ;
#466 = ORIENTED_EDGE ( 'NONE', *, *, #1463, .T. ) ;
#467 = DIRECTION ( 'NONE',  ( 0.000000000000000000, 0.000000000000000000, -1.000000000000000000 ) ) ;
#468 = AXIS2_PLACEMENT_3D ( 'NONE', #1313, #119, #370 ) ;
#469 = CYLINDRICAL_SURFACE ( 'NONE', #1201, 1.000000000000000000 ) ;
#470 = CARTESIAN_POINT ( 'NONE',  ( 5.249999999999999112, 6.499999999999999112, 1.000000000000000000 ) ) ;
#471 = DIRECTION ( 'NONE',  ( -1.000000000000000000, 0.000000000000000000, 0.000000000000000000 ) ) ;
#472 = EDGE_LOOP ( 'NONE', ( #371, #661, #1109 ) ) ;
#473 = ORIENTED_EDGE ( 'NONE', *, *, #885, .T. ) ;
#474 = EDGE_CURVE ( 'NONE', #525, #95, #305, .T. ) ;
#475 = EDGE_CURVE ( 'NONE', #25, #1275, #85, .T. ) ;
#476 = CARTESIAN_POINT ( 'NONE',  ( 5.250000000000000888, -5.250000000000000888, 3.000000000000000000 ) ) ;
#477 = DIRECTION ( 'NONE',  ( -1.000000000000000000, -1.734723475976806848E-16, 0.000000000000000000 ) ) ;
#478 = PLANE ( 'NONE',  #628 ) ;
#479 = CARTESIAN_POINT ( 'NONE',  ( 5.249999999999998224, 7.499999999999999112, 1.000000000000000000 ) ) ;
#480 = EDGE_CURVE ( 'NONE', #1399, #1113, #361, .T. ) ;
#481 = AXIS2_PLACEMENT_3D ( 'NONE', #1199, #15, #7 ) ;
#482 = ORIENTED_EDGE ( 'NONE', *, *, #1463, .F. ) ;
#483 = ORIENTED_EDGE ( 'NONE', *, *, #254, .T. ) ;
#484 = VECTOR ( 'NONE', #365, 1000.000000000000000 ) ;
#485 = VERTEX_POINT ( 'NONE', #721 ) ;
#486 = DIRECTION ( 'NONE',  ( -1.000000000000000000, 0.000000000000000000, 0.000000000000000000 ) ) ;
#487 = AXIS2_PLACEMENT_3D ( 'NONE', #964, #143, #1353 ) ;
#488 = DIRECTION ( 'NONE',  ( -0.000000000000000000, 0.000000000000000000, 1.000000000000000000 ) ) ;
#489 = DIRECTION ( 'NONE',  ( 0.000000000000000000, 1.000000000000000000, 0.000000000000000000 ) ) ;
#490 = DIRECTION ( 'NONE',  ( 0.000000000000000000, 0.000000000000000000, 1.000000000000000000 ) ) ;
#491 = EDGE_CURVE ( 'NONE', #634, #322, #57, .T. ) ;
#492 = ORIENTED_EDGE ( 'NONE', *, *, #1410, .F. ) ;
#493 = DIRECTION ( 'NONE',  ( 1.000000000000000000, 8.673617379884035472E-16, 0.000000000000000000 ) ) ;
#494 = ORIENTED_EDGE ( 'NONE', *, *, #172, .T. ) ;
#495 = DIRECTION ( 'NONE',  ( 0.000000000000000000, 1.000000000000000000, -0.000000000000000000 ) ) ;
#496 = CARTESIAN_POINT ( 'NONE',  ( 4.250000000000000888, 4.250000000000000000, 12.00000000000000000 ) ) ;
#497 = FACE_OUTER_BOUND ( 'NONE', #1305, .T. ) ;
#498 = ORIENTED_EDGE ( 'NONE', *, *, #562, .F. ) ;
#499 = TOROIDAL_SURFACE ( 'NONE', #1560, 2.000000000000000000, 1.000000000000000000 ) ;
#500 = VERTEX_POINT ( 'NONE', #455 ) ;
#501 = EDGE_CURVE ( 'NONE', #290, #352, #1509, .T. ) ;
#502 = AXIS2_PLACEMENT_3D ( 'NONE', #1258, #184, #213 ) ;
#503 = ORIENTED_EDGE ( 'NONE', *, *, #1297, .T. ) ;
#504 = AXIS2_PLACEMENT_3D ( 'NONE', #1358, #838, #1525 ) ;
#505 = SPHERICAL_SURFACE ( 'NONE', #962, 1.000000000000000000 ) ;
#506 = ADVANCED_FACE ( 'NONE', ( #324 ), #669, .T. ) ;
#507 = LINE ( 'NONE', #116, #149 ) ;
#508 = DIRECTION ( 'NONE',  ( -0.000000000000000000, -0.000000000000000000, 1.000000000000000000 ) ) ;
#509 = VERTEX_POINT ( 'NONE', #1390 ) ;
#510 = DIRECTION ( 'NONE',  ( -1.734723475976805517E-15, 0.000000000000000000, 1.000000000000000000 ) ) ;
#511 = CIRCLE ( 'NONE', #825, 2.000000000000000000 ) ;
#512 = ORIENTED_EDGE ( 'NONE', *, *, #1088, .T. ) ;
#513 = VECTOR ( 'NONE', #1404, 1000.000000000000000 ) ;
#514 = PRODUCT ( 'V2 Hinge', 'V2 Hinge', '', ( #83 ) ) ;
#515 = ORIENTED_EDGE ( 'NONE', *, *, #412, .T. ) ;
#516 = DIRECTION ( 'NONE',  ( -0.000000000000000000, -0.000000000000000000, -1.000000000000000000 ) ) ;
#517 = DIRECTION ( 'NONE',  ( 1.000000000000000000, 0.000000000000000000, 0.000000000000000000 ) ) ;
#518 = VECTOR ( 'NONE', #303, 1000.000000000000000 ) ;
#519 = ORIENTED_EDGE ( 'NONE', *, *, #452, .F. ) ;
#520 = CARTESIAN_POINT ( 'NONE',  ( 6.249999999999999112, 6.499999999999999112, 2.000000000000000000 ) ) ;
#521 = ORIENTED_EDGE ( 'NONE', *, *, #1005, .F. ) ;
#522 = DIRECTION ( 'NONE',  ( -0.000000000000000000, 0.000000000000000000, -1.000000000000000000 ) ) ;
#523 = APPLICATION_CONTEXT ( 'automotive_design' ) ;
#524 = DIRECTION ( 'NONE',  ( 0.000000000000000000, -1.000000000000000000, 0.000000000000000000 ) ) ;
#525 = VERTEX_POINT ( 'NONE', #779 ) ;
#526 = DIRECTION ( 'NONE',  ( 1.000000000000000000, -0.000000000000000000, -0.000000000000000000 ) ) ;
#527 = DIRECTION ( 'NONE',  ( -0.000000000000000000, 0.000000000000000000, 1.000000000000000000 ) ) ;
#528 = ORIENTED_EDGE ( 'NONE', *, *, #72, .F. ) ;
#529 = DIRECTION ( 'NONE',  ( 0.000000000000000000, 1.000000000000000000, 0.000000000000000000 ) ) ;
#530 = ADVANCED_FACE ( 'NONE', ( #921 ), #249, .T. ) ;
#531 = CARTESIAN_POINT ( 'NONE',  ( -5.250000000000000888, 7.499999999999999112, 1.000000000000000000 ) ) ;
#532 = VECTOR ( 'NONE', #192, 1000.000000000000000 ) ;
#533 = CARTESIAN_POINT ( 'NONE',  ( 5.249999999999999112, 6.250000000000000000, 2.000000000000000000 ) ) ;
#534 = AXIS2_PLACEMENT_3D ( 'NONE', #1664, #1398, #1017 ) ;
#535 = EDGE_CURVE ( 'NONE', #195, #1261, #1292, .T. ) ;
#536 = EDGE_LOOP ( 'NONE', ( #1666, #839, #219, #1027 ) ) ;
#537 = CARTESIAN_POINT ( 'NONE',  ( -5.249999999999998224, -6.500000000000000000, 1.000000000000000000 ) ) ;
#538 = CARTESIAN_POINT ( 'NONE',  ( -5.250000000000000888, 6.499999999999999112, 2.000000000000000000 ) ) ;
#539 = CARTESIAN_POINT ( 'NONE',  ( 6.249999999999999112, 7.499999999999999112, 1.000000000000000000 ) ) ;
#540 = ORIENTED_EDGE ( 'NONE', *, *, #1635, .F. ) ;
#541 = CIRCLE ( 'NONE', #1319, 1.000000000000000888 ) ;
#542 = DIRECTION ( 'NONE',  ( 0.000000000000000000, 0.000000000000000000, -1.000000000000000000 ) ) ;
#543 = ORIENTED_EDGE ( 'NONE', *, *, #139, .F. ) ;
#544 = CARTESIAN_POINT ( 'NONE',  ( 5.250000000000000000, 4.250000000000000000, 4.000000000000000000 ) ) ;
#545 = LINE ( 'NONE', #1190, #912 ) ;
#546 = FACE_OUTER_BOUND ( 'NONE', #171, .T. ) ;
#547 = CIRCLE ( 'NONE', #690, 2.000000000000000000 ) ;
#548 = CARTESIAN_POINT ( 'NONE',  ( -5.249999999999998224, -6.500000000000000000, 2.000000000000000000 ) ) ;
#549 = ORIENTED_EDGE ( 'NONE', *, *, #562, .T. ) ;
#550 = EDGE_CURVE ( 'NONE', #1057, #195, #1676, .T. ) ;
#551 = DIRECTION ( 'NONE',  ( 0.000000000000000000, 0.000000000000000000, -1.000000000000000000 ) ) ;
#552 = DIRECTION ( 'NONE',  ( -1.734723475976806848E-16, 1.000000000000000000, 0.000000000000000000 ) ) ;
#553 = LINE ( 'NONE', #1210, #1534 ) ;
#554 = LINE ( 'NONE', #288, #625 ) ;
#555 = DIRECTION ( 'NONE',  ( 1.000000000000000000, -0.000000000000000000, -0.000000000000000000 ) ) ;
#556 = EDGE_CURVE ( 'NONE', #1387, #25, #507, .T. ) ;
#557 = ORIENTED_EDGE ( 'NONE', *, *, #800, .F. ) ;
#558 = ORIENTED_EDGE ( 'NONE', *, *, #603, .F. ) ;
#559 = CARTESIAN_POINT ( 'NONE',  ( -5.249999999999999112, -6.250000000000000888, 4.000000000000000000 ) ) ;
#560 = AXIS2_PLACEMENT_3D ( 'NONE', #1162, #1000, #367 ) ;
#561 = DIRECTION ( 'NONE',  ( 0.000000000000000000, 0.000000000000000000, -1.000000000000000000 ) ) ;
#562 = EDGE_CURVE ( 'NONE', #485, #634, #1570, .T. ) ;
#563 = DIRECTION ( 'NONE',  ( 0.000000000000000000, -0.000000000000000000, -1.000000000000000000 ) ) ;
#564 = AXIS2_PLACEMENT_3D ( 'NONE', #1246, #431, #561 ) ;
#565 = EDGE_LOOP ( 'NONE', ( #826, #519, #685, #312 ) ) ;
#566 = EDGE_CURVE ( 'NONE', #1163, #797, #791, .T. ) ;
#567 = AXIS2_PLACEMENT_3D ( 'NONE', #199, #627, #886 ) ;
#568 = CARTESIAN_POINT ( 'NONE',  ( 6.250000000000001776, -6.500000000000000000, 2.000000000000000000 ) ) ;
#569 = CARTESIAN_POINT ( 'NONE',  ( -5.250000000000000000, 4.250000000000000000, 4.000000000000000000 ) ) ;
#570 = CARTESIAN_POINT ( 'NONE',  ( -5.250000000000000000, -4.250000000000000888, 11.00000000000000000 ) ) ;
#571 = FACE_OUTER_BOUND ( 'NONE', #623, .T. ) ;
#572 = DIRECTION ( 'NONE',  ( 0.000000000000000000, 0.000000000000000000, -1.000000000000000000 ) ) ;
#573 = ORIENTED_EDGE ( 'NONE', *, *, #1175, .F. ) ;
#574 = CIRCLE ( 'NONE', #1548, 1.000000000000000000 ) ;
#575 = EDGE_LOOP ( 'NONE', ( #557, #1493, #232 ) ) ;
#576 = CARTESIAN_POINT ( 'NONE',  ( 5.250000000000000888, 4.250000000000000000, 4.000000000000000000 ) ) ;
#577 = CARTESIAN_POINT ( 'NONE',  ( -5.250000000000000888, 6.499999999999999112, 0.000000000000000000 ) ) ;
#578 = SURFACE_SIDE_STYLE ('',( #587 ) ) ;
#579 = DIRECTION ( 'NONE',  ( 1.000000000000000000, 0.000000000000000000, 0.000000000000000000 ) ) ;
#580 = VERTEX_POINT ( 'NONE', #1459 ) ;
#581 = EDGE_CURVE ( 'NONE', #1399, #1286, #1574, .T. ) ;
#582 = CIRCLE ( 'NONE', #1667, 1.000000000000000888 ) ;
#583 = ORIENTED_EDGE ( 'NONE', *, *, #1277, .F. ) ;
#584 = DIRECTION ( 'NONE',  ( -1.000000000000000000, -8.260587980841938780E-17, 0.000000000000000000 ) ) ;
#585 = CIRCLE ( 'NONE', #1698, 1.000000000000000000 ) ;
#586 = FACE_OUTER_BOUND ( 'NONE', #677, .T. ) ;
#587 = SURFACE_STYLE_FILL_AREA ( #50 ) ;
#588 = DIRECTION ( 'NONE',  ( -0.000000000000000000, -0.000000000000000000, 1.000000000000000000 ) ) ;
#589 = VECTOR ( 'NONE', #426, 1000.000000000000000 ) ;
#590 = ORIENTED_EDGE ( 'NONE', *, *, #842, .T. ) ;
#591 = CARTESIAN_POINT ( 'NONE',  ( -5.249999999999999112, -6.500000000000000000, 2.000000000000000000 ) ) ;
#592 = AXIS2_PLACEMENT_3D ( 'NONE', #856, #1380, #165 ) ;
#593 = DIRECTION ( 'NONE',  ( -1.000000000000000000, 0.000000000000000000, 0.000000000000000000 ) ) ;
#594 = DIRECTION ( 'NONE',  ( -0.000000000000000000, -0.000000000000000000, 1.000000000000000000 ) ) ;
#595 = ORIENTED_EDGE ( 'NONE', *, *, #696, .F. ) ;
#596 = AXIS2_PLACEMENT_3D ( 'NONE', #544, #294, #1371 ) ;
#597 = CARTESIAN_POINT ( 'NONE',  ( -6.249999999999998224, -6.500000000000000000, 3.000000000000000000 ) ) ;
#598 = ADVANCED_FACE ( 'NONE', ( #913 ), #109, .F. ) ;
#599 = CARTESIAN_POINT ( 'NONE',  ( -6.250000000000000888, 0.000000000000000000, 8.099999999999999645 ) ) ;
#600 = LINE ( 'NONE', #1137, #1352 ) ;
#601 = VERTEX_POINT ( 'NONE', #228 ) ;
#602 = EDGE_LOOP ( 'NONE', ( #310, #411 ) ) ;
#603 = EDGE_CURVE ( 'NONE', #890, #1218, #647, .T. ) ;
#604 = AXIS2_PLACEMENT_3D ( 'NONE', #631, #382, #1302 ) ;
#605 = DIRECTION ( 'NONE',  ( 0.000000000000000000, 1.000000000000000000, 0.000000000000000000 ) ) ;
#606 = AXIS2_PLACEMENT_3D ( 'NONE', #1012, #343, #1021 ) ;
#607 = AXIS2_PLACEMENT_3D ( 'NONE', #1373, #1632, #137 ) ;
#608 = DIRECTION ( 'NONE',  ( 0.000000000000000000, 0.000000000000000000, -1.000000000000000000 ) ) ;
#609 = CARTESIAN_POINT ( 'NONE',  ( -5.249999999999999112, -4.250000000000000000, 11.00000000000000000 ) ) ;
#610 = ADVANCED_FACE ( 'NONE', ( #237 ), #1553, .T. ) ;
#611 = CYLINDRICAL_SURFACE ( 'NONE', #280, 1.000000000000000000 ) ;
#612 = ORIENTED_EDGE ( 'NONE', *, *, #1124, .F. ) ;
#613 = ORIENTED_EDGE ( 'NONE', *, *, #1659, .F. ) ;
#614 = EDGE_LOOP ( 'NONE', ( #267, #809, #1386, #1444 ) ) ;
#615 = CARTESIAN_POINT ( 'NONE',  ( -5.250000000000000888, 4.250000000000000000, 12.00000000000000000 ) ) ;
#616 = LINE ( 'NONE', #597, #1212 ) ;
#617 = ORIENTED_EDGE ( 'NONE', *, *, #460, .F. ) ;
#618 = FACE_OUTER_BOUND ( 'NONE', #130, .T. ) ;
#619 = DIRECTION ( 'NONE',  ( 1.000000000000000000, -0.000000000000000000, 0.000000000000000000 ) ) ;
#620 = CARTESIAN_POINT ( 'NONE',  ( 5.250000000000001776, -6.500000000000000000, 1.000000000000000000 ) ) ;
#621 = CIRCLE ( 'NONE', #1599, 1.000000000000000000 ) ;
#622 = CIRCLE ( 'NONE', #70, 1.000000000000000000 ) ;
#623 = EDGE_LOOP ( 'NONE', ( #255, #326, #92, #775 ) ) ;
#624 = DIRECTION ( 'NONE',  ( 0.000000000000000000, 0.000000000000000000, -1.000000000000000000 ) ) ;
#625 = VECTOR ( 'NONE', #829, 1000.000000000000000 ) ;
#626 = ORIENTED_EDGE ( 'NONE', *, *, #1621, .F. ) ;
#627 = DIRECTION ( 'NONE',  ( 1.000000000000000000, 0.000000000000000000, 0.000000000000000000 ) ) ;
#628 = AXIS2_PLACEMENT_3D ( 'NONE', #1303, #489, #1691 ) ;
#629 = EDGE_CURVE ( 'NONE', #414, #732, #1144, .T. ) ;
#630 = ORIENTED_EDGE ( 'NONE', *, *, #349, .T. ) ;
#631 = CARTESIAN_POINT ( 'NONE',  ( 5.250000000000000888, -4.250000000000000888, 11.00000000000000000 ) ) ;
#632 = DIRECTION ( 'NONE',  ( -8.673617379884035472E-16, 0.000000000000000000, 1.000000000000000000 ) ) ;
#633 = SPHERICAL_SURFACE ( 'NONE', #560, 1.000000000000000000 ) ;
#634 = VERTEX_POINT ( 'NONE', #896 ) ;
#635 = DIRECTION ( 'NONE',  ( -8.673617379884027583E-16, 0.000000000000000000, 1.000000000000000000 ) ) ;
#636 = VERTEX_POINT ( 'NONE', #658 ) ;
#637 = EDGE_CURVE ( 'NONE', #1218, #864, #621, .T. ) ;
#638 = DIRECTION ( 'NONE',  ( -1.734723475976806848E-16, 1.000000000000000000, -0.000000000000000000 ) ) ;
#639 = ORIENTED_EDGE ( 'NONE', *, *, #566, .T. ) ;
#640 = DIRECTION ( 'NONE',  ( 0.000000000000000000, 0.000000000000000000, -1.000000000000000000 ) ) ;
#641 = DIRECTION ( 'NONE',  ( -8.673617379884034486E-16, -1.000000000000000000, 0.000000000000000000 ) ) ;
#642 = ORIENTED_EDGE ( 'NONE', *, *, #1410, .T. ) ;
#643 = AXIS2_PLACEMENT_3D ( 'NONE', #433, #918, #298 ) ;
#644 = DIRECTION ( 'NONE',  ( 0.000000000000000000, 1.000000000000000000, 0.000000000000000000 ) ) ;
#645 = EDGE_LOOP ( 'NONE', ( #1260, #1051, #1696, #69 ) ) ;
#646 = AXIS2_PLACEMENT_3D ( 'NONE', #1119, #730, #1259 ) ;
#647 = LINE ( 'NONE', #496, #484 ) ;
#648 = DIRECTION ( 'NONE',  ( 0.000000000000000000, 1.000000000000000000, -0.000000000000000000 ) ) ;
#649 = EDGE_LOOP ( 'NONE', ( #1084, #1207, #369, #1298 ) ) ;
#650 = DIRECTION ( 'NONE',  ( 0.000000000000000000, -1.000000000000000000, 0.000000000000000000 ) ) ;
#651 = AXIS2_PLACEMENT_3D ( 'NONE', #1486, #659, #1718 ) ;
#652 = ORIENTED_EDGE ( 'NONE', *, *, #198, .T. ) ;
#653 = AXIS2_PLACEMENT_3D ( 'NONE', #392, #945, #1072 ) ;
#654 = CYLINDRICAL_SURFACE ( 'NONE', #749, 1.000000000000000000 ) ;
#655 = DIRECTION ( 'NONE',  ( 0.000000000000000000, 0.000000000000000000, -1.000000000000000000 ) ) ;
#656 = UNCERTAINTY_MEASURE_WITH_UNIT (LENGTH_MEASURE( 1.000000000000000082E-05 ), #215, 'distance_accuracy_value', 'NONE');
#657 = VERTEX_POINT ( 'NONE', #1431 ) ;
#658 = CARTESIAN_POINT ( 'NONE',  ( -6.249999999999998224, -6.250000000000000000, 2.000000000000000000 ) ) ;
#659 = DIRECTION ( 'NONE',  ( -0.000000000000000000, -1.000000000000000000, -0.000000000000000000 ) ) ;
#660 = ADVANCED_FACE ( 'NONE', ( #1422, #771 ), #100, .T. ) ;
#661 = ORIENTED_EDGE ( 'NONE', *, *, #1026, .T. ) ;
#662 = DIRECTION ( 'NONE',  ( 0.000000000000000000, 1.000000000000000000, 0.000000000000000000 ) ) ;
#663 = DIRECTION ( 'NONE',  ( -1.000000000000000000, 0.000000000000000000, 0.000000000000000000 ) ) ;
#664 = EDGE_LOOP ( 'NONE', ( #1441, #1030, #248, #891 ) ) ;
#665 = CARTESIAN_POINT ( 'NONE',  ( -5.249999999999998224, -6.500000000000000000, 3.000000000000000000 ) ) ;
#666 = EDGE_CURVE ( 'NONE', #746, #290, #1555, .T. ) ;
#667 = CYLINDRICAL_SURFACE ( 'NONE', #97, 1.000000000000000000 ) ;
#668 = ORIENTED_EDGE ( 'NONE', *, *, #1118, .F. ) ;
#669 = SPHERICAL_SURFACE ( 'NONE', #1169, 1.000000000000000000 ) ;
#670 = DIRECTION ( 'NONE',  ( -0.000000000000000000, -0.000000000000000000, 1.000000000000000000 ) ) ;
#671 = LINE ( 'NONE', #1217, #1033 ) ;
#672 = CIRCLE ( 'NONE', #643, 1.000000000000000888 ) ;
#673 = EDGE_LOOP ( 'NONE', ( #1492, #540, #1456, #790 ) ) ;
#674 = CARTESIAN_POINT ( 'NONE',  ( -6.250000000000000888, 0.000000000000000000, 5.600000000000000533 ) ) ;
#675 = AXIS2_PLACEMENT_3D ( 'NONE', #337, #880, #89 ) ;
#676 = DIRECTION ( 'NONE',  ( 1.734723475976806848E-16, -1.000000000000000000, 0.000000000000000000 ) ) ;
#677 = EDGE_LOOP ( 'NONE', ( #1229, #1173, #260, #756 ) ) ;
#678 = DIRECTION ( 'NONE',  ( 1.000000000000000000, 0.000000000000000000, 0.000000000000000000 ) ) ;
#679 = CARTESIAN_POINT ( 'NONE',  ( 5.249999999999999112, 6.250000000000000000, 3.000000000000000000 ) ) ;
#680 = PLANE ( 'NONE',  #191 ) ;
#681 = DIRECTION ( 'NONE',  ( -1.000000000000000000, 8.673617379884034486E-16, 0.000000000000000000 ) ) ;
#682 = EDGE_CURVE ( 'NONE', #963, #601, #811, .T. ) ;
#683 = VECTOR ( 'NONE', #488, 1000.000000000000000 ) ;
#684 = VECTOR ( 'NONE', #336, 1000.000000000000000 ) ;
#685 = ORIENTED_EDGE ( 'NONE', *, *, #98, .F. ) ;
#686 = DIRECTION ( 'NONE',  ( -1.000000000000000000, 0.000000000000000000, 0.000000000000000000 ) ) ;
#687 = CARTESIAN_POINT ( 'NONE',  ( 5.250000000000000888, 4.250000000000000000, 4.000000000000000000 ) ) ;
#688 = EDGE_CURVE ( 'NONE', #758, #1002, #705, .T. ) ;
#689 = CARTESIAN_POINT ( 'NONE',  ( -5.250000000000000000, 5.250000000000000000, 12.00000000000000000 ) ) ;
#690 = AXIS2_PLACEMENT_3D ( 'NONE', #1273, #101, #238 ) ;
#691 = ADVANCED_FACE ( 'NONE', ( #941 ), #277, .T. ) ;
#692 = VERTEX_POINT ( 'NONE', #1343 ) ;
#693 = CARTESIAN_POINT ( 'NONE',  ( 6.250000000000000888, -4.250000000000000888, 4.000000000000000000 ) ) ;
#694 = DIRECTION ( 'NONE',  ( -1.734723475976806848E-16, 1.000000000000000000, -0.000000000000000000 ) ) ;
#695 = DIRECTION ( 'NONE',  ( -0.000000000000000000, 0.000000000000000000, 1.000000000000000000 ) ) ;
#696 = EDGE_CURVE ( 'NONE', #442, #195, #1240, .T. ) ;
#697 = AXIS2_PLACEMENT_3D ( 'NONE', #1557, #397, #1711 ) ;
#698 = ORIENTED_EDGE ( 'NONE', *, *, #301, .T. ) ;
#699 = DIRECTION ( 'NONE',  ( -0.000000000000000000, -1.000000000000000000, -0.000000000000000000 ) ) ;
#700 = CIRCLE ( 'NONE', #1700, 1.000000000000000000 ) ;
#701 = DIRECTION ( 'NONE',  ( -1.000000000000000000, 0.000000000000000000, -0.000000000000000000 ) ) ;
#702 = DIRECTION ( 'NONE',  ( -1.000000000000000000, -1.734723475976806848E-16, 0.000000000000000000 ) ) ;
#703 = DIRECTION ( 'NONE',  ( 0.000000000000000000, 0.000000000000000000, -1.000000000000000000 ) ) ;
#704 = CYLINDRICAL_SURFACE ( 'NONE', #1481, 1.000000000000000000 ) ;
#705 = CIRCLE ( 'NONE', #1117, 1.000000000000000000 ) ;
#706 = ORIENTED_EDGE ( 'NONE', *, *, #412, .F. ) ;
#707 = AXIS2_PLACEMENT_3D ( 'NONE', #1189, #1170, #1564 ) ;
#708 = CIRCLE ( 'NONE', #1543, 1.000000000000000000 ) ;
#709 = DIRECTION ( 'NONE',  ( 1.000000000000000000, -0.000000000000000000, 0.000000000000000000 ) ) ;
#710 = CARTESIAN_POINT ( 'NONE',  ( -5.250000000000000888, 4.250000000000000000, 4.000000000000000000 ) ) ;
#711 = EDGE_CURVE ( 'NONE', #920, #1002, #831, .T. ) ;
#712 = DIRECTION ( 'NONE',  ( -0.000000000000000000, 0.000000000000000000, 1.000000000000000000 ) ) ;
#713 = DIRECTION ( 'NONE',  ( 8.260587980841938780E-17, -1.000000000000000000, 0.000000000000000000 ) ) ;
#714 = ORIENTED_EDGE ( 'NONE', *, *, #817, .T. ) ;
#715 = ORIENTED_EDGE ( 'NONE', *, *, #1078, .F. ) ;
#716 = AXIS2_PLACEMENT_3D ( 'NONE', #1494, #699, #1230 ) ;
#717 = EDGE_CURVE ( 'NONE', #1307, #1113, #947, .T. ) ;
#718 = ORIENTED_EDGE ( 'NONE', *, *, #788, .F. ) ;
#719 = DIRECTION ( 'NONE',  ( 0.000000000000000000, 0.000000000000000000, 1.000000000000000000 ) ) ;
#720 = EDGE_CURVE ( 'NONE', #883, #601, #1613, .T. ) ;
#721 = CARTESIAN_POINT ( 'NONE',  ( -5.250000000000000888, 5.250000000000000000, 11.00000000000000000 ) ) ;
#722 = DIRECTION ( 'NONE',  ( 0.000000000000000000, 0.000000000000000000, -1.000000000000000000 ) ) ;
#723 = ORIENTED_EDGE ( 'NONE', *, *, #5, .F. ) ;
#724 = ORIENTED_EDGE ( 'NONE', *, *, #629, .T. ) ;
#725 = AXIS2_PLACEMENT_3D ( 'NONE', #765, #529, #1594 ) ;
#726 = LINE ( 'NONE', #453, #1542 ) ;
#727 = AXIS2_PLACEMENT_3D ( 'NONE', #991, #1126, #1524 ) ;
#728 = VECTOR ( 'NONE', #722, 1000.000000000000000 ) ;
#729 = DIRECTION ( 'NONE',  ( 1.000000000000000000, 0.000000000000000000, 0.000000000000000000 ) ) ;
#730 = DIRECTION ( 'NONE',  ( -0.000000000000000000, -0.000000000000000000, -1.000000000000000000 ) ) ;
#731 = ORIENTED_EDGE ( 'NONE', *, *, #550, .T. ) ;
#732 = VERTEX_POINT ( 'NONE', #37 ) ;
#733 = EDGE_CURVE ( 'NONE', #1474, #290, #292, .T. ) ;
#734 = CARTESIAN_POINT ( 'NONE',  ( -5.249999999999998224, -6.500000000000000000, 0.000000000000000000 ) ) ;
#735 = AXIS2_PLACEMENT_3D ( 'NONE', #99, #1004, #486 ) ;
#736 = AXIS2_PLACEMENT_3D ( 'NONE', #548, #1059, #818 ) ;
#737 = DIRECTION ( 'NONE',  ( 1.000000000000000000, 0.000000000000000000, 0.000000000000000000 ) ) ;
#738 = EDGE_LOOP ( 'NONE', ( #1590, #866, #148, #1194 ) ) ;
#739 = EDGE_LOOP ( 'NONE', ( #1706, #1665, #136, #1133 ) ) ;
#740 = FACE_OUTER_BOUND ( 'NONE', #51, .T. ) ;
#741 = EDGE_CURVE ( 'NONE', #251, #509, #1050, .T. ) ;
#742 = DIRECTION ( 'NONE',  ( -0.000000000000000000, 1.000000000000000000, -0.000000000000000000 ) ) ;
#743 = SPHERICAL_SURFACE ( 'NONE', #141, 1.000000000000000000 ) ;
#744 = LINE ( 'NONE', #1171, #1381 ) ;
#745 = DIRECTION ( 'NONE',  ( 0.000000000000000000, 0.000000000000000000, -1.000000000000000000 ) ) ;
#746 = VERTEX_POINT ( 'NONE', #1601 ) ;
#747 = EDGE_LOOP ( 'NONE', ( #27, #642, #1531 ) ) ;
#748 = CARTESIAN_POINT ( 'NONE',  ( -6.249999999999998224, -6.250000000000000888, 4.000000000000000000 ) ) ;
#749 = AXIS2_PLACEMENT_3D ( 'NONE', #531, #256, #1186 ) ;
#750 = VERTEX_POINT ( 'NONE', #1485 ) ;
#751 = AXIS2_PLACEMENT_3D ( 'NONE', #710, #975, #307 ) ;
#752 = CARTESIAN_POINT ( 'NONE',  ( -5.249999999999998224, -6.500000000000000000, 1.000000000000000000 ) ) ;
#753 = CARTESIAN_POINT ( 'NONE',  ( 3.250000000000001332, 4.250000000000000000, 3.000000000000000000 ) ) ;
#754 = FACE_OUTER_BOUND ( 'NONE', #649, .T. ) ;
#755 = ORIENTED_EDGE ( 'NONE', *, *, #1466, .F. ) ;
#756 = ORIENTED_EDGE ( 'NONE', *, *, #401, .F. ) ;
#757 = CIRCLE ( 'NONE', #1668, 1.000000000000000000 ) ;
#758 = VERTEX_POINT ( 'NONE', #157 ) ;
#759 = DIRECTION ( 'NONE',  ( -1.734723475976806848E-16, 1.000000000000000000, -0.000000000000000000 ) ) ;
#760 = DIRECTION ( 'NONE',  ( -8.260587980841938780E-17, -1.000000000000000000, 0.000000000000000000 ) ) ;
#761 = CARTESIAN_POINT ( 'NONE',  ( 6.250000000000001776, 3.061616997868381662E-16, 10.59999999999999787 ) ) ;
#762 = DIRECTION ( 'NONE',  ( -0.000000000000000000, 0.000000000000000000, 1.000000000000000000 ) ) ;
#763 = AXIS2_PLACEMENT_3D ( 'NONE', #1646, #584, #47 ) ;
#764 = EDGE_LOOP ( 'NONE', ( #915, #639, #668, #1628 ) ) ;
#765 = CARTESIAN_POINT ( 'NONE',  ( -5.249999999999998224, -6.500000000000000000, 1.000000000000000000 ) ) ;
#766 = EDGE_CURVE ( 'NONE', #580, #939, #410, .T. ) ;
#767 = VERTEX_POINT ( 'NONE', #821 ) ;
#768 = FACE_OUTER_BOUND ( 'NONE', #1607, .T. ) ;
#769 = AXIS2_PLACEMENT_3D ( 'NONE', #421, #810, #1215 ) ;
#770 = ORIENTED_EDGE ( 'NONE', *, *, #774, .F. ) ;
#771 = FACE_BOUND ( 'NONE', #602, .T. ) ;
#772 = CYLINDRICAL_SURFACE ( 'NONE', #1299, 1.000000000000000000 ) ;
#773 = APPLICATION_PROTOCOL_DEFINITION ( 'draft international standard', 'automotive_design', 1998, #1411 ) ;
#774 = EDGE_CURVE ( 'NONE', #442, #1360, #803, .T. ) ;
#775 = ORIENTED_EDGE ( 'NONE', *, *, #1270, .F. ) ;
#776 = DIRECTION ( 'NONE',  ( 0.000000000000000000, -1.000000000000000000, 0.000000000000000000 ) ) ;
#777 = ORIENTED_EDGE ( 'NONE', *, *, #1571, .T. ) ;
#778 = ORIENTED_EDGE ( 'NONE', *, *, #254, .F. ) ;
#779 = CARTESIAN_POINT ( 'NONE',  ( 5.250000000000000888, -6.250000000000000888, 3.000000000000000000 ) ) ;
#780 = DIRECTION ( 'NONE',  ( -1.000000000000000000, -8.673617379884034486E-16, 0.000000000000000000 ) ) ;
#781 = ORIENTED_EDGE ( 'NONE', *, *, #368, .T. ) ;
#782 = AXIS2_PLACEMENT_3D ( 'NONE', #1065, #1586, #786 ) ;
#783 = PLANE ( 'NONE',  #1615 ) ;
#784 = DIRECTION ( 'NONE',  ( 1.000000000000000000, -0.000000000000000000, -0.000000000000000000 ) ) ;
#785 = ORIENTED_EDGE ( 'NONE', *, *, #1022, .T. ) ;
#786 = DIRECTION ( 'NONE',  ( -1.000000000000000000, 0.000000000000000000, 0.000000000000000000 ) ) ;
#787 = AXIS2_PLACEMENT_3D ( 'NONE', #1656, #898, #102 ) ;
#788 = EDGE_CURVE ( 'NONE', #251, #1438, #1268, .T. ) ;
#789 = CYLINDRICAL_SURFACE ( 'NONE', #879, 1.000000000000000000 ) ;
#790 = ORIENTED_EDGE ( 'NONE', *, *, #1297, .F. ) ;
#791 = LINE ( 'NONE', #1041, #1122 ) ;
#792 = CARTESIAN_POINT ( 'NONE',  ( 0.000000000000000000, 6.499999999999999112, 2.000000000000000000 ) ) ;
#793 = VERTEX_POINT ( 'NONE', #164 ) ;
#794 = CARTESIAN_POINT ( 'NONE',  ( -5.249999999999999112, -4.250000000000000000, 11.00000000000000000 ) ) ;
#795 = ADVANCED_FACE ( 'NONE', ( #1609 ), #1129, .T. ) ;
#796 = CIRCLE ( 'NONE', #1678, 2.499999999999998668 ) ;
#797 = VERTEX_POINT ( 'NONE', #1221 ) ;
#798 = CIRCLE ( 'NONE', #429, 1.000000000000000000 ) ;
#799 = DIRECTION ( 'NONE',  ( -1.000000000000000000, 0.000000000000000000, 0.000000000000000000 ) ) ;
#800 = EDGE_CURVE ( 'NONE', #25, #793, #1214, .T. ) ;
#801 = PRODUCT_DEFINITION_CONTEXT ( 'detailed design', #1411, 'design' ) ;
#802 = ORIENTED_EDGE ( 'NONE', *, *, #1267, .F. ) ;
#803 = CIRCLE ( 'NONE', #1578, 2.000000000000000000 ) ;
#804 = CARTESIAN_POINT ( 'NONE',  ( -6.250000000000000888, 0.000000000000000000, 8.099999999999999645 ) ) ;
#805 = CARTESIAN_POINT ( 'NONE',  ( -5.250000000000000888, 6.250000000000000000, 2.000000000000000000 ) ) ;
#806 = CARTESIAN_POINT ( 'NONE',  ( 6.250000000000001776, -6.250000000000000888, 2.000000000000000000 ) ) ;
#807 = CARTESIAN_POINT ( 'NONE',  ( 4.250000000000000000, -4.250000000000000000, 11.00000000000000000 ) ) ;
#808 = FACE_OUTER_BOUND ( 'NONE', #1636, .T. ) ;
#809 = ORIENTED_EDGE ( 'NONE', *, *, #1659, .T. ) ;
#810 = DIRECTION ( 'NONE',  ( -1.734723475976806848E-16, 1.000000000000000000, 0.000000000000000000 ) ) ;
#811 = CIRCLE ( 'NONE', #1031, 1.000000000000000000 ) ;
#812 = DIRECTION ( 'NONE',  ( -0.000000000000000000, 0.000000000000000000, 1.000000000000000000 ) ) ;
#813 = DIRECTION ( 'NONE',  ( 1.734723475976806848E-16, -1.000000000000000000, 0.000000000000000000 ) ) ;
#814 = CARTESIAN_POINT ( 'NONE',  ( -5.250000000000000888, 4.250000000000000000, 11.00000000000000000 ) ) ;
#815 = CIRCLE ( 'NONE', #1279, 1.000000000000000888 ) ;
#816 = VECTOR ( 'NONE', #131, 1000.000000000000000 ) ;
#817 = EDGE_CURVE ( 'NONE', #1719, #746, #28, .T. ) ;
#818 = DIRECTION ( 'NONE',  ( 0.000000000000000000, 0.000000000000000000, 1.000000000000000000 ) ) ;
#819 = CIRCLE ( 'NONE', #646, 1.000000000000000000 ) ;
#820 = ORIENTED_EDGE ( 'NONE', *, *, #1616, .F. ) ;
#821 = CARTESIAN_POINT ( 'NONE',  ( -5.250000000000000888, -4.250000000000000888, 12.00000000000000000 ) ) ;
#822 = PLANE ( 'NONE',  #1092 ) ;
#823 = EDGE_CURVE ( 'NONE', #1387, #394, #1074, .T. ) ;
#824 = EDGE_LOOP ( 'NONE', ( #404, #854, #715, #910 ) ) ;
#825 = AXIS2_PLACEMENT_3D ( 'NONE', #748, #1681, #605 ) ;
#826 = ORIENTED_EDGE ( 'NONE', *, *, #66, .T. ) ;
#827 = DIRECTION ( 'NONE',  ( -8.673617379884035472E-16, 0.000000000000000000, 1.000000000000000000 ) ) ;
#828 = LINE ( 'NONE', #1081, #937 ) ;
#829 = DIRECTION ( 'NONE',  ( 1.734723475976806848E-16, -1.000000000000000000, 0.000000000000000000 ) ) ;
#830 = CARTESIAN_POINT ( 'NONE',  ( -5.250000000000000888, -4.336808689942018722E-16, 11.00000000000000000 ) ) ;
#831 = CIRCLE ( 'NONE', #264, 1.000000000000000000 ) ;
#832 = ORIENTED_EDGE ( 'NONE', *, *, #1455, .T. ) ;
#833 = ORIENTED_EDGE ( 'NONE', *, *, #491, .F. ) ;
#834 = DIRECTION ( 'NONE',  ( 1.000000000000000000, -0.000000000000000000, -8.673617379884026597E-16 ) ) ;
#835 = DIRECTION ( 'NONE',  ( 1.000000000000000000, 0.000000000000000000, 0.000000000000000000 ) ) ;
#836 = DIRECTION ( 'NONE',  ( 1.000000000000000000, 1.734723475976806601E-16, 0.000000000000000000 ) ) ;
#837 =( NAMED_UNIT ( * ) PLANE_ANGLE_UNIT ( ) SI_UNIT ( $, .RADIAN. ) );
#838 = DIRECTION ( 'NONE',  ( -0.000000000000000000, -1.000000000000000000, -0.000000000000000000 ) ) ;
#839 = ORIENTED_EDGE ( 'NONE', *, *, #1245, .T. ) ;
#840 = CIRCLE ( 'NONE', #244, 1.000000000000000000 ) ;
#841 = VERTEX_POINT ( 'NONE', #568 ) ;
#842 = EDGE_CURVE ( 'NONE', #290, #1327, #1629, .T. ) ;
#843 = DIRECTION ( 'NONE',  ( -1.000000000000000000, -0.000000000000000000, -0.000000000000000000 ) ) ;
#844 = AXIS2_PLACEMENT_3D ( 'NONE', #874, #762, #1294 ) ;
#845 = DIRECTION ( 'NONE',  ( 0.000000000000000000, 0.000000000000000000, -1.000000000000000000 ) ) ;
#846 = DIRECTION ( 'NONE',  ( 0.000000000000000000, 0.000000000000000000, -1.000000000000000000 ) ) ;
#847 = DIRECTION ( 'NONE',  ( 1.000000000000000000, 0.000000000000000000, 0.000000000000000000 ) ) ;
#848 = DIRECTION ( 'NONE',  ( 1.000000000000000000, 0.000000000000000000, 0.000000000000000000 ) ) ;
#849 = EDGE_CURVE ( 'NONE', #862, #1242, #1326, .T. ) ;
#850 = VERTEX_POINT ( 'NONE', #348 ) ;
#851 = AXIS2_PLACEMENT_3D ( 'NONE', #1591, #1061, #760 ) ;
#852 = ADVANCED_FACE ( 'NONE', ( #881 ), #338, .T. ) ;
#853 = CIRCLE ( 'NONE', #150, 1.000000000000000000 ) ;
#854 = ORIENTED_EDGE ( 'NONE', *, *, #849, .F. ) ;
#855 = AXIS2_PLACEMENT_3D ( 'NONE', #1357, #160, #1089 ) ;
#856 = CARTESIAN_POINT ( 'NONE',  ( -5.250000000000000888, 6.250000000000000000, 4.000000000000000000 ) ) ;
#857 = CARTESIAN_POINT ( 'NONE',  ( -5.250000000000000888, 6.499999999999999112, 1.000000000000000000 ) ) ;
#858 = DIRECTION ( 'NONE',  ( 0.000000000000000000, 0.000000000000000000, 1.000000000000000000 ) ) ;
#859 = DIRECTION ( 'NONE',  ( -1.000000000000000000, 0.000000000000000000, 0.000000000000000000 ) ) ;
#860 = CARTESIAN_POINT ( 'NONE',  ( -5.250000000000000000, -4.250000000000000888, 4.000000000000000000 ) ) ;
#861 = ORIENTED_EDGE ( 'NONE', *, *, #1455, .F. ) ;
#862 = VERTEX_POINT ( 'NONE', #1150 ) ;
#863 = VECTOR ( 'NONE', #914, 1000.000000000000000 ) ;
#864 = VERTEX_POINT ( 'NONE', #753 ) ;
#865 = LINE ( 'NONE', #1362, #285 ) ;
#866 = ORIENTED_EDGE ( 'NONE', *, *, #1056, .T. ) ;
#867 = VERTEX_POINT ( 'NONE', #1311 ) ;
#868 = EDGE_CURVE ( 'NONE', #1474, #352, #1605, .T. ) ;
#869 = AXIS2_PLACEMENT_3D ( 'NONE', #615, #1679, #31 ) ;
#870 = EDGE_CURVE ( 'NONE', #841, #420, #1554, .T. ) ;
#871 = LINE ( 'NONE', #73, #1044 ) ;
#872 = CIRCLE ( 'NONE', #1448, 1.000000000000000000 ) ;
#873 = LINE ( 'NONE', #1272, #532 ) ;
#874 = CARTESIAN_POINT ( 'NONE',  ( 5.250000000000000888, 4.250000000000000000, 3.000000000000000000 ) ) ;
#875 = ORIENTED_EDGE ( 'NONE', *, *, #1281, .T. ) ;
#876 = EDGE_CURVE ( 'NONE', #1596, #963, #888, .T. ) ;
#877 = LINE ( 'NONE', #1699, #513 ) ;
#878 = AXIS2_PLACEMENT_3D ( 'NONE', #957, #948, #1068 ) ;
#879 = AXIS2_PLACEMENT_3D ( 'NONE', #1317, #373, #1335 ) ;
#880 = DIRECTION ( 'NONE',  ( 0.000000000000000000, 1.000000000000000000, 0.000000000000000000 ) ) ;
#881 = FACE_OUTER_BOUND ( 'NONE', #1464, .T. ) ;
#882 = DIRECTION ( 'NONE',  ( 8.260587980841938780E-17, -1.000000000000000000, 0.000000000000000000 ) ) ;
#883 = VERTEX_POINT ( 'NONE', #357 ) ;
#884 = VERTEX_POINT ( 'NONE', #207 ) ;
#885 = EDGE_CURVE ( 'NONE', #1710, #767, #1436, .T. ) ;
#886 = DIRECTION ( 'NONE',  ( 0.000000000000000000, -1.000000000000000000, 0.000000000000000000 ) ) ;
#887 = CARTESIAN_POINT ( 'NONE',  ( -6.250000000000000888, 7.499999999999999112, 1.000000000000000000 ) ) ;
#888 = LINE ( 'NONE', #229, #181 ) ;
#889 = DIRECTION ( 'NONE',  ( -1.000000000000000000, 0.000000000000000000, 0.000000000000000000 ) ) ;
#890 = VERTEX_POINT ( 'NONE', #1415 ) ;
#891 = ORIENTED_EDGE ( 'NONE', *, *, #717, .F. ) ;
#892 = ORIENTED_EDGE ( 'NONE', *, *, #1536, .F. ) ;
#893 = AXIS2_PLACEMENT_3D ( 'NONE', #794, #662, #1577 ) ;
#894 = EDGE_CURVE ( 'NONE', #394, #500, #600, .T. ) ;
#895 = AXIS2_PLACEMENT_3D ( 'NONE', #1325, #399, #1445 ) ;
#896 = CARTESIAN_POINT ( 'NONE',  ( -4.250000000000000888, 4.250000000000000000, 11.00000000000000000 ) ) ;
#897 = LINE ( 'NONE', #1565, #863 ) ;
#898 = DIRECTION ( 'NONE',  ( -1.734723475976806848E-16, 1.000000000000000000, 0.000000000000000000 ) ) ;
#899 = ORIENTED_EDGE ( 'NONE', *, *, #741, .T. ) ;
#900 = FACE_OUTER_BOUND ( 'NONE', #1418, .T. ) ;
#901 = CIRCLE ( 'NONE', #1283, 1.000000000000000000 ) ;
#902 = EDGE_CURVE ( 'NONE', #1047, #1275, #744, .T. ) ;
#903 = DIRECTION ( 'NONE',  ( 1.000000000000000000, 0.000000000000000000, 0.000000000000000000 ) ) ;
#904 = UNCERTAINTY_MEASURE_WITH_UNIT (LENGTH_MEASURE( 1.000000000000000082E-05 ), #282, 'distance_accuracy_value', 'NONE');
#905 = DIRECTION ( 'NONE',  ( -0.000000000000000000, 1.000000000000000000, -0.000000000000000000 ) ) ;
#906 = CARTESIAN_POINT ( 'NONE',  ( -5.250000000000000888, 7.499999999999999112, 2.000000000000000000 ) ) ;
#907 = CIRCLE ( 'NONE', #481, 1.000000000000000000 ) ;
#908 = ORIENTED_EDGE ( 'NONE', *, *, #1611, .F. ) ;
#909 = DIRECTION ( 'NONE',  ( -0.000000000000000000, -1.000000000000000000, -0.000000000000000000 ) ) ;
#910 = ORIENTED_EDGE ( 'NONE', *, *, #480, .T. ) ;
#911 = FACE_OUTER_BOUND ( 'NONE', #1375, .T. ) ;
#912 = VECTOR ( 'NONE', #1344, 1000.000000000000000 ) ;
#913 = FACE_OUTER_BOUND ( 'NONE', #1649, .T. ) ;
#914 = DIRECTION ( 'NONE',  ( -0.000000000000000000, -0.000000000000000000, 1.000000000000000000 ) ) ;
#915 = ORIENTED_EDGE ( 'NONE', *, *, #1029, .F. ) ;
#916 = FACE_OUTER_BOUND ( 'NONE', #575, .T. ) ;
#917 = EDGE_CURVE ( 'NONE', #251, #636, #574, .T. ) ;
#918 = DIRECTION ( 'NONE',  ( 0.000000000000000000, -1.000000000000000000, 0.000000000000000000 ) ) ;
#919 = ADVANCED_FACE ( 'NONE', ( #1683 ), #478, .F. ) ;
#920 = VERTEX_POINT ( 'NONE', #1016 ) ;
#921 = FACE_OUTER_BOUND ( 'NONE', #1045, .T. ) ;
#922 = DIRECTION ( 'NONE',  ( 1.000000000000000000, -0.000000000000000000, -0.000000000000000000 ) ) ;
#923 = ORIENTED_EDGE ( 'NONE', *, *, #1088, .F. ) ;
#924 = CIRCLE ( 'NONE', #1394, 1.000000000000000000 ) ;
#925 = DIRECTION ( 'NONE',  ( 0.000000000000000000, -0.000000000000000000, -1.000000000000000000 ) ) ;
#926 = LINE ( 'NONE', #1443, #1369 ) ;
#927 = CARTESIAN_POINT ( 'NONE',  ( -4.250000000000000000, -4.250000000000000888, 11.00000000000000000 ) ) ;
#928 = CIRCLE ( 'NONE', #534, 1.000000000000000000 ) ;
#929 = EDGE_CURVE ( 'NONE', #1540, #352, #897, .T. ) ;
#930 = ORIENTED_EDGE ( 'NONE', *, *, #35, .F. ) ;
#931 = CARTESIAN_POINT ( 'NONE',  ( -3.250000000000001332, 4.250000000000000000, 4.000000000000000000 ) ) ;
#932 = DIRECTION ( 'NONE',  ( 0.000000000000000000, 0.000000000000000000, -1.000000000000000000 ) ) ;
#933 = DIRECTION ( 'NONE',  ( 0.000000000000000000, -0.000000000000000000, -1.000000000000000000 ) ) ;
#934 = ADVANCED_FACE ( 'NONE', ( #1423 ), #772, .T. ) ;
#935 = AXIS2_PLACEMENT_3D ( 'NONE', #804, #1439, #395 ) ;
#936 = DIRECTION ( 'NONE',  ( -1.734723475976806848E-16, 1.000000000000000000, -0.000000000000000000 ) ) ;
#937 = VECTOR ( 'NONE', #1076, 1000.000000000000000 ) ;
#938 = CARTESIAN_POINT ( 'NONE',  ( 5.250000000000000888, -5.250000000000000888, 11.00000000000000000 ) ) ;
#939 = VERTEX_POINT ( 'NONE', #761 ) ;
#940 = AXIS2_PLACEMENT_3D ( 'NONE', #537, #151, #686 ) ;
#941 = FACE_OUTER_BOUND ( 'NONE', #210, .T. ) ;
#942 = DIRECTION ( 'NONE',  ( 0.000000000000000000, 0.000000000000000000, 1.000000000000000000 ) ) ;
#943 = CARTESIAN_POINT ( 'NONE',  ( 5.250000000000001776, -6.500000000000000000, 1.000000000000000000 ) ) ;
#944 = EDGE_CURVE ( 'NONE', #1002, #793, #1293, .T. ) ;
#945 = DIRECTION ( 'NONE',  ( 0.000000000000000000, -1.000000000000000000, 0.000000000000000000 ) ) ;
#946 = EDGE_LOOP ( 'NONE', ( #182, #118, #36, #311 ) ) ;
#947 = LINE ( 'NONE', #1067, #74 ) ;
#948 = DIRECTION ( 'NONE',  ( -0.000000000000000000, -0.000000000000000000, 1.000000000000000000 ) ) ;
#949 = EDGE_CURVE ( 'NONE', #414, #862, #547, .T. ) ;
#950 = DIRECTION ( 'NONE',  ( -1.000000000000000000, 0.000000000000000000, 0.000000000000000000 ) ) ;
#951 = VECTOR ( 'NONE', #813, 1000.000000000000000 ) ;
#952 = CIRCLE ( 'NONE', #607, 1.000000000000000000 ) ;
#953 = TOROIDAL_SURFACE ( 'NONE', #335, 2.000000000000000000, 1.000000000000000000 ) ;
#954 = ORIENTED_EDGE ( 'NONE', *, *, #1350, .T. ) ;
#955 = ADVANCED_FACE ( 'NONE', ( #1161 ), #1662, .T. ) ;
#956 = DIRECTION ( 'NONE',  ( 1.000000000000000000, 0.000000000000000000, 0.000000000000000000 ) ) ;
#957 = CARTESIAN_POINT ( 'NONE',  ( 5.250000000000000888, -4.250000000000000888, 4.000000000000000000 ) ) ;
#958 = CARTESIAN_POINT ( 'NONE',  ( -5.249999999999999112, -7.500000000000000000, 3.000000000000000000 ) ) ;
#959 = CARTESIAN_POINT ( 'NONE',  ( 5.250000000000000888, -6.500000000000000000, 2.000000000000000000 ) ) ;
#960 = ORIENTED_EDGE ( 'NONE', *, *, #1124, .T. ) ;
#961 = CIRCLE ( 'NONE', #651, 1.000000000000000000 ) ;
#962 = AXIS2_PLACEMENT_3D ( 'NONE', #1429, #495, #108 ) ;
#963 = VERTEX_POINT ( 'NONE', #906 ) ;
#964 = CARTESIAN_POINT ( 'NONE',  ( -5.250000000000000000, -4.250000000000000888, 3.000000000000000000 ) ) ;
#965 = CARTESIAN_POINT ( 'NONE',  ( 4.250000000000000888, 0.000000000000000000, 8.099999999999999645 ) ) ;
#966 = CARTESIAN_POINT ( 'NONE',  ( -5.249999999999998224, -6.250000000000000888, 4.000000000000000000 ) ) ;
#967 = DIRECTION ( 'NONE',  ( -0.000000000000000000, 0.000000000000000000, 1.000000000000000000 ) ) ;
#968 = CARTESIAN_POINT ( 'NONE',  ( 0.000000000000000000, 0.000000000000000000, 3.000000000000000000 ) ) ;
#969 = EDGE_CURVE ( 'NONE', #732, #634, #1008, .T. ) ;
#970 = ORIENTED_EDGE ( 'NONE', *, *, #1270, .T. ) ;
#971 = DIRECTION ( 'NONE',  ( 0.000000000000000000, 0.000000000000000000, -1.000000000000000000 ) ) ;
#972 = DIRECTION ( 'NONE',  ( -0.000000000000000000, -1.000000000000000000, -0.000000000000000000 ) ) ;
#973 = ADVANCED_FACE ( 'NONE', ( #134, #1592 ), #262, .F. ) ;
#974 = LINE ( 'NONE', #539, #330 ) ;
#975 = DIRECTION ( 'NONE',  ( 0.000000000000000000, -0.000000000000000000, -1.000000000000000000 ) ) ;
#976 = CARTESIAN_POINT ( 'NONE',  ( 5.250000000000000000, -4.250000000000000000, 3.000000000000000000 ) ) ;
#977 = DIRECTION ( 'NONE',  ( -0.000000000000000000, 0.000000000000000000, 1.000000000000000000 ) ) ;
#978 = VERTEX_POINT ( 'NONE', #1053 ) ;
#979 = EDGE_CURVE ( 'NONE', #1438, #1710, #545, .T. ) ;
#980 = VECTOR ( 'NONE', #1316, 1000.000000000000000 ) ;
#981 = ORIENTED_EDGE ( 'NONE', *, *, #868, .T. ) ;
#982 =( GEOMETRIC_REPRESENTATION_CONTEXT ( 3 ) GLOBAL_UNCERTAINTY_ASSIGNED_CONTEXT ( ( #656 ) ) GLOBAL_UNIT_ASSIGNED_CONTEXT ( ( #215, #1274, #1009 ) ) REPRESENTATION_CONTEXT ( 'NONE', 'WORKASPACE' ) );
#983 = FACE_OUTER_BOUND ( 'NONE', #824, .T. ) ;
#984 = DIRECTION ( 'NONE',  ( 1.000000000000000000, 0.000000000000000000, 0.000000000000000000 ) ) ;
#985 = FACE_OUTER_BOUND ( 'NONE', #20, .T. ) ;
#986 = ORIENTED_EDGE ( 'NONE', *, *, #774, .T. ) ;
#987 = AXIS2_PLACEMENT_3D ( 'NONE', #313, #701, #1528 ) ;
#988 = ORIENTED_EDGE ( 'NONE', *, *, #94, .F. ) ;
#989 = DIRECTION ( 'NONE',  ( -1.000000000000000000, 0.000000000000000000, -0.000000000000000000 ) ) ;
#990 = EDGE_CURVE ( 'NONE', #414, #509, #1062, .T. ) ;
#991 = CARTESIAN_POINT ( 'NONE',  ( 5.250000000000000000, -4.250000000000000000, 11.00000000000000000 ) ) ;
#992 = CARTESIAN_POINT ( 'NONE',  ( 5.249999999999999112, 6.250000000000000000, 4.000000000000000000 ) ) ;
#993 = EDGE_LOOP ( 'NONE', ( #1120, #68, #583 ) ) ;
#994 = ORIENTED_EDGE ( 'NONE', *, *, #944, .T. ) ;
#995 = VECTOR ( 'NONE', #1539, 1000.000000000000000 ) ;
#996 = EDGE_CURVE ( 'NONE', #1327, #1128, #1573, .T. ) ;
#997 = CARTESIAN_POINT ( 'NONE',  ( 4.250000000000000888, 4.250000000000000000, 4.000000000000000000 ) ) ;
#998 = DIRECTION ( 'NONE',  ( 1.000000000000000000, 0.000000000000000000, 0.000000000000000000 ) ) ;
#999 = ADVANCED_FACE ( 'NONE', ( #383 ), #22, .F. ) ;
#1000 = DIRECTION ( 'NONE',  ( 1.000000000000000000, 0.000000000000000000, 0.000000000000000000 ) ) ;
#1001 = EDGE_LOOP ( 'NONE', ( #473, #358, #465 ) ) ;
#1002 = VERTEX_POINT ( 'NONE', #406 ) ;
#1003 = VECTOR ( 'NONE', #1365, 1000.000000000000000 ) ;
#1004 = DIRECTION ( 'NONE',  ( 0.000000000000000000, 0.000000000000000000, -1.000000000000000000 ) ) ;
#1005 = EDGE_CURVE ( 'NONE', #500, #1140, #907, .T. ) ;
#1006 = CIRCLE ( 'NONE', #1619, 1.000000000000000000 ) ;
#1007 = LINE ( 'NONE', #887, #194 ) ;
#1008 = LINE ( 'NONE', #287, #1654 ) ;
#1009 =( NAMED_UNIT ( * ) SI_UNIT ( $, .STERADIAN. ) SOLID_ANGLE_UNIT ( ) );
#1010 = VERTEX_POINT ( 'NONE', #127 ) ;
#1011 = ORIENTED_EDGE ( 'NONE', *, *, #19, .F. ) ;
#1012 = CARTESIAN_POINT ( 'NONE',  ( 5.249999999999999112, 6.499999999999999112, 2.000000000000000000 ) ) ;
#1013 = LINE ( 'NONE', #1537, #684 ) ;
#1014 = AXIS2_PLACEMENT_3D ( 'NONE', #687, #812, #517 ) ;
#1015 = SPHERICAL_SURFACE ( 'NONE', #446, 1.000000000000000000 ) ;
#1016 = CARTESIAN_POINT ( 'NONE',  ( -5.249999999999999112, -6.500000000000000000, 3.000000000000000000 ) ) ;
#1017 = DIRECTION ( 'NONE',  ( 0.000000000000000000, 0.000000000000000000, -1.000000000000000000 ) ) ;
#1018 = ORIENTED_EDGE ( 'NONE', *, *, #1491, .T. ) ;
#1019 = ORIENTED_EDGE ( 'NONE', *, *, #929, .F. ) ;
#1020 = ORIENTED_EDGE ( 'NONE', *, *, #78, .F. ) ;
#1021 = DIRECTION ( 'NONE',  ( -1.000000000000000000, -8.673617379884035472E-16, 0.000000000000000000 ) ) ;
#1022 = EDGE_CURVE ( 'NONE', #1218, #1540, #828, .T. ) ;
#1023 = FACE_OUTER_BOUND ( 'NONE', #327, .T. ) ;
#1024 = CARTESIAN_POINT ( 'NONE',  ( -6.250000000000000888, 7.499999999999999112, 2.000000000000000000 ) ) ;
#1025 = DIRECTION ( 'NONE',  ( -1.000000000000000000, -0.000000000000000000, -0.000000000000000000 ) ) ;
#1026 = EDGE_CURVE ( 'NONE', #1286, #601, #853, .T. ) ;
#1027 = ORIENTED_EDGE ( 'NONE', *, *, #788, .T. ) ;
#1028 = CARTESIAN_POINT ( 'NONE',  ( -3.250000000000000444, -4.250000000000000888, 4.000000000000000000 ) ) ;
#1029 = EDGE_CURVE ( 'NONE', #1163, #978, #122, .T. ) ;
#1030 = ORIENTED_EDGE ( 'NONE', *, *, #1473, .F. ) ;
#1031 = AXIS2_PLACEMENT_3D ( 'NONE', #1320, #526, #21 ) ;
#1032 = CARTESIAN_POINT ( 'NONE',  ( 6.249999999999999112, 6.250000000000000000, 2.000000000000000000 ) ) ;
#1033 = VECTOR ( 'NONE', #306, 1000.000000000000000 ) ;
#1034 = ORIENTED_EDGE ( 'NONE', *, *, #276, .F. ) ;
#1035 = VECTOR ( 'NONE', #1538, 1000.000000000000000 ) ;
#1036 = DIRECTION ( 'NONE',  ( 0.000000000000000000, 1.000000000000000000, -0.000000000000000000 ) ) ;
#1037 = DIRECTION ( 'NONE',  ( -0.000000000000000000, -1.000000000000000000, -0.000000000000000000 ) ) ;
#1038 = FACE_OUTER_BOUND ( 'NONE', #389, .T. ) ;
#1039 = ORIENTED_EDGE ( 'NONE', *, *, #1435, .T. ) ;
#1040 = ORIENTED_EDGE ( 'NONE', *, *, #368, .F. ) ;
#1041 = CARTESIAN_POINT ( 'NONE',  ( -6.250000000000000888, 3.061616997868381662E-16, 10.59999999999999787 ) ) ;
#1042 = CARTESIAN_POINT ( 'NONE',  ( -5.250000000000000000, -9.107298248878235274E-16, 11.00000000000000000 ) ) ;
#1043 = ADVANCED_FACE ( 'NONE', ( #1581 ), #822, .F. ) ;
#1044 = VECTOR ( 'NONE', #1300, 1000.000000000000000 ) ;
#1045 = EDGE_LOOP ( 'NONE', ( #1351, #861, #1482, #1689 ) ) ;
#1046 = DIRECTION ( 'NONE',  ( -1.000000000000000000, -8.260587980841938780E-17, 0.000000000000000000 ) ) ;
#1047 = VERTEX_POINT ( 'NONE', #1708 ) ;
#1048 = ADVANCED_FACE ( 'NONE', ( #1329 ), #1651, .F. ) ;
#1049 = DIRECTION ( 'NONE',  ( 0.000000000000000000, -0.000000000000000000, 1.000000000000000000 ) ) ;
#1050 = CIRCLE ( 'NONE', #487, 2.000000000000000000 ) ;
#1051 = ORIENTED_EDGE ( 'NONE', *, *, #120, .F. ) ;
#1052 = DIRECTION ( 'NONE',  ( 0.000000000000000000, 0.000000000000000000, -1.000000000000000000 ) ) ;
#1053 = CARTESIAN_POINT ( 'NONE',  ( -6.250000000000000888, 0.000000000000000000, 5.600000000000000533 ) ) ;
#1054 = ORIENTED_EDGE ( 'NONE', *, *, #291, .F. ) ;
#1055 = CARTESIAN_POINT ( 'NONE',  ( -5.249999999999999112, -4.250000000000000000, 11.00000000000000000 ) ) ;
#1056 = EDGE_CURVE ( 'NONE', #95, #1128, #96, .T. ) ;
#1057 = VERTEX_POINT ( 'NONE', #679 ) ;
#1058 = CARTESIAN_POINT ( 'NONE',  ( 5.250000000000000000, -4.250000000000000000, 4.000000000000000000 ) ) ;
#1059 = DIRECTION ( 'NONE',  ( 0.000000000000000000, 1.000000000000000000, -0.000000000000000000 ) ) ;
#1060 = ORIENTED_EDGE ( 'NONE', *, *, #556, .T. ) ;
#1061 = DIRECTION ( 'NONE',  ( -1.000000000000000000, 8.260587980841938780E-17, 0.000000000000000000 ) ) ;
#1062 = LINE ( 'NONE', #1614, #1254 ) ;
#1063 = CIRCLE ( 'NONE', #895, 2.499999999999998668 ) ;
#1064 = FACE_BOUND ( 'NONE', #1069, .T. ) ;
#1065 = CARTESIAN_POINT ( 'NONE',  ( 5.249999999999998224, 6.499999999999999112, 3.000000000000000000 ) ) ;
#1066 = ORIENTED_EDGE ( 'NONE', *, *, #1533, .T. ) ;
#1067 = CARTESIAN_POINT ( 'NONE',  ( -6.250000000000000000, 4.250000000000000000, 3.000000000000000000 ) ) ;
#1068 = DIRECTION ( 'NONE',  ( -1.000000000000000000, 0.000000000000000000, 0.000000000000000000 ) ) ;
#1069 = EDGE_LOOP ( 'NONE', ( #1518, #1243 ) ) ;
#1070 = AXIS2_PLACEMENT_3D ( 'NONE', #1468, #542, #1579 ) ;
#1071 = ADVANCED_FACE ( 'NONE', ( #1216 ), #250, .T. ) ;
#1072 = DIRECTION ( 'NONE',  ( 0.000000000000000000, 0.000000000000000000, -1.000000000000000000 ) ) ;
#1073 = ORIENTED_EDGE ( 'NONE', *, *, #870, .T. ) ;
#1074 = CIRCLE ( 'NONE', #716, 1.000000000000000000 ) ;
#1075 = DIRECTION ( 'NONE',  ( 1.000000000000000000, 8.673617379884035472E-16, 7.523163845262640051E-31 ) ) ;
#1076 = DIRECTION ( 'NONE',  ( -8.260587980841938780E-17, -1.000000000000000000, 0.000000000000000000 ) ) ;
#1077 = CYLINDRICAL_SURFACE ( 'NONE', #1252, 1.000000000000000000 ) ;
#1078 = EDGE_CURVE ( 'NONE', #1399, #862, #1703, .T. ) ;
#1079 = ORIENTED_EDGE ( 'NONE', *, *, #817, .F. ) ;
#1080 = CARTESIAN_POINT ( 'NONE',  ( -6.250000000000000888, 6.499999999999999112, 3.000000000000000000 ) ) ;
#1081 = CARTESIAN_POINT ( 'NONE',  ( 4.250000000000000000, -5.250000000000000000, 4.000000000000000000 ) ) ;
#1082 = LINE ( 'NONE', #1618, #589 ) ;
#1083 = AXIS2_PLACEMENT_3D ( 'NONE', #390, #121, #847 ) ;
#1084 = ORIENTED_EDGE ( 'NONE', *, *, #917, .T. ) ;
#1085 = CARTESIAN_POINT ( 'NONE',  ( 6.250000000000001776, -5.250000000000001776, 11.00000000000000000 ) ) ;
#1086 = DIRECTION ( 'NONE',  ( -1.000000000000000000, 0.000000000000000000, 0.000000000000000000 ) ) ;
#1087 = FACE_OUTER_BOUND ( 'NONE', #1425, .T. ) ;
#1088 = EDGE_CURVE ( 'NONE', #1, #883, #961, .T. ) ;
#1089 = DIRECTION ( 'NONE',  ( 0.000000000000000000, 0.000000000000000000, -1.000000000000000000 ) ) ;
#1090 = CARTESIAN_POINT ( 'NONE',  ( -5.250000000000000000, 4.250000000000000000, 11.00000000000000000 ) ) ;
#1091 = ORIENTED_EDGE ( 'NONE', *, *, #1483, .T. ) ;
#1092 = AXIS2_PLACEMENT_3D ( 'NONE', #1181, #527, #269 ) ;
#1093 = MECHANICAL_DESIGN_GEOMETRIC_PRESENTATION_REPRESENTATION (  '', ( #123 ), #403 ) ;
#1094 = ADVANCED_FACE ( 'NONE', ( #279 ), #1106, .T. ) ;
#1095 = ORIENTED_EDGE ( 'NONE', *, *, #1152, .T. ) ;
#1096 = CARTESIAN_POINT ( 'NONE',  ( 5.249999999999999112, -4.250000000000000000, 11.00000000000000000 ) ) ;
#1097 = DIRECTION ( 'NONE',  ( 1.000000000000000000, -0.000000000000000000, -0.000000000000000000 ) ) ;
#1098 = EDGE_CURVE ( 'NONE', #850, #657, #1377, .T. ) ;
#1099 = AXIS2_PLACEMENT_3D ( 'NONE', #1096, #834, #1338 ) ;
#1100 = CARTESIAN_POINT ( 'NONE',  ( -5.250000000000000888, 4.250000000000000000, 4.000000000000000000 ) ) ;
#1101 = CARTESIAN_POINT ( 'NONE',  ( 5.250000000000000000, 9.107298248878235274E-16, 2.000000000000000000 ) ) ;
#1102 = CARTESIAN_POINT ( 'NONE',  ( -5.250000000000000000, 4.250000000000000000, 11.00000000000000000 ) ) ;
#1103 = EDGE_CURVE ( 'NONE', #634, #75, #541, .T. ) ;
#1104 = ORIENTED_EDGE ( 'NONE', *, *, #501, .T. ) ;
#1105 = ORIENTED_EDGE ( 'NONE', *, *, #1175, .T. ) ;
#1106 = CYLINDRICAL_SURFACE ( 'NONE', #39, 1.000000000000000000 ) ;
#1107 = FACE_OUTER_BOUND ( 'NONE', #645, .T. ) ;
#1108 = CARTESIAN_POINT ( 'NONE',  ( -5.250000000000000888, 7.499999999999999112, 1.000000000000000000 ) ) ;
#1109 = ORIENTED_EDGE ( 'NONE', *, *, #682, .F. ) ;
#1110 = EDGE_LOOP ( 'NONE', ( #785, #1159, #1568, #216 ) ) ;
#1111 = AXIS2_PLACEMENT_3D ( 'NONE', #570, #1233, #846 ) ;
#1112 = VECTOR ( 'NONE', #1507, 1000.000000000000000 ) ;
#1113 = VERTEX_POINT ( 'NONE', #438 ) ;
#1114 = VECTOR ( 'NONE', #10, 1000.000000000000000 ) ;
#1115 = FACE_OUTER_BOUND ( 'NONE', #318, .T. ) ;
#1116 = CARTESIAN_POINT ( 'NONE',  ( -4.250000000000000000, -5.250000000000000000, 11.00000000000000000 ) ) ;
#1117 = AXIS2_PLACEMENT_3D ( 'NONE', #286, #14, #956 ) ;
#1118 = EDGE_CURVE ( 'NONE', #884, #797, #1179, .T. ) ;
#1119 = CARTESIAN_POINT ( 'NONE',  ( -5.249999999999999112, -4.250000000000000000, 4.000000000000000000 ) ) ;
#1120 = ORIENTED_EDGE ( 'NONE', *, *, #1638, .T. ) ;
#1121 = ORIENTED_EDGE ( 'NONE', *, *, #218, .T. ) ;
#1122 = VECTOR ( 'NONE', #374, 1000.000000000000000 ) ;
#1123 = AXIS2_PLACEMENT_3D ( 'NONE', #805, #1321, #1476 ) ;
#1124 = EDGE_CURVE ( 'NONE', #1540, #1657, #340, .T. ) ;
#1125 = DIRECTION ( 'NONE',  ( 0.000000000000000000, -1.000000000000000000, 0.000000000000000000 ) ) ;
#1126 = DIRECTION ( 'NONE',  ( -0.000000000000000000, -0.000000000000000000, -1.000000000000000000 ) ) ;
#1127 = CYLINDRICAL_SURFACE ( 'NONE', #1535, 1.000000000000000000 ) ;
#1128 = VERTEX_POINT ( 'NONE', #693 ) ;
#1129 = TOROIDAL_SURFACE ( 'NONE', #104, 2.000000000000000000, 1.000000000000000000 ) ;
#1130 = CARTESIAN_POINT ( 'NONE',  ( 5.250000000000001776, -6.500000000000000000, 2.000000000000000000 ) ) ;
#1131 = DIRECTION ( 'NONE',  ( 0.000000000000000000, 1.000000000000000000, 0.000000000000000000 ) ) ;
#1132 = CARTESIAN_POINT ( 'NONE',  ( -5.249999999999998224, -6.250000000000000000, 2.000000000000000000 ) ) ;
#1133 = ORIENTED_EDGE ( 'NONE', *, *, #949, .T. ) ;
#1134 = ORIENTED_EDGE ( 'NONE', *, *, #741, .F. ) ;
#1135 = AXIS2_PLACEMENT_3D ( 'NONE', #1604, #1610, #407 ) ;
#1136 = CARTESIAN_POINT ( 'NONE',  ( -3.250000000000001332, 4.250000000000000000, 3.000000000000000000 ) ) ;
#1137 = CARTESIAN_POINT ( 'NONE',  ( 0.000000000000000000, 6.499999999999999112, 0.000000000000000000 ) ) ;
#1138 = DIRECTION ( 'NONE',  ( 0.000000000000000000, 0.000000000000000000, -1.000000000000000000 ) ) ;
#1139 = ORIENTED_EDGE ( 'NONE', *, *, #1721, .T. ) ;
#1140 = VERTEX_POINT ( 'NONE', #1623 ) ;
#1141 = EDGE_CURVE ( 'NONE', #978, #1163, #796, .T. ) ;
#1142 = ORIENTED_EDGE ( 'NONE', *, *, #1715, .F. ) ;
#1143 = ADVANCED_FACE ( 'NONE', ( #1222 ), #1257, .F. ) ;
#1144 = CIRCLE ( 'NONE', #1347, 1.000000000000000000 ) ;
#1145 = CARTESIAN_POINT ( 'NONE',  ( 0.000000000000000000, -6.500000000000000000, 2.000000000000000000 ) ) ;
#1146 = AXIS2_PLACEMENT_3D ( 'NONE', #152, #1460, #1471 ) ;
#1147 = AXIS2_PLACEMENT_3D ( 'NONE', #1145, #227, #1396 ) ;
#1148 = ORIENTED_EDGE ( 'NONE', *, *, #1480, .T. ) ;
#1149 = CARTESIAN_POINT ( 'NONE',  ( 6.250000000000000000, 4.250000000000000000, 4.000000000000000000 ) ) ;
#1150 = CARTESIAN_POINT ( 'NONE',  ( -5.250000000000000888, 6.250000000000000000, 3.000000000000000000 ) ) ;
#1151 = CARTESIAN_POINT ( 'NONE',  ( 0.000000000000000000, 0.000000000000000000, 0.000000000000000000 ) ) ;
#1152 = EDGE_CURVE ( 'NONE', #1, #1360, #865, .T. ) ;
#1153 = ORIENTED_EDGE ( 'NONE', *, *, #1056, .F. ) ;
#1154 = CARTESIAN_POINT ( 'NONE',  ( 6.249999999999999112, 6.499999999999999112, 3.000000000000000000 ) ) ;
#1155 = ORIENTED_EDGE ( 'NONE', *, *, #876, .T. ) ;
#1156 = AXIS2_PLACEMENT_3D ( 'NONE', #609, #780, #1575 ) ;
#1157 = DIRECTION ( 'NONE',  ( 8.260587980841938780E-17, 1.000000000000000000, -0.000000000000000000 ) ) ;
#1158 = DIRECTION ( 'NONE',  ( 0.000000000000000000, 0.000000000000000000, -1.000000000000000000 ) ) ;
#1159 = ORIENTED_EDGE ( 'NONE', *, *, #929, .T. ) ;
#1160 = DIRECTION ( 'NONE',  ( 1.000000000000000000, 0.000000000000000000, 0.000000000000000000 ) ) ;
#1161 = FACE_OUTER_BOUND ( 'NONE', #76, .T. ) ;
#1162 = CARTESIAN_POINT ( 'NONE',  ( -5.250000000000000888, 4.250000000000000000, 11.00000000000000000 ) ) ;
#1163 = VERTEX_POINT ( 'NONE', #328 ) ;
#1164 = DIRECTION ( 'NONE',  ( 0.000000000000000000, -0.000000000000000000, 1.000000000000000000 ) ) ;
#1165 = ORIENTED_EDGE ( 'NONE', *, *, #103, .F. ) ;
#1166 = ADVANCED_FACE ( 'NONE', ( #1115 ), #1388, .T. ) ;
#1167 = DIRECTION ( 'NONE',  ( 1.000000000000000000, 0.000000000000000000, 0.000000000000000000 ) ) ;
#1168 = VECTOR ( 'NONE', #1174, 1000.000000000000000 ) ;
#1169 = AXIS2_PLACEMENT_3D ( 'NONE', #261, #1036, #221 ) ;
#1170 = DIRECTION ( 'NONE',  ( -1.734723475976806848E-16, 1.000000000000000000, 0.000000000000000000 ) ) ;
#1171 = CARTESIAN_POINT ( 'NONE',  ( 0.000000000000000000, -6.500000000000000000, 0.000000000000000000 ) ) ;
#1172 = AXIS2_PLACEMENT_3D ( 'NONE', #814, #681, #1211 ) ;
#1173 = ORIENTED_EDGE ( 'NONE', *, *, #1141, .F. ) ;
#1174 = DIRECTION ( 'NONE',  ( -0.000000000000000000, -0.000000000000000000, 1.000000000000000000 ) ) ;
#1175 = EDGE_CURVE ( 'NONE', #767, #75, #726, .T. ) ;
#1176 = ORIENTED_EDGE ( 'NONE', *, *, #5, .T. ) ;
#1177 = EDGE_CURVE ( 'NONE', #867, #1002, #1522, .T. ) ;
#1178 = ORIENTED_EDGE ( 'NONE', *, *, #870, .F. ) ;
#1179 = CIRCLE ( 'NONE', #763, 2.499999999999998668 ) ;
#1180 = DIRECTION ( 'NONE',  ( -1.000000000000000000, -1.734723475976806848E-16, 0.000000000000000000 ) ) ;
#1181 = CARTESIAN_POINT ( 'NONE',  ( 0.000000000000000000, 0.000000000000000000, 0.000000000000000000 ) ) ;
#1182 = AXIS2_PLACEMENT_3D ( 'NONE', #1282, #1562, #903 ) ;
#1183 = ORIENTED_EDGE ( 'NONE', *, *, #19, .T. ) ;
#1184 = CARTESIAN_POINT ( 'NONE',  ( -5.250000000000000888, 6.499999999999999112, 2.000000000000000000 ) ) ;
#1185 = DIRECTION ( 'NONE',  ( 0.000000000000000000, 0.000000000000000000, -1.000000000000000000 ) ) ;
#1186 = DIRECTION ( 'NONE',  ( 1.000000000000000000, 0.000000000000000000, 0.000000000000000000 ) ) ;
#1187 = EDGE_CURVE ( 'NONE', #920, #758, #622, .T. ) ;
#1188 = ORIENTED_EDGE ( 'NONE', *, *, #1616, .T. ) ;
#1189 = CARTESIAN_POINT ( 'NONE',  ( -5.250000000000000000, -9.107298248878235274E-16, 2.000000000000000000 ) ) ;
#1190 = CARTESIAN_POINT ( 'NONE',  ( -5.250000000000000000, -5.250000000000000888, 12.00000000000000000 ) ) ;
#1191 = ORIENTED_EDGE ( 'NONE', *, *, #990, .F. ) ;
#1192 = CARTESIAN_POINT ( 'NONE',  ( 5.250000000000000888, 4.250000000000000000, 11.00000000000000000 ) ) ;
#1193 = FACE_OUTER_BOUND ( 'NONE', #664, .T. ) ;
#1194 = ORIENTED_EDGE ( 'NONE', *, *, #1232, .T. ) ;
#1195 = CYLINDRICAL_SURFACE ( 'NONE', #782, 1.000000000000000000 ) ;
#1196 = DIRECTION ( 'NONE',  ( 1.000000000000000000, 1.734723475976806601E-16, 0.000000000000000000 ) ) ;
#1197 = EDGE_LOOP ( 'NONE', ( #1453, #1526, #1393 ) ) ;
#1198 = DIRECTION ( 'NONE',  ( 8.673617379884035472E-16, -1.000000000000000000, 0.000000000000000000 ) ) ;
#1199 = CARTESIAN_POINT ( 'NONE',  ( 5.249999999999999112, 6.499999999999999112, 1.000000000000000000 ) ) ;
#1200 = AXIS2_PLACEMENT_3D ( 'NONE', #943, #281, #17 ) ;
#1201 = AXIS2_PLACEMENT_3D ( 'NONE', #447, #65, #984 ) ;
#1202 = LINE ( 'NONE', #958, #272 ) ;
#1203 = EDGE_CURVE ( 'NONE', #1113, #1242, #1237, .T. ) ;
#1204 = PRODUCT_DEFINITION_FORMATION_WITH_SPECIFIED_SOURCE ( 'ANY', '', #514, .NOT_KNOWN. ) ;
#1205 = FACE_OUTER_BOUND ( 'NONE', #173, .T. ) ;
#1206 = EDGE_CURVE ( 'NONE', #978, #884, #1239, .T. ) ;
#1207 = ORIENTED_EDGE ( 'NONE', *, *, #1350, .F. ) ;
#1208 = DIRECTION ( 'NONE',  ( 0.000000000000000000, -1.000000000000000000, 0.000000000000000000 ) ) ;
#1209 = CARTESIAN_POINT ( 'NONE',  ( -6.250000000000000888, 0.000000000000000000, 8.099999999999999645 ) ) ;
#1210 = CARTESIAN_POINT ( 'NONE',  ( -5.250000000000000000, -9.107298248878235274E-16, 0.000000000000000000 ) ) ;
#1211 = DIRECTION ( 'NONE',  ( -8.673617379884035472E-16, -1.000000000000000000, 0.000000000000000000 ) ) ;
#1212 = VECTOR ( 'NONE', #1660, 1000.000000000000000 ) ;
#1213 = ORIENTED_EDGE ( 'NONE', *, *, #1717, .T. ) ;
#1214 = CIRCLE ( 'NONE', #940, 1.000000000000000000 ) ;
#1215 = DIRECTION ( 'NONE',  ( -1.000000000000000000, 0.000000000000000000, 0.000000000000000000 ) ) ;
#1216 = FACE_OUTER_BOUND ( 'NONE', #1527, .T. ) ;
#1217 = CARTESIAN_POINT ( 'NONE',  ( 4.250000000000000888, 5.250000000000000000, 11.00000000000000000 ) ) ;
#1218 = VERTEX_POINT ( 'NONE', #997 ) ;
#1219 = ORIENTED_EDGE ( 'NONE', *, *, #876, .F. ) ;
#1220 = EDGE_CURVE ( 'NONE', #1218, #195, #314, .T. ) ;
#1221 = CARTESIAN_POINT ( 'NONE',  ( -4.250000000000000000, 3.061616997868381662E-16, 10.59999999999999787 ) ) ;
#1222 = FACE_OUTER_BOUND ( 'NONE', #223, .T. ) ;
#1223 = FACE_OUTER_BOUND ( 'NONE', #536, .T. ) ;
#1224 = FACE_OUTER_BOUND ( 'NONE', #993, .T. ) ;
#1225 =( NAMED_UNIT ( * ) SI_UNIT ( $, .STERADIAN. ) SOLID_ANGLE_UNIT ( ) );
#1226 = FACE_OUTER_BOUND ( 'NONE', #1549, .T. ) ;
#1227 = ADVANCED_FACE ( 'NONE', ( #983 ), #1519, .T. ) ;
#1228 = CIRCLE ( 'NONE', #363, 1.000000000000000000 ) ;
#1229 = ORIENTED_EDGE ( 'NONE', *, *, #566, .F. ) ;
#1230 = DIRECTION ( 'NONE',  ( 0.000000000000000000, 0.000000000000000000, 1.000000000000000000 ) ) ;
#1231 = DIRECTION ( 'NONE',  ( -8.260587980841938780E-17, 1.000000000000000000, -0.000000000000000000 ) ) ;
#1232 = EDGE_CURVE ( 'NONE', #1327, #525, #13, .T. ) ;
#1233 = DIRECTION ( 'NONE',  ( 0.000000000000000000, -1.000000000000000000, 0.000000000000000000 ) ) ;
#1234 = CARTESIAN_POINT ( 'NONE',  ( 5.250000000000000888, -4.336808689942018722E-16, 12.00000000000000000 ) ) ;
#1235 = FACE_OUTER_BOUND ( 'NONE', #1658, .T. ) ;
#1236 = ORIENTED_EDGE ( 'NONE', *, *, #198, .F. ) ;
#1237 = CIRCLE ( 'NONE', #1348, 1.000000000000000000 ) ;
#1238 = ORIENTED_EDGE ( 'NONE', *, *, #868, .F. ) ;
#1239 = LINE ( 'NONE', #462, #176 ) ;
#1240 = CIRCLE ( 'NONE', #596, 1.000000000000000000 ) ;
#1241 = DIRECTION ( 'NONE',  ( 1.000000000000000000, 8.260587980841937547E-17, 0.000000000000000000 ) ) ;
#1242 = VERTEX_POINT ( 'NONE', #183 ) ;
#1243 = ORIENTED_EDGE ( 'NONE', *, *, #401, .T. ) ;
#1244 = EDGE_LOOP ( 'NONE', ( #724, #778, #1165, #1191 ) ) ;
#1245 = EDGE_CURVE ( 'NONE', #1567, #636, #511, .T. ) ;
#1246 = CARTESIAN_POINT ( 'NONE',  ( -6.250000000000000888, 0.000000000000000000, 8.099999999999999645 ) ) ;
#1247 = CARTESIAN_POINT ( 'NONE',  ( -6.250000000000000888, 6.250000000000000000, 4.000000000000000000 ) ) ;
#1248 = DIRECTION ( 'NONE',  ( 1.000000000000000000, 0.000000000000000000, 0.000000000000000000 ) ) ;
#1249 = DIRECTION ( 'NONE',  ( 1.000000000000000000, 0.000000000000000000, 0.000000000000000000 ) ) ;
#1250 = ORIENTED_EDGE ( 'NONE', *, *, #146, .T. ) ;
#1251 = ORIENTED_EDGE ( 'NONE', *, *, #823, .F. ) ;
#1252 = AXIS2_PLACEMENT_3D ( 'NONE', #159, #694, #950 ) ;
#1253 = ADVANCED_FACE ( 'NONE', ( #88 ), #345, .T. ) ;
#1254 = VECTOR ( 'NONE', #396, 1000.000000000000000 ) ;
#1255 = AXIS2_PLACEMENT_3D ( 'NONE', #860, #563, #1640 ) ;
#1256 = CIRCLE ( 'NONE', #1255, 1.000000000000000000 ) ;
#1257 = CYLINDRICAL_SURFACE ( 'NONE', #564, 2.499999999999998668 ) ;
#1258 = CARTESIAN_POINT ( 'NONE',  ( 5.250000000000000888, 4.250000000000000000, 12.00000000000000000 ) ) ;
#1259 = DIRECTION ( 'NONE',  ( -1.000000000000000000, 0.000000000000000000, 0.000000000000000000 ) ) ;
#1260 = ORIENTED_EDGE ( 'NONE', *, *, #823, .T. ) ;
#1261 = VERTEX_POINT ( 'NONE', #1421 ) ;
#1262 = CIRCLE ( 'NONE', #454, 1.000000000000000000 ) ;
#1263 = CARTESIAN_POINT ( 'NONE',  ( -6.250000000000000888, 6.499999999999999112, 2.000000000000000000 ) ) ;
#1264 = CARTESIAN_POINT ( 'NONE',  ( 5.250000000000000888, 4.250000000000000000, 11.00000000000000000 ) ) ;
#1265 = ORIENTED_EDGE ( 'NONE', *, *, #491, .T. ) ;
#1266 = ORIENTED_EDGE ( 'NONE', *, *, #452, .T. ) ;
#1267 = EDGE_CURVE ( 'NONE', #692, #1650, #871, .T. ) ;
#1268 = CIRCLE ( 'NONE', #1467, 1.000000000000000000 ) ;
#1269 = LINE ( 'NONE', #1413, #342 ) ;
#1270 = EDGE_CURVE ( 'NONE', #25, #758, #616, .T. ) ;
#1271 = DIRECTION ( 'NONE',  ( -1.734723475976806848E-16, 1.000000000000000000, -0.000000000000000000 ) ) ;
#1272 = CARTESIAN_POINT ( 'NONE',  ( 3.250000000000001332, 5.250000000000000000, 3.000000000000000000 ) ) ;
#1273 = CARTESIAN_POINT ( 'NONE',  ( -5.250000000000000888, 4.250000000000000000, 3.000000000000000000 ) ) ;
#1274 =( NAMED_UNIT ( * ) PLANE_ANGLE_UNIT ( ) SI_UNIT ( $, .RADIAN. ) );
#1275 = VERTEX_POINT ( 'NONE', #734 ) ;
#1276 = ORIENTED_EDGE ( 'NONE', *, *, #682, .T. ) ;
#1277 = EDGE_CURVE ( 'NONE', #450, #841, #1262, .T. ) ;
#1278 = ORIENTED_EDGE ( 'NONE', *, *, #501, .F. ) ;
#1279 = AXIS2_PLACEMENT_3D ( 'NONE', #1192, #224, #510 ) ;
#1280 = AXIS2_PLACEMENT_3D ( 'NONE', #200, #1397, #1671 ) ;
#1281 = EDGE_CURVE ( 'NONE', #1650, #1140, #1490, .T. ) ;
#1282 = CARTESIAN_POINT ( 'NONE',  ( -5.250000000000000000, -4.250000000000000888, 4.000000000000000000 ) ) ;
#1283 = AXIS2_PLACEMENT_3D ( 'NONE', #959, #1489, #289 ) ;
#1284 = FACE_OUTER_BOUND ( 'NONE', #242, .T. ) ;
#1285 = DIRECTION ( 'NONE',  ( 1.000000000000000000, -8.673617379884035472E-16, 0.000000000000000000 ) ) ;
#1286 = VERTEX_POINT ( 'NONE', #1263 ) ;
#1287 = EDGE_LOOP ( 'NONE', ( #1642, #515, #1011 ) ) ;
#1288 = ORIENTED_EDGE ( 'NONE', *, *, #666, .F. ) ;
#1289 = CARTESIAN_POINT ( 'NONE',  ( -6.250000000000000000, 4.250000000000000000, 11.00000000000000000 ) ) ;
#1290 = AXIS2_PLACEMENT_3D ( 'NONE', #576, #1637, #295 ) ;
#1291 = TOROIDAL_SURFACE ( 'NONE', #1182, 2.000000000000000000, 1.000000000000000000 ) ;
#1292 = LINE ( 'NONE', #1682, #683 ) ;
#1293 = LINE ( 'NONE', #366, #321 ) ;
#1294 = DIRECTION ( 'NONE',  ( 1.000000000000000000, 0.000000000000000000, 0.000000000000000000 ) ) ;
#1295 = ORIENTED_EDGE ( 'NONE', *, *, #535, .T. ) ;
#1296 = CYLINDRICAL_SURFACE ( 'NONE', #697, 1.000000000000000000 ) ;
#1297 = EDGE_CURVE ( 'NONE', #450, #525, #1669, .T. ) ;
#1298 = ORIENTED_EDGE ( 'NONE', *, *, #172, .F. ) ;
#1299 = AXIS2_PLACEMENT_3D ( 'NONE', #1042, #1440, #222 ) ;
#1300 = DIRECTION ( 'NONE',  ( 0.000000000000000000, 0.000000000000000000, -1.000000000000000000 ) ) ;
#1301 = EDGE_CURVE ( 'NONE', #920, #450, #1013, .T. ) ;
#1302 = DIRECTION ( 'NONE',  ( 1.000000000000000000, 0.000000000000000000, 0.000000000000000000 ) ) ;
#1303 = CARTESIAN_POINT ( 'NONE',  ( -6.249999999999998224, -7.500000000000000000, 3.000000000000000000 ) ) ;
#1304 = FACE_OUTER_BOUND ( 'NONE', #1244, .T. ) ;
#1305 = EDGE_LOOP ( 'NONE', ( #755, #1484, #988, #1219 ) ) ;
#1306 = DIRECTION ( 'NONE',  ( -8.673617379884035472E-16, 1.000000000000000000, 0.000000000000000000 ) ) ;
#1307 = VERTEX_POINT ( 'NONE', #1289 ) ;
#1308 = EDGE_CURVE ( 'NONE', #793, #1010, #877, .T. ) ;
#1309 = VECTOR ( 'NONE', #1271, 1000.000000000000000 ) ;
#1310 = DIRECTION ( 'NONE',  ( 0.000000000000000000, -1.000000000000000000, 0.000000000000000000 ) ) ;
#1311 = CARTESIAN_POINT ( 'NONE',  ( 5.250000000000001776, -7.500000000000000000, 2.000000000000000000 ) ) ;
#1312 = ORIENTED_EDGE ( 'NONE', *, *, #1653, .T. ) ;
#1313 = CARTESIAN_POINT ( 'NONE',  ( -5.250000000000000888, 6.499999999999999112, 1.000000000000000000 ) ) ;
#1314 = CARTESIAN_POINT ( 'NONE',  ( -4.250000000000000000, -4.250000000000000888, 4.000000000000000000 ) ) ;
#1315 = ORIENTED_EDGE ( 'NONE', *, *, #990, .T. ) ;
#1316 = DIRECTION ( 'NONE',  ( -8.260587980841938780E-17, 1.000000000000000000, -0.000000000000000000 ) ) ;
#1317 = CARTESIAN_POINT ( 'NONE',  ( 3.250000000000001332, 5.250000000000000000, 4.000000000000000000 ) ) ;
#1318 = ORIENTED_EDGE ( 'NONE', *, *, #460, .T. ) ;
#1319 = AXIS2_PLACEMENT_3D ( 'NONE', #1354, #972, #158 ) ;
#1320 = CARTESIAN_POINT ( 'NONE',  ( -5.250000000000000888, 6.499999999999999112, 2.000000000000000000 ) ) ;
#1321 = DIRECTION ( 'NONE',  ( -0.000000000000000000, 1.000000000000000000, -0.000000000000000000 ) ) ;
#1322 = CIRCLE ( 'NONE', #653, 1.000000000000000000 ) ;
#1323 = EDGE_LOOP ( 'NONE', ( #302, #1295, #187, #820 ) ) ;
#1324 = CARTESIAN_POINT ( 'NONE',  ( -6.250000000000000888, 7.499999999999999112, 3.000000000000000000 ) ) ;
#1325 = CARTESIAN_POINT ( 'NONE',  ( 4.250000000000000888, 0.000000000000000000, 8.099999999999999645 ) ) ;
#1326 = CIRCLE ( 'NONE', #1523, 1.000000000000000000 ) ;
#1327 = VERTEX_POINT ( 'NONE', #355 ) ;
#1328 = CARTESIAN_POINT ( 'NONE',  ( 5.249999999999999112, 6.250000000000000000, 4.000000000000000000 ) ) ;
#1329 = FACE_OUTER_BOUND ( 'NONE', #614, .T. ) ;
#1330 = ADVANCED_FACE ( 'NONE', ( #1023 ), #1544, .T. ) ;
#1331 = CARTESIAN_POINT ( 'NONE',  ( -5.250000000000000888, 4.250000000000000000, 12.00000000000000000 ) ) ;
#1332 = LINE ( 'NONE', #689, #1114 ) ;
#1333 = DIRECTION ( 'NONE',  ( 1.000000000000000000, 0.000000000000000000, 0.000000000000000000 ) ) ;
#1334 = ADVANCED_FACE ( 'NONE', ( #1552 ), #79, .T. ) ;
#1335 = DIRECTION ( 'NONE',  ( -1.000000000000000000, 0.000000000000000000, 0.000000000000000000 ) ) ;
#1336 = ORIENTED_EDGE ( 'NONE', *, *, #425, .T. ) ;
#1337 = EDGE_CURVE ( 'NONE', #1286, #1387, #1269, .T. ) ;
#1338 = DIRECTION ( 'NONE',  ( 8.673617379884027583E-16, -8.673617379884027583E-16, 1.000000000000000000 ) ) ;
#1339 = CARTESIAN_POINT ( 'NONE',  ( 6.250000000000001776, -6.250000000000000888, 4.000000000000000000 ) ) ;
#1340 = AXIS2_PLACEMENT_3D ( 'NONE', #1247, #477, #347 ) ;
#1341 = AXIS2_PLACEMENT_3D ( 'NONE', #1498, #1185, #1595 ) ;
#1342 = ORIENTED_EDGE ( 'NONE', *, *, #1177, .F. ) ;
#1343 = CARTESIAN_POINT ( 'NONE',  ( 5.249999999999998224, 7.499999999999999112, 2.000000000000000000 ) ) ;
#1344 = DIRECTION ( 'NONE',  ( -0.000000000000000000, -0.000000000000000000, 1.000000000000000000 ) ) ;
#1345 = FACE_OUTER_BOUND ( 'NONE', #565, .T. ) ;
#1346 = SURFACE_STYLE_USAGE ( .BOTH. , #578 ) ;
#1347 = AXIS2_PLACEMENT_3D ( 'NONE', #931, #356, #1052 ) ;
#1348 = AXIS2_PLACEMENT_3D ( 'NONE', #569, #304, #1495 ) ;
#1349 = ORIENTED_EDGE ( 'NONE', *, *, #1389, .F. ) ;
#1350 = EDGE_CURVE ( 'NONE', #758, #636, #211, .T. ) ;
#1351 = ORIENTED_EDGE ( 'NONE', *, *, #1078, .T. ) ;
#1352 = VECTOR ( 'NONE', #619, 1000.000000000000000 ) ;
#1353 = DIRECTION ( 'NONE',  ( 1.000000000000000000, 0.000000000000000000, 0.000000000000000000 ) ) ;
#1354 = CARTESIAN_POINT ( 'NONE',  ( -5.250000000000001776, 4.250000000000000000, 11.00000000000000000 ) ) ;
#1355 = ADVANCED_FACE ( 'NONE', ( #364 ), #505, .T. ) ;
#1356 = DIRECTION ( 'NONE',  ( 1.734723475976806848E-16, -1.000000000000000000, 0.000000000000000000 ) ) ;
#1357 = CARTESIAN_POINT ( 'NONE',  ( 6.250000000000001776, 0.000000000000000000, 8.099999999999999645 ) ) ;
#1358 = CARTESIAN_POINT ( 'NONE',  ( 5.249999999999999112, 4.250000000000000000, 11.00000000000000000 ) ) ;
#1359 = ADVANCED_FACE ( 'NONE', ( #768 ), #1291, .F. ) ;
#1360 = VERTEX_POINT ( 'NONE', #1032 ) ;
#1361 = CARTESIAN_POINT ( 'NONE',  ( 6.249999999999999112, 6.250000000000000000, 4.000000000000000000 ) ) ;
#1362 = CARTESIAN_POINT ( 'NONE',  ( 6.249999999999999112, 5.250000000000000000, 2.000000000000000000 ) ) ;
#1363 = CARTESIAN_POINT ( 'NONE',  ( -6.250000000000000888, 5.250000000000000000, 11.00000000000000000 ) ) ;
#1364 = AXIS2_PLACEMENT_3D ( 'NONE', #112, #1046, #1434 ) ;
#1365 = DIRECTION ( 'NONE',  ( -8.260587980841938780E-17, -1.000000000000000000, 0.000000000000000000 ) ) ;
#1366 = DIRECTION ( 'NONE',  ( 0.000000000000000000, 0.000000000000000000, 1.000000000000000000 ) ) ;
#1367 = AXIS2_PLACEMENT_3D ( 'NONE', #966, #1496, #297 ) ;
#1368 = EDGE_CURVE ( 'NONE', #1360, #1057, #708, .T. ) ;
#1369 = VECTOR ( 'NONE', #936, 1000.000000000000000 ) ;
#1370 = VERTEX_POINT ( 'NONE', #147 ) ;
#1371 = DIRECTION ( 'NONE',  ( -1.000000000000000000, 0.000000000000000000, 0.000000000000000000 ) ) ;
#1372 = DIRECTION ( 'NONE',  ( -1.000000000000000000, 8.260587980841938780E-17, 0.000000000000000000 ) ) ;
#1373 = CARTESIAN_POINT ( 'NONE',  ( 5.250000000000001776, -6.500000000000000000, 2.000000000000000000 ) ) ;
#1374 = DIRECTION ( 'NONE',  ( 1.734723475976807094E-16, -1.000000000000000000, 0.000000000000000000 ) ) ;
#1375 = EDGE_LOOP ( 'NONE', ( #1183, #341, #1238, #1054 ) ) ;
#1376 = AXIS2_PLACEMENT_3D ( 'NONE', #1701, #516, #1690 ) ;
#1377 = CIRCLE ( 'NONE', #202, 2.499999999999998668 ) ;
#1378 = AXIS2_PLACEMENT_3D ( 'NONE', #1588, #1157, #859 ) ;
#1379 = EDGE_LOOP ( 'NONE', ( #630, #1121, #1576, #239, #1516, #376, #1060, #970, #954, #1392 ) ) ;
#1380 = DIRECTION ( 'NONE',  ( 1.000000000000000000, 1.734723475976806848E-16, -0.000000000000000000 ) ) ;
#1381 = VECTOR ( 'NONE', #1025, 1000.000000000000000 ) ;
#1382 = DIRECTION ( 'NONE',  ( 0.000000000000000000, 0.000000000000000000, -1.000000000000000000 ) ) ;
#1383 = ADVANCED_FACE ( 'NONE', ( #1205 ), #402, .T. ) ;
#1384 = LINE ( 'NONE', #59, #115 ) ;
#1385 = ORIENTED_EDGE ( 'NONE', *, *, #1517, .T. ) ;
#1386 = ORIENTED_EDGE ( 'NONE', *, *, #637, .F. ) ;
#1387 = VERTEX_POINT ( 'NONE', #1705 ) ;
#1388 = CYLINDRICAL_SURFACE ( 'NONE', #1600, 1.000000000000000000 ) ;
#1389 = EDGE_CURVE ( 'NONE', #1, #692, #798, .T. ) ;
#1390 = CARTESIAN_POINT ( 'NONE',  ( -3.250000000000000444, -4.250000000000000888, 3.000000000000000000 ) ) ;
#1391 = DIRECTION ( 'NONE',  ( -1.000000000000000000, 0.000000000000000000, 0.000000000000000000 ) ) ;
#1392 = ORIENTED_EDGE ( 'NONE', *, *, #1245, .F. ) ;
#1393 = ORIENTED_EDGE ( 'NONE', *, *, #711, .F. ) ;
#1394 = AXIS2_PLACEMENT_3D ( 'NONE', #1184, #1164, #252 ) ;
#1395 = AXIS2_PLACEMENT_3D ( 'NONE', #387, #253, #663 ) ;
#1396 = DIRECTION ( 'NONE',  ( 0.000000000000000000, 0.000000000000000000, 1.000000000000000000 ) ) ;
#1397 = DIRECTION ( 'NONE',  ( -1.000000000000000000, -8.260587980841938780E-17, 0.000000000000000000 ) ) ;
#1398 = DIRECTION ( 'NONE',  ( 1.000000000000000000, 0.000000000000000000, 0.000000000000000000 ) ) ;
#1399 = VERTEX_POINT ( 'NONE', #246 ) ;
#1400 = AXIS2_PLACEMENT_3D ( 'NONE', #1209, #922, #117 ) ;
#1401 = FACE_OUTER_BOUND ( 'NONE', #128, .T. ) ;
#1402 = ADVANCED_FACE ( 'NONE', ( #381 ), #789, .F. ) ;
#1403 = AXIS2_PLACEMENT_3D ( 'NONE', #976, #712, #1248 ) ;
#1404 = DIRECTION ( 'NONE',  ( 1.000000000000000000, -0.000000000000000000, 0.000000000000000000 ) ) ;
#1405 = CARTESIAN_POINT ( 'NONE',  ( 5.250000000000000888, -4.250000000000000888, 11.00000000000000000 ) ) ;
#1406 = DIRECTION ( 'NONE',  ( 1.000000000000000000, 0.000000000000000000, 0.000000000000000000 ) ) ;
#1407 = ADVANCED_FACE ( 'NONE', ( #808 ), #667, .T. ) ;
#1408 = ORIENTED_EDGE ( 'NONE', *, *, #1301, .F. ) ;
#1409 = ORIENTED_EDGE ( 'NONE', *, *, #1232, .F. ) ;
#1410 = EDGE_CURVE ( 'NONE', #1047, #420, #1322, .T. ) ;
#1411 = APPLICATION_CONTEXT ( 'automotive_design' ) ;
#1412 = ADVANCED_FACE ( 'NONE', ( #1606 ), #273, .T. ) ;
#1413 = CARTESIAN_POINT ( 'NONE',  ( -6.250000000000000888, 6.499999999999999112, 3.000000000000000000 ) ) ;
#1414 = DIRECTION ( 'NONE',  ( 1.000000000000000000, -0.000000000000000000, -0.000000000000000000 ) ) ;
#1415 = CARTESIAN_POINT ( 'NONE',  ( 4.250000000000000888, 4.250000000000000000, 11.00000000000000000 ) ) ;
#1416 = ORIENTED_EDGE ( 'NONE', *, *, #1499, .F. ) ;
#1417 = ORIENTED_EDGE ( 'NONE', *, *, #349, .F. ) ;
#1418 = EDGE_LOOP ( 'NONE', ( #1265, #1213, #483, #1556 ) ) ;
#1419 = CIRCLE ( 'NONE', #419, 1.000000000000000000 ) ;
#1420 = AXIS2_PLACEMENT_3D ( 'NONE', #599, #1414, #1382 ) ;
#1421 = CARTESIAN_POINT ( 'NONE',  ( 5.250000000000000000, 5.250000000000000000, 11.00000000000000000 ) ) ;
#1422 = FACE_OUTER_BOUND ( 'NONE', #1110, .T. ) ;
#1423 = FACE_OUTER_BOUND ( 'NONE', #1677, .T. ) ;
#1424 = DIRECTION ( 'NONE',  ( 1.000000000000000000, 0.000000000000000000, 0.000000000000000000 ) ) ;
#1425 = EDGE_LOOP ( 'NONE', ( #1251, #459, #61 ) ) ;
#1426 = FACE_OUTER_BOUND ( 'NONE', #188, .T. ) ;
#1427 = ORIENTED_EDGE ( 'NONE', *, *, #1499, .T. ) ;
#1428 = ADVANCED_FACE ( 'NONE', ( #911 ), #1437, .T. ) ;
#1429 = CARTESIAN_POINT ( 'NONE',  ( -5.250000000000000888, 6.499999999999999112, 2.000000000000000000 ) ) ;
#1430 = VECTOR ( 'NONE', #638, 1000.000000000000000 ) ;
#1431 = CARTESIAN_POINT ( 'NONE',  ( 4.250000000000000888, 0.000000000000000000, 5.600000000000000533 ) ) ;
#1432 = DIRECTION ( 'NONE',  ( 0.000000000000000000, 0.000000000000000000, 1.000000000000000000 ) ) ;
#1433 = ORIENTED_EDGE ( 'NONE', *, *, #1435, .F. ) ;
#1434 = DIRECTION ( 'NONE',  ( 8.260587980841938780E-17, -1.000000000000000000, 0.000000000000000000 ) ) ;
#1435 = EDGE_CURVE ( 'NONE', #1657, #525, #1627, .T. ) ;
#1436 = CIRCLE ( 'NONE', #1156, 1.000000000000000000 ) ;
#1437 = CYLINDRICAL_SURFACE ( 'NONE', #1378, 1.000000000000000000 ) ;
#1438 = VERTEX_POINT ( 'NONE', #58 ) ;
#1439 = DIRECTION ( 'NONE',  ( 1.000000000000000000, -0.000000000000000000, -0.000000000000000000 ) ) ;
#1440 = DIRECTION ( 'NONE',  ( -1.734723475976806848E-16, 1.000000000000000000, 0.000000000000000000 ) ) ;
#1441 = ORIENTED_EDGE ( 'NONE', *, *, #1517, .F. ) ;
#1442 = LINE ( 'NONE', #1154, #1168 ) ;
#1443 = CARTESIAN_POINT ( 'NONE',  ( 5.249999999999999112, 7.499999999999999112, 3.000000000000000000 ) ) ;
#1444 = ORIENTED_EDGE ( 'NONE', *, *, #1220, .T. ) ;
#1445 = DIRECTION ( 'NONE',  ( 0.000000000000000000, -1.000000000000000000, 0.000000000000000000 ) ) ;
#1446 = DIRECTION ( 'NONE',  ( -1.734723475976806848E-16, 1.000000000000000000, -0.000000000000000000 ) ) ;
#1447 = DIRECTION ( 'NONE',  ( 0.000000000000000000, -1.000000000000000000, 0.000000000000000000 ) ) ;
#1448 = AXIS2_PLACEMENT_3D ( 'NONE', #185, #1626, #1515 ) ;
#1449 = EDGE_LOOP ( 'NONE', ( #833, #209, #573, #1585 ) ) ;
#1450 = SPHERICAL_SURFACE ( 'NONE', #725, 1.000000000000000000 ) ;
#1451 = ADVANCED_BREP_SHAPE_REPRESENTATION ( 'V2 Hinge', ( #1452, #1511 ), #982 ) ;
#1452 = MANIFOLD_SOLID_BREP ( 'Fillet1', #1697 ) ;
#1453 = ORIENTED_EDGE ( 'NONE', *, *, #1187, .T. ) ;
#1454 = CYLINDRICAL_SURFACE ( 'NONE', #1641, 1.000000000000000000 ) ;
#1455 = EDGE_CURVE ( 'NONE', #601, #862, #554, .T. ) ;
#1456 = ORIENTED_EDGE ( 'NONE', *, *, #474, .F. ) ;
#1457 = AXIS2_PLACEMENT_3D ( 'NONE', #126, #1160, #1707 ) ;
#1458 = AXIS2_PLACEMENT_3D ( 'NONE', #792, #416, #932 ) ;
#1459 = CARTESIAN_POINT ( 'NONE',  ( 6.250000000000001776, 0.000000000000000000, 5.600000000000000533 ) ) ;
#1460 = DIRECTION ( 'NONE',  ( 1.000000000000000000, 0.000000000000000000, 0.000000000000000000 ) ) ;
#1461 = VECTOR ( 'NONE', #759, 1000.000000000000000 ) ;
#1462 = CARTESIAN_POINT ( 'NONE',  ( 5.250000000000000888, -7.500000000000000000, 3.000000000000000000 ) ) ;
#1463 = EDGE_CURVE ( 'NONE', #939, #580, #1603, .T. ) ;
#1464 = EDGE_LOOP ( 'NONE', ( #1686, #590, #436, #908 ) ) ;
#1465 = CARTESIAN_POINT ( 'NONE',  ( -5.249999999999999112, -6.250000000000000000, 3.000000000000000000 ) ) ;
#1466 = EDGE_CURVE ( 'NONE', #1387, #1596, #317, .T. ) ;
#1467 = AXIS2_PLACEMENT_3D ( 'NONE', #559, #1075, #1198 ) ;
#1468 = CARTESIAN_POINT ( 'NONE',  ( 5.250000000000000000, -4.250000000000000000, 12.00000000000000000 ) ) ;
#1469 = ORIENTED_EDGE ( 'NONE', *, *, #72, .T. ) ;
#1470 = DIRECTION ( 'NONE',  ( 1.000000000000000000, 0.000000000000000000, 8.673617379884035472E-16 ) ) ;
#1471 = DIRECTION ( 'NONE',  ( 0.000000000000000000, 0.000000000000000000, -1.000000000000000000 ) ) ;
#1472 = DIRECTION ( 'NONE',  ( 1.000000000000000000, 0.000000000000000000, 0.000000000000000000 ) ) ;
#1473 = EDGE_CURVE ( 'NONE', #1242, #485, #1332, .T. ) ;
#1474 = VERTEX_POINT ( 'NONE', #409 ) ;
#1475 = CARTESIAN_POINT ( 'NONE',  ( 6.250000000000001776, 0.000000000000000000, 8.099999999999999645 ) ) ;
#1476 = DIRECTION ( 'NONE',  ( 0.000000000000000000, 0.000000000000000000, -1.000000000000000000 ) ) ;
#1477 = TOROIDAL_SURFACE ( 'NONE', #1367, 2.000000000000000000, 1.000000000000000000 ) ;
#1478 = VECTOR ( 'NONE', #1647, 1000.000000000000000 ) ;
#1479 = FACE_OUTER_BOUND ( 'NONE', #747, .T. ) ;
#1480 = EDGE_CURVE ( 'NONE', #75, #485, #1593, .T. ) ;
#1481 = AXIS2_PLACEMENT_3D ( 'NONE', #161, #572, #1391 ) ;
#1482 = ORIENTED_EDGE ( 'NONE', *, *, #1026, .F. ) ;
#1483 = EDGE_CURVE ( 'NONE', #1261, #1370, #34, .T. ) ;
#1484 = ORIENTED_EDGE ( 'NONE', *, *, #1337, .F. ) ;
#1485 = CARTESIAN_POINT ( 'NONE',  ( -6.249999999999999112, -4.250000000000000000, 11.00000000000000000 ) ) ;
#1486 = CARTESIAN_POINT ( 'NONE',  ( 5.249999999999999112, 6.499999999999999112, 2.000000000000000000 ) ) ;
#1487 = AXIS2_PLACEMENT_3D ( 'NONE', #1339, #144, #1447 ) ;
#1488 = FACE_OUTER_BOUND ( 'NONE', #12, .T. ) ;
#1489 = DIRECTION ( 'NONE',  ( 1.000000000000000000, 8.673617379884035472E-16, -0.000000000000000000 ) ) ;
#1490 = CIRCLE ( 'NONE', #735, 1.000000000000000000 ) ;
#1491 = EDGE_CURVE ( 'NONE', #1057, #883, #926, .T. ) ;
#1492 = ORIENTED_EDGE ( 'NONE', *, *, #1277, .T. ) ;
#1493 = ORIENTED_EDGE ( 'NONE', *, *, #475, .T. ) ;
#1494 = CARTESIAN_POINT ( 'NONE',  ( -5.250000000000000888, 6.499999999999999112, 1.000000000000000000 ) ) ;
#1495 = DIRECTION ( 'NONE',  ( -1.000000000000000000, 0.000000000000000000, 0.000000000000000000 ) ) ;
#1496 = DIRECTION ( 'NONE',  ( 1.000000000000000000, 1.734723475976806848E-16, -0.000000000000000000 ) ) ;
#1497 = CARTESIAN_POINT ( 'NONE',  ( -4.250000000000000888, 5.250000000000000000, 4.000000000000000000 ) ) ;
#1498 = CARTESIAN_POINT ( 'NONE',  ( -5.250000000000000888, 6.499999999999999112, 1.000000000000000000 ) ) ;
#1499 = EDGE_CURVE ( 'NONE', #963, #692, #398, .T. ) ;
#1500 = LINE ( 'NONE', #193, #728 ) ;
#1501 = ORIENTED_EDGE ( 'NONE', *, *, #301, .F. ) ;
#1502 = VERTEX_POINT ( 'NONE', #1314 ) ;
#1503 = CARTESIAN_POINT ( 'NONE',  ( -5.250000000000000888, 6.250000000000000000, 4.000000000000000000 ) ) ;
#1504 = CARTESIAN_POINT ( 'NONE',  ( -6.249999999999998224, -6.500000000000000000, 1.000000000000000000 ) ) ;
#1505 = DIRECTION ( 'NONE',  ( -1.734723475976806848E-16, 1.000000000000000000, 0.000000000000000000 ) ) ;
#1506 = CIRCLE ( 'NONE', #1111, 1.000000000000000888 ) ;
#1507 = DIRECTION ( 'NONE',  ( 1.000000000000000000, -0.000000000000000000, -0.000000000000000000 ) ) ;
#1508 = CARTESIAN_POINT ( 'NONE',  ( -6.249999999999999112, -4.250000000000000000, 4.000000000000000000 ) ) ;
#1509 = CIRCLE ( 'NONE', #727, 1.000000000000000000 ) ;
#1510 = EDGE_LOOP ( 'NONE', ( #275, #802, #1349, #723 ) ) ;
#1511 = AXIS2_PLACEMENT_3D ( 'NONE', #1151, #1684, #1424 ) ;
#1512 = ORIENTED_EDGE ( 'NONE', *, *, #1368, .F. ) ;
#1513 = ADVANCED_FACE ( 'NONE', ( #1193 ), #1712, .T. ) ;
#1514 = CARTESIAN_POINT ( 'NONE',  ( -6.250000000000000888, 3.061616997868381662E-16, 10.59999999999999787 ) ) ;
#1515 = DIRECTION ( 'NONE',  ( 0.000000000000000000, 0.000000000000000000, 1.000000000000000000 ) ) ;
#1516 = ORIENTED_EDGE ( 'NONE', *, *, #581, .T. ) ;
#1517 = EDGE_CURVE ( 'NONE', #485, #1307, #1006, .T. ) ;
#1518 = ORIENTED_EDGE ( 'NONE', *, *, #1118, .T. ) ;
#1519 = TOROIDAL_SURFACE ( 'NONE', #592, 2.000000000000000000, 1.000000000000000000 ) ;
#1520 = ADVANCED_FACE ( 'NONE', ( #457 ), #316, .T. ) ;
#1521 = ORIENTED_EDGE ( 'NONE', *, *, #733, .F. ) ;
#1522 = LINE ( 'NONE', #1630, #257 ) ;
#1523 = AXIS2_PLACEMENT_3D ( 'NONE', #1503, #843, #858 ) ;
#1524 = DIRECTION ( 'NONE',  ( 1.000000000000000000, 0.000000000000000000, 0.000000000000000000 ) ) ;
#1525 = DIRECTION ( 'NONE',  ( 0.000000000000000000, 0.000000000000000000, 1.000000000000000000 ) ) ;
#1526 = ORIENTED_EDGE ( 'NONE', *, *, #688, .T. ) ;
#1527 = EDGE_LOOP ( 'NONE', ( #1276, #105, #1532, #1416 ) ) ;
#1528 = DIRECTION ( 'NONE',  ( 0.000000000000000000, 2.602085213965210642E-15, -1.000000000000000000 ) ) ;
#1529 = CYLINDRICAL_SURFACE ( 'NONE', #502, 1.000000000000000000 ) ;
#1530 = DIRECTION ( 'NONE',  ( 1.000000000000000000, 0.000000000000000000, 0.000000000000000000 ) ) ;
#1531 = ORIENTED_EDGE ( 'NONE', *, *, #1653, .F. ) ;
#1532 = ORIENTED_EDGE ( 'NONE', *, *, #1533, .F. ) ;
#1533 = EDGE_CURVE ( 'NONE', #692, #883, #700, .T. ) ;
#1534 = VECTOR ( 'NONE', #417, 1000.000000000000000 ) ;
#1535 = AXIS2_PLACEMENT_3D ( 'NONE', #1673, #882, #464 ) ;
#1536 = EDGE_CURVE ( 'NONE', #1719, #1370, #247, .T. ) ;
#1537 = CARTESIAN_POINT ( 'NONE',  ( 6.250000000000001776, -6.500000000000000000, 3.000000000000000000 ) ) ;
#1538 = DIRECTION ( 'NONE',  ( 1.000000000000000000, -0.000000000000000000, -0.000000000000000000 ) ) ;
#1539 = DIRECTION ( 'NONE',  ( 0.000000000000000000, 0.000000000000000000, -1.000000000000000000 ) ) ;
#1540 = VERTEX_POINT ( 'NONE', #178 ) ;
#1541 = ADVANCED_FACE ( 'NONE', ( #1235 ), #953, .T. ) ;
#1542 = VECTOR ( 'NONE', #1231, 1000.000000000000000 ) ;
#1543 = AXIS2_PLACEMENT_3D ( 'NONE', #533, #524, #655 ) ;
#1544 = CYLINDRICAL_SURFACE ( 'NONE', #1147, 1.000000000000000000 ) ;
#1545 = CARTESIAN_POINT ( 'NONE',  ( 6.250000000000001776, -6.500000000000000000, 1.000000000000000000 ) ) ;
#1546 = DIRECTION ( 'NONE',  ( -0.000000000000000000, 0.000000000000000000, -1.000000000000000000 ) ) ;
#1547 = CARTESIAN_POINT ( 'NONE',  ( -4.250000000000000000, -4.250000000000000888, 12.00000000000000000 ) ) ;
#1548 = AXIS2_PLACEMENT_3D ( 'NONE', #1132, #1037, #632 ) ;
#1549 = EDGE_LOOP ( 'NONE', ( #1433, #1336, #613, #1018, #132, #832, #362, #1315, #1134, #494, #125, #503 ) ) ;
#1550 = ORIENTED_EDGE ( 'NONE', *, *, #291, .T. ) ;
#1551 = ORIENTED_EDGE ( 'NONE', *, *, #1536, .T. ) ;
#1552 = FACE_OUTER_BOUND ( 'NONE', #1612, .T. ) ;
#1553 = SPHERICAL_SURFACE ( 'NONE', #1457, 1.000000000000000000 ) ;
#1554 = LINE ( 'NONE', #90, #995 ) ;
#1555 = CIRCLE ( 'NONE', #604, 1.000000000000000000 ) ;
#1556 = ORIENTED_EDGE ( 'NONE', *, *, #969, .T. ) ;
#1557 = CARTESIAN_POINT ( 'NONE',  ( -5.249999999999999112, -4.250000000000000000, 12.00000000000000000 ) ) ;
#1558 = ADVANCED_FACE ( 'NONE', ( #985 ), #67, .T. ) ;
#1559 = ORIENTED_EDGE ( 'NONE', *, *, #120, .T. ) ;
#1560 = AXIS2_PLACEMENT_3D ( 'NONE', #1100, #424, #1472 ) ;
#1561 = AXIS2_PLACEMENT_3D ( 'NONE', #1625, #167, #703 ) ;
#1562 = DIRECTION ( 'NONE',  ( -0.000000000000000000, 0.000000000000000000, 1.000000000000000000 ) ) ;
#1563 = ADVANCED_FACE ( 'NONE', ( #168 ), #1644, .F. ) ;
#1564 = DIRECTION ( 'NONE',  ( -1.000000000000000000, -1.734723475976806601E-16, 0.000000000000000000 ) ) ;
#1565 = CARTESIAN_POINT ( 'NONE',  ( 4.250000000000000000, -4.250000000000000888, 12.00000000000000000 ) ) ;
#1566 = CARTESIAN_POINT ( 'NONE',  ( -5.250000000000000888, 6.499999999999999112, 3.000000000000000000 ) ) ;
#1567 = VERTEX_POINT ( 'NONE', #1508 ) ;
#1568 = ORIENTED_EDGE ( 'NONE', *, *, #124, .T. ) ;
#1569 = ORIENTED_EDGE ( 'NONE', *, *, #894, .T. ) ;
#1570 = CIRCLE ( 'NONE', #1376, 1.000000000000000000 ) ;
#1571 = EDGE_CURVE ( 'NONE', #793, #1275, #872, .T. ) ;
#1572 = CARTESIAN_POINT ( 'NONE',  ( 5.250000000000000888, 4.250000000000000000, 11.00000000000000000 ) ) ;
#1573 = CIRCLE ( 'NONE', #878, 1.000000000000000000 ) ;
#1574 = LINE ( 'NONE', #1024, #1704 ) ;
#1575 = DIRECTION ( 'NONE',  ( 8.673617379884035472E-16, -1.000000000000000000, 0.000000000000000000 ) ) ;
#1576 = ORIENTED_EDGE ( 'NONE', *, *, #717, .T. ) ;
#1577 = DIRECTION ( 'NONE',  ( 1.000000000000000000, 0.000000000000000000, 0.000000000000000000 ) ) ;
#1578 = AXIS2_PLACEMENT_3D ( 'NONE', #1361, #174, #1208 ) ;
#1579 = DIRECTION ( 'NONE',  ( -1.000000000000000000, 0.000000000000000000, 0.000000000000000000 ) ) ;
#1580 = CARTESIAN_POINT ( 'NONE',  ( 3.250000000000001332, 4.250000000000000000, 4.000000000000000000 ) ) ;
#1581 = FACE_OUTER_BOUND ( 'NONE', #4, .T. ) ;
#1582 = ORIENTED_EDGE ( 'NONE', *, *, #711, .T. ) ;
#1583 = DIRECTION ( 'NONE',  ( 1.000000000000000000, 0.000000000000000000, 0.000000000000000000 ) ) ;
#1584 = ADVANCED_FACE ( 'NONE', ( #43 ), #704, .T. ) ;
#1585 = ORIENTED_EDGE ( 'NONE', *, *, #146, .F. ) ;
#1586 = DIRECTION ( 'NONE',  ( 0.000000000000000000, 0.000000000000000000, -1.000000000000000000 ) ) ;
#1587 = VECTOR ( 'NONE', #263, 1000.000000000000000 ) ;
#1588 = CARTESIAN_POINT ( 'NONE',  ( 5.250000000000000888, 5.250000000000000000, 11.00000000000000000 ) ) ;
#1589 = ADVANCED_FACE ( 'NONE', ( #1226 ), #308, .T. ) ;
#1590 = ORIENTED_EDGE ( 'NONE', *, *, #474, .T. ) ;
#1591 = CARTESIAN_POINT ( 'NONE',  ( 4.250000000000000888, 5.250000000000000000, 12.00000000000000000 ) ) ;
#1592 = FACE_BOUND ( 'NONE', #225, .T. ) ;
#1593 = CIRCLE ( 'NONE', #1172, 1.000000000000000000 ) ;
#1594 = DIRECTION ( 'NONE',  ( -1.000000000000000000, 0.000000000000000000, 0.000000000000000000 ) ) ;
#1595 = DIRECTION ( 'NONE',  ( -1.000000000000000000, 0.000000000000000000, 0.000000000000000000 ) ) ;
#1596 = VERTEX_POINT ( 'NONE', #1108 ) ;
#1597 = DIRECTION ( 'NONE',  ( 1.734723475976806848E-16, -1.000000000000000000, 0.000000000000000000 ) ) ;
#1598 = ORIENTED_EDGE ( 'NONE', *, *, #55, .F. ) ;
#1599 = AXIS2_PLACEMENT_3D ( 'NONE', #1580, #905, #640 ) ;
#1600 = AXIS2_PLACEMENT_3D ( 'NONE', #1504, #709, #190 ) ;
#1601 = CARTESIAN_POINT ( 'NONE',  ( 6.250000000000000888, -4.250000000000000888, 11.00000000000000000 ) ) ;
#1602 = DIRECTION ( 'NONE',  ( 1.000000000000000000, 1.734723475976806848E-16, -0.000000000000000000 ) ) ;
#1603 = CIRCLE ( 'NONE', #855, 2.499999999999998668 ) ;
#1604 = CARTESIAN_POINT ( 'NONE',  ( -6.250000000000000888, 6.499999999999999112, 1.000000000000000000 ) ) ;
#1605 = CIRCLE ( 'NONE', #18, 1.000000000000000000 ) ;
#1606 = FACE_OUTER_BOUND ( 'NONE', #1197, .T. ) ;
#1607 = EDGE_LOOP ( 'NONE', ( #80, #444, #718, #899 ) ) ;
#1608 = EDGE_CURVE ( 'NONE', #1502, #1438, #1256, .T. ) ;
#1609 = FACE_OUTER_BOUND ( 'NONE', #738, .T. ) ;
#1610 = DIRECTION ( 'NONE',  ( -1.000000000000000000, 0.000000000000000000, 0.000000000000000000 ) ) ;
#1611 = EDGE_CURVE ( 'NONE', #746, #1128, #1500, .T. ) ;
#1612 = EDGE_LOOP ( 'NONE', ( #1521, #981, #1278 ) ) ;
#1613 = LINE ( 'NONE', #1080, #346 ) ;
#1614 = CARTESIAN_POINT ( 'NONE',  ( -3.250000000000000888, -2.684691093773630473E-16, 3.000000000000000000 ) ) ;
#1615 = AXIS2_PLACEMENT_3D ( 'NONE', #1324, #776, #933 ) ;
#1616 = EDGE_CURVE ( 'NONE', #442, #1719, #1384, .T. ) ;
#1617 = FACE_OUTER_BOUND ( 'NONE', #739, .T. ) ;
#1618 = CARTESIAN_POINT ( 'NONE',  ( 6.250000000000001776, -7.500000000000000000, 2.000000000000000000 ) ) ;
#1619 = AXIS2_PLACEMENT_3D ( 'NONE', #1102, #1648, #848 ) ;
#1620 = ORIENTED_EDGE ( 'NONE', *, *, #353, .F. ) ;
#1621 = EDGE_CURVE ( 'NONE', #1438, #1567, #819, .T. ) ;
#1622 = DIRECTION ( 'NONE',  ( 1.734723475976807094E-16, -1.000000000000000000, 0.000000000000000000 ) ) ;
#1623 = CARTESIAN_POINT ( 'NONE',  ( 6.249999999999999112, 6.499999999999999112, 1.000000000000000000 ) ) ;
#1624 = AXIS2_PLACEMENT_3D ( 'NONE', #323, #175, #719 ) ;
#1625 = CARTESIAN_POINT ( 'NONE',  ( 5.250000000000001776, -6.500000000000000000, 2.000000000000000000 ) ) ;
#1626 = DIRECTION ( 'NONE',  ( 1.000000000000000000, 0.000000000000000000, 0.000000000000000000 ) ) ;
#1627 = CIRCLE ( 'NONE', #1403, 2.000000000000000000 ) ;
#1628 = ORIENTED_EDGE ( 'NONE', *, *, #1206, .F. ) ;
#1629 = LINE ( 'NONE', #437, #231 ) ;
#1630 = CARTESIAN_POINT ( 'NONE',  ( -6.249999999999998224, -7.500000000000000000, 2.000000000000000000 ) ) ;
#1631 = CARTESIAN_POINT ( 'NONE',  ( 6.249999999999999112, 7.499999999999999112, 3.000000000000000000 ) ) ;
#1632 = DIRECTION ( 'NONE',  ( -0.000000000000000000, 0.000000000000000000, 1.000000000000000000 ) ) ;
#1633 = CARTESIAN_POINT ( 'NONE',  ( 5.250000000000000000, -4.250000000000000000, 4.000000000000000000 ) ) ;
#1634 = ORIENTED_EDGE ( 'NONE', *, *, #766, .F. ) ;
#1635 = EDGE_CURVE ( 'NONE', #95, #841, #1082, .T. ) ;
#1636 = EDGE_LOOP ( 'NONE', ( #512, #1693, #1512, #1688 ) ) ;
#1637 = DIRECTION ( 'NONE',  ( 0.000000000000000000, -0.000000000000000000, -1.000000000000000000 ) ) ;
#1638 = EDGE_CURVE ( 'NONE', #450, #867, #901, .T. ) ;
#1639 = FACE_OUTER_BOUND ( 'NONE', #1510, .T. ) ;
#1640 = DIRECTION ( 'NONE',  ( 1.000000000000000000, 0.000000000000000000, 0.000000000000000000 ) ) ;
#1641 = AXIS2_PLACEMENT_3D ( 'NONE', #1101, #1597, #836 ) ;
#1642 = ORIENTED_EDGE ( 'NONE', *, *, #1483, .F. ) ;
#1643 = ORIENTED_EDGE ( 'NONE', *, *, #1389, .T. ) ;
#1644 = TOROIDAL_SURFACE ( 'NONE', #197, 2.000000000000000000, 1.000000000000000000 ) ;
#1645 = EDGE_LOOP ( 'NONE', ( #1312, #1178, #1620, #528 ) ) ;
#1646 = CARTESIAN_POINT ( 'NONE',  ( -4.250000000000000000, 0.000000000000000000, 8.099999999999999645 ) ) ;
#1647 = DIRECTION ( 'NONE',  ( 8.260587980841938780E-17, -1.000000000000000000, -0.000000000000000000 ) ) ;
#1648 = DIRECTION ( 'NONE',  ( 0.000000000000000000, -0.000000000000000000, 1.000000000000000000 ) ) ;
#1649 = EDGE_LOOP ( 'NONE', ( #617, #84, #781, #162 ) ) ;
#1650 = VERTEX_POINT ( 'NONE', #479 ) ;
#1651 = TOROIDAL_SURFACE ( 'NONE', #1014, 2.000000000000000000, 1.000000000000000000 ) ;
#1652 = DIRECTION ( 'NONE',  ( 0.000000000000000000, 0.000000000000000000, -1.000000000000000000 ) ) ;
#1653 = EDGE_CURVE ( 'NONE', #1010, #420, #757, .T. ) ;
#1654 = VECTOR ( 'NONE', #670, 1000.000000000000000 ) ;
#1655 = DIRECTION ( 'NONE',  ( 0.000000000000000000, -0.000000000000000000, 1.000000000000000000 ) ) ;
#1656 = CARTESIAN_POINT ( 'NONE',  ( -5.250000000000000000, -9.107298248878235274E-16, 2.000000000000000000 ) ) ;
#1657 = VERTEX_POINT ( 'NONE', #350 ) ;
#1658 = EDGE_LOOP ( 'NONE', ( #380, #731, #595, #986 ) ) ;
#1659 = EDGE_CURVE ( 'NONE', #1057, #864, #62, .T. ) ;
#1660 = DIRECTION ( 'NONE',  ( 0.000000000000000000, -0.000000000000000000, 1.000000000000000000 ) ) ;
#1661 = CARTESIAN_POINT ( 'NONE',  ( 5.250000000000000888, -6.500000000000000000, 3.000000000000000000 ) ) ;
#1662 = SPHERICAL_SURFACE ( 'NONE', #461, 1.000000000000000000 ) ;
#1663 = ADVANCED_FACE ( 'NONE', ( #1304 ), #1127, .F. ) ;
#1664 = CARTESIAN_POINT ( 'NONE',  ( 5.250000000000001776, -6.500000000000000000, 1.000000000000000000 ) ) ;
#1665 = ORIENTED_EDGE ( 'NONE', *, *, #378, .T. ) ;
#1666 = ORIENTED_EDGE ( 'NONE', *, *, #1621, .T. ) ;
#1667 = AXIS2_PLACEMENT_3D ( 'NONE', #106, #909, #635 ) ;
#1668 = AXIS2_PLACEMENT_3D ( 'NONE', #620, #594, #889 ) ;
#1669 = LINE ( 'NONE', #476, #1430 ) ;
#1670 = ADVANCED_FACE ( 'NONE', ( #754 ), #1692, .T. ) ;
#1671 = DIRECTION ( 'NONE',  ( 0.000000000000000000, -1.000000000000000000, 0.000000000000000000 ) ) ;
#1672 = DIRECTION ( 'NONE',  ( 0.000000000000000000, 0.000000000000000000, 1.000000000000000000 ) ) ;
#1673 = CARTESIAN_POINT ( 'NONE',  ( -3.250000000000000888, -2.684691093773630473E-16, 4.000000000000000000 ) ) ;
#1674 = ORIENTED_EDGE ( 'NONE', *, *, #902, .F. ) ;
#1675 = EDGE_LOOP ( 'NONE', ( #960, #1039, #1409, #1034 ) ) ;
#1676 = CIRCLE ( 'NONE', #400, 1.000000000000000000 ) ;
#1677 = EDGE_LOOP ( 'NONE', ( #930, #1105, #319, #52 ) ) ;
#1678 = AXIS2_PLACEMENT_3D ( 'NONE', #54, #835, #445 ) ;
#1679 = DIRECTION ( 'NONE',  ( 0.000000000000000000, 0.000000000000000000, -1.000000000000000000 ) ) ;
#1680 = PRESENTATION_LAYER_ASSIGNMENT (  '', '', ( #123 ) ) ;
#1681 = DIRECTION ( 'NONE',  ( -1.000000000000000000, -1.734723475976806848E-16, 0.000000000000000000 ) ) ;
#1682 = CARTESIAN_POINT ( 'NONE',  ( 5.250000000000000888, 5.250000000000000000, 12.00000000000000000 ) ) ;
#1683 = FACE_OUTER_BOUND ( 'NONE', #300, .T. ) ;
#1684 = DIRECTION ( 'NONE',  ( 0.000000000000000000, 0.000000000000000000, 1.000000000000000000 ) ) ;
#1685 = AXIS2_PLACEMENT_3D ( 'NONE', #214, #1672, #1406 ) ;
#1686 = ORIENTED_EDGE ( 'NONE', *, *, #666, .T. ) ;
#1687 = CARTESIAN_POINT ( 'NONE',  ( 5.249999999999999112, 6.499999999999999112, 1.000000000000000000 ) ) ;
#1688 = ORIENTED_EDGE ( 'NONE', *, *, #1152, .F. ) ;
#1689 = ORIENTED_EDGE ( 'NONE', *, *, #581, .F. ) ;
#1690 = DIRECTION ( 'NONE',  ( 1.000000000000000000, 0.000000000000000000, 0.000000000000000000 ) ) ;
#1691 = DIRECTION ( 'NONE',  ( 0.000000000000000000, -0.000000000000000000, 1.000000000000000000 ) ) ;
#1692 = CYLINDRICAL_SURFACE ( 'NONE', #787, 1.000000000000000000 ) ;
#1693 = ORIENTED_EDGE ( 'NONE', *, *, #1491, .F. ) ;
#1694 = SPHERICAL_SURFACE ( 'NONE', #893, 1.000000000000000000 ) ;
#1695 = ADVANCED_FACE ( 'NONE', ( #1038 ), #633, .T. ) ;
#1696 = ORIENTED_EDGE ( 'NONE', *, *, #475, .F. ) ;
#1697 = CLOSED_SHELL ( 'NONE', ( #999, #1143, #1589, #170, #63, #973, #919, #1043, #42, #660, #598, #408, #1513, #1695, #236, #1227, #1558, #1520, #163, #530, #1709, #934, #506, #1663, #1355, #384, #16, #1094, #1359, #1071, #296, #114, #245, #48, #234, #955, #45, #212, #1407, #189, #1166, #270, #1670, #435, #1541, #154, #1412, #1048, #1253, #448, #1584, #1330, #1402, #1428, #610, #372, #1563, #1334, #691, #325, #1383, #427, #795, #852 ) ) ;
#1698 = AXIS2_PLACEMENT_3D ( 'NONE', #1264, #1655, #998 ) ;
#1699 = CARTESIAN_POINT ( 'NONE',  ( -6.249999999999998224, -7.500000000000000000, 1.000000000000000000 ) ) ;
#1700 = AXIS2_PLACEMENT_3D ( 'NONE', #449, #441, #434 ) ;
#1701 = CARTESIAN_POINT ( 'NONE',  ( -5.250000000000000888, 4.250000000000000000, 11.00000000000000000 ) ) ;
#1702 = ORIENTED_EDGE ( 'NONE', *, *, #1473, .T. ) ;
#1703 = CIRCLE ( 'NONE', #1123, 1.000000000000000000 ) ;
#1704 = VECTOR ( 'NONE', #1446, 1000.000000000000000 ) ;
#1705 = CARTESIAN_POINT ( 'NONE',  ( -6.250000000000000888, 6.499999999999999112, 1.000000000000000000 ) ) ;
#1706 = ORIENTED_EDGE ( 'NONE', *, *, #849, .T. ) ;
#1707 = DIRECTION ( 'NONE',  ( 0.000000000000000000, 0.000000000000000000, 1.000000000000000000 ) ) ;
#1708 = CARTESIAN_POINT ( 'NONE',  ( 5.250000000000001776, -6.500000000000000000, 0.000000000000000000 ) ) ;
#1709 = ADVANCED_FACE ( 'NONE', ( #497 ), #611, .T. ) ;
#1710 = VERTEX_POINT ( 'NONE', #208 ) ;
#1711 = DIRECTION ( 'NONE',  ( -1.000000000000000000, 0.000000000000000000, 0.000000000000000000 ) ) ;
#1712 = CYLINDRICAL_SURFACE ( 'NONE', #1395, 1.000000000000000000 ) ;
#1713 = EDGE_LOOP ( 'NONE', ( #1250, #156, #1598 ) ) ;
#1714 = CYLINDRICAL_SURFACE ( 'NONE', #443, 1.000000000000000000 ) ;
#1715 = EDGE_CURVE ( 'NONE', #1010, #1047, #928, .T. ) ;
#1716 = ORIENTED_EDGE ( 'NONE', *, *, #1141, .T. ) ;
#1717 = EDGE_CURVE ( 'NONE', #322, #1502, #332, .T. ) ;
#1718 = DIRECTION ( 'NONE',  ( 0.000000000000000000, 0.000000000000000000, 1.000000000000000000 ) ) ;
#1719 = VERTEX_POINT ( 'NONE', #201 ) ;
#1720 = CARTESIAN_POINT ( 'NONE',  ( -6.249999999999998224, -6.500000000000000000, 1.000000000000000000 ) ) ;
#1721 = EDGE_CURVE ( 'NONE', #1719, #1261, #1228, .T. ) ;
ENDSEC;
END-ISO-10303-21;
