ISO-10303-21;
HEADER;
FILE_DESCRIPTION (( 'STEP AP214' ),
    '1' );
FILE_NAME ('V3 Outer phalange (1).STEP',
    '2026-06-23T17:33:40',
    ( '' ),
    ( '' ),
    'SwSTEP 2.0',
    'SolidWorks 2025',
    '' );
FILE_SCHEMA (( 'AUTOMOTIVE_DESIGN' ));
ENDSEC;

DATA;
#1 = CARTESIAN_POINT ( 'NONE',  ( -4.136321125020613998, -8.873752814197141348, 22.74666425599802366 ) ) ;
#2 = DIRECTION ( 'NONE',  ( 1.000000000000000000, 7.375108878104640636E-16, -0.000000000000000000 ) ) ;
#3 = CARTESIAN_POINT ( 'NONE',  ( -5.337894887994158566, 4.456773848707507923, 23.99833212799901005 ) ) ;
#4 = LINE ( 'NONE', #6814, #1942 ) ;
#5 = ORIENTED_EDGE ( 'NONE', *, *, #7329, .F. ) ;
#6 = VECTOR ( 'NONE', #2390, 1000.000000000000000 ) ;
#7 = CARTESIAN_POINT ( 'NONE',  ( -1.081941516724527208, -8.873752814197143124, 22.07013134513601571 ) ) ;
#8 = ORIENTED_EDGE ( 'NONE', *, *, #6649, .F. ) ;
#9 = CARTESIAN_POINT ( 'NONE',  ( -4.330428383661447000, 4.393118539265072897, 11.74833212799901183 ) ) ;
#10 = LINE ( 'NONE', #1788, #5310 ) ;
#11 = AXIS2_PLACEMENT_3D ( 'NONE', #4977, #7227, #2082 ) ;
#12 = DIRECTION ( 'NONE',  ( -0.9794733370953438989, 0.2015737629735347147, 0.000000000000000000 ) ) ;
#13 = ORIENTED_EDGE ( 'NONE', *, *, #2369, .T. ) ;
#14 = EDGE_CURVE ( 'NONE', #4442, #1325, #4570, .T. ) ;
#15 = VERTEX_POINT ( 'NONE', #3320 ) ;
#16 = CARTESIAN_POINT ( 'NONE',  ( 12.56050819430758914, 3.888260155528931339, 9.775109879142943825 ) ) ;
#17 = AXIS2_PLACEMENT_3D ( 'NONE', #3073, #5368, #6640 ) ;
#18 = EDGE_CURVE ( 'NONE', #1188, #7322, #1047, .T. ) ;
#19 = VERTEX_POINT ( 'NONE', #5735 ) ;
#20 = B_SPLINE_SURFACE_WITH_KNOTS ( 'NONE', 3, 1, ( 
 ( #5279, #7069 ),
 ( #6471, #2489 ),
 ( #6430, #1321 ),
 ( #5877, #6542 ),
 ( #3094, #151 ) ),
 .UNSPECIFIED., .F., .F., .F.,
 ( 4, 1, 4 ),
 ( 2, 2 ),
 ( 0.000000000000000000, 0.6222473579139662370, 1.000000000000000000 ),
 ( 0.000000000000000000, 1.000000000000000000 ),
 .UNSPECIFIED. ) ;
#21 = ORIENTED_EDGE ( 'NONE', *, *, #4043, .F. ) ;
#23 = EDGE_CURVE ( 'NONE', #1562, #1858, #2539, .T. ) ;
#22 = PLANE ( 'NONE',  #6098 ) ;
#24 = CIRCLE ( 'NONE', #3267, 46.19384172171115210 ) ;
#25 = FACE_OUTER_BOUND ( 'NONE', #2589, .T. ) ;
#26 = DIRECTION ( 'NONE',  ( -0.9794733370953438989, 0.2015737629735347147, 0.000000000000000000 ) ) ;
#27 = AXIS2_PLACEMENT_3D ( 'NONE', #3351, #3876, #6732 ) ;
#28 = ORIENTED_EDGE ( 'NONE', *, *, #925, .T. ) ;
#29 = EDGE_LOOP ( 'NONE', ( #3816, #2281, #3302, #4106, #537, #392 ) ) ;
#30 = FACE_OUTER_BOUND ( 'NONE', #3271, .T. ) ;
#31 = B_SPLINE_CURVE_WITH_KNOTS ( 'NONE', 3,
 ( #6296, #4575, #5206, #3444 ),
 .UNSPECIFIED., .F., .F.,
 ( 4, 4 ),
 ( 0.0001728020807050636477, 0.0001929461982881175528 ),
 .UNSPECIFIED. ) ;
#32 = DIRECTION ( 'NONE',  ( 0.9794733370953438989, -0.2015737629735347147, -0.000000000000000000 ) ) ;
#33 = CARTESIAN_POINT ( 'NONE',  ( -0.3378948879941582883, -3.875294732441113332, 23.99833212799901005 ) ) ;
#34 = CARTESIAN_POINT ( 'NONE',  ( 12.03962773940497399, 3.781063941627265113, 23.99833212799901005 ) ) ;
#35 = FACE_OUTER_BOUND ( 'NONE', #5525, .T. ) ;
#36 = CARTESIAN_POINT ( 'NONE',  ( -2.270099062847390936, -8.873752814197144900, 9.477622618095963958 ) ) ;
#37 = CARTESIAN_POINT ( 'NONE',  ( -5.330428383661447889, 4.393118539265072009, 11.74833212799901183 ) ) ;
#38 = ADVANCED_FACE ( 'NONE', ( #5128 ), #455, .F. ) ;
#39 = DIRECTION ( 'NONE',  ( 1.000000000000000000, 0.000000000000000000, 0.000000000000000000 ) ) ;
#40 = CARTESIAN_POINT ( 'NONE',  ( 12.94576287338959375, 3.967544840904698056, 23.19627747730649858 ) ) ;
#41 = CARTESIAN_POINT ( 'NONE',  ( -1.628580593088098549, -8.708613295541924870, 19.34834544232401399 ) ) ;
#42 = CARTESIAN_POINT ( 'NONE',  ( -5.337894887994158566, 4.456773848707508812, 18.31494224615836686 ) ) ;
#43 = CARTESIAN_POINT ( 'NONE',  ( 1.264379324338374522, -8.165569653811528994, 12.29197695160408976 ) ) ;
#44 = CARTESIAN_POINT ( 'NONE',  ( -4.128854620687912202, 5.372591876360418794, 11.74833212799901183 ) ) ;
#45 = CARTESIAN_POINT ( 'NONE',  ( 1.087379772044296589, -8.069686008791977727, 14.19315380347148192 ) ) ;
#46 = CARTESIAN_POINT ( 'NONE',  ( -4.337894887994159454, 4.456773848707517693, 23.99833212799901005 ) ) ;
#47 = VERTEX_POINT ( 'NONE', #4004 ) ;
#48 = CARTESIAN_POINT ( 'NONE',  ( -4.136321125020615774, 5.436247185802859150, 16.51706409952761234 ) ) ;
#49 = LINE ( 'NONE', #4691, #4105 ) ;
#50 = FACE_OUTER_BOUND ( 'NONE', #5262, .T. ) ;
#51 = EDGE_CURVE ( 'NONE', #4910, #1103, #3052, .T. ) ;
#52 = ORIENTED_EDGE ( 'NONE', *, *, #6548, .F. ) ;
#53 = ORIENTED_EDGE ( 'NONE', *, *, #6320, .F. ) ;
#54 = EDGE_CURVE ( 'NONE', #6524, #3268, #2090, .T. ) ;
#55 = ORIENTED_EDGE ( 'NONE', *, *, #474, .T. ) ;
#56 = ORIENTED_EDGE ( 'NONE', *, *, #2847, .F. ) ;
#57 = CARTESIAN_POINT ( 'NONE',  ( -5.337894887994158566, 4.393118539265072009, 12.64830115597333560 ) ) ;
#58 = CARTESIAN_POINT ( 'NONE',  ( -3.389874902935330780, -7.849346466785143583, 21.14831934017609072 ) ) ;
#59 = EDGE_LOOP ( 'NONE', ( #1225, #1108, #968, #6191, #4926, #1568 ) ) ;
#60 = CARTESIAN_POINT ( 'NONE',  ( -5.337894887994158566, -3.875294732441077805, 10.84836310002468984 ) ) ;
#61 = CARTESIAN_POINT ( 'NONE',  ( -4.136321125020615774, 5.436247185802859150, 24.99833212799901361 ) ) ;
#62 = CIRCLE ( 'NONE', #4281, 0.09999999999999939493 ) ;
#63 = DIRECTION ( 'NONE',  ( 1.000000000000000000, 4.818676322157798361E-16, 0.000000000000000000 ) ) ;
#64 = LINE ( 'NONE', #6353, #3090 ) ;
#65 = VECTOR ( 'NONE', #3125, 1000.000000000000227 ) ;
#66 = UNCERTAINTY_MEASURE_WITH_UNIT (LENGTH_MEASURE( 1.000000000000000082E-05 ), #6924, 'distance_accuracy_value', 'NONE');
#67 = CARTESIAN_POINT ( 'NONE',  ( 12.67851617282535059, 3.912545974641988167, 11.67008011869371131 ) ) ;
#68 = CARTESIAN_POINT ( 'NONE',  ( -1.083185914037571251, -8.873752814197143124, 9.925993338304818892 ) ) ;
#69 = PLANE ( 'NONE',  #1155 ) ;
#70 = PLANE ( 'NONE',  #1504 ) ;
#71 = AXIS2_PLACEMENT_3D ( 'NONE', #2698, #3260, #360 ) ;
#72 = ORIENTED_EDGE ( 'NONE', *, *, #5548, .F. ) ;
#73 = CARTESIAN_POINT ( 'NONE',  ( -5.297318707988972974, 4.748196092373506261, 19.34872884433578122 ) ) ;
#74 = DIRECTION ( 'NONE',  ( 0.9797785051990590688, -0.2000851837340723305, -0.000000000000000000 ) ) ;
#75 = CIRCLE ( 'NONE', #5191, 1.000000000000000888 ) ;
#76 = DIRECTION ( 'NONE',  ( -1.000000000000000000, 0.000000000000000000, 0.000000000000000000 ) ) ;
#77 = CARTESIAN_POINT ( 'NONE',  ( 2.021704316544363333, -8.875294732441114220, 12.19373006076051880 ) ) ;
#78 = DIRECTION ( 'NONE',  ( 0.000000000000000000, -0.000000000000000000, 1.000000000000000000 ) ) ;
#79 =( BOUNDED_CURVE ( )  B_SPLINE_CURVE ( 3, ( #6198, #2780, #329, #5527 ),
 .UNSPECIFIED., .F., .F. ) 
 B_SPLINE_CURVE_WITH_KNOTS ( ( 4, 4 ),
 ( 0.000000000000000000, 1.570796326794897002 ),
 .UNSPECIFIED. ) 
 CURVE ( )  GEOMETRIC_REPRESENTATION_ITEM ( )  RATIONAL_B_SPLINE_CURVE ( ( 1.000000000000000000, 0.8047378541243649375, 0.8047378541243649375, 1.000000000000000000 ) ) 
 REPRESENTATION_ITEM ( '' )  );
#80 = DIRECTION ( 'NONE',  ( 0.000000000000000000, 0.000000000000000000, 1.000000000000000000 ) ) ;
#81 = CARTESIAN_POINT ( 'NONE',  ( -4.504573347946979389, 5.445533334156540839, 15.47937108759603397 ) ) ;
#82 = CLOSED_SHELL ( 'NONE', ( #6877, #3279, #7087, #5392, #4940, #4711, #7424, #1067, #2964, #1374, #6366, #1910, #4899, #6000, #6429, #719, #4843, #3113, #7333, #3895, #634, #1029, #5480, #1125, #3182, #6686, #1445, #2437, #4452, #1714, #1255, #5795, #5510, #3606, #3706, #3789, #2141, #1427, #5039, #6722, #4117, #1265, #1318, #38, #3795, #1718, #5077, #3183, #111, #5222, #4063, #4674, #5904, #1078, #1774, #894, #5767, #7002, #1021, #1782, #5604, #6778, #5983, #289, #7013, #5512, #7100, #6785, #4765, #1682, #6597, #3969, #2764, #6060, #6137, #383, #6767, #993, #4892, #6403, #3994, #6041, #1778, #1909, #119, #4960, #2789, #3220, #4522, #6006, #1908, #6543, #6705, #2793, #1953, #2340, #2788, #517, #1927, #2827, #4900, #3432, #1683, #5235, #2687, #1853, #5334, #1944, #265, #3241, #1162, #5682, #3638, #1133, #3566, #4446, #6821, #5583, #185, #2927, #5447, #3719, #4028, #4360, #2956, #6491, #7187, #1276, #5659, #7171, #2045, #6329, #2642, #6451, #347, #5777, #4652, #5888, #2494, #6138, #2044, #5188, #6682, #3567, #5440, #2410, #6229, #5448, #435, #5680, #486, #6048, #5483, #4578, #4493, #4771, #4458, #4826, #6822, #1986, #211, #1763, #6886, #6664, #3437, #2588, #2325, #1838, #3563, #4680, #966, #4684, #6757, #1171, #897, #3888, #7096, #4989, #2078, #6497, #108, #7267, #1107, #510, #5588, #6839, #5940, #3885, #599, #5122, #5084, #3625, #569, #2885, #282, #5056, #2366, #4582, #6685, #3511, #3659, #3337, #1790, #4681, #3312, #7103, #2498, #202 ) ) ;
#83 = EDGE_LOOP ( 'NONE', ( #1193, #2248, #528, #7175 ) ) ;
#84 = CARTESIAN_POINT ( 'NONE',  ( -5.330428383661446112, 4.393118539265072009, 19.34832212799901541 ) ) ;
#85 = VECTOR ( 'NONE', #4479, 1000.000000000000000 ) ;
#86 = CARTESIAN_POINT ( 'NONE',  ( 3.906431224102437927, 3.781063941627265113, 23.99833212799901005 ) ) ;
#87 = TOROIDAL_SURFACE ( 'NONE', #3330, 0.9999999999999993339, 0.8999999999999998002 ) ;
#88 = LINE ( 'NONE', #6372, #3857 ) ;
#89 = ORIENTED_EDGE ( 'NONE', *, *, #7372, .T. ) ;
#90 = CIRCLE ( 'NONE', #5383, 0.8999999999999998002 ) ;
#91 = ORIENTED_EDGE ( 'NONE', *, *, #4261, .F. ) ;
#92 = CARTESIAN_POINT ( 'NONE',  ( -5.337894887994159454, 4.424946582232929693, 21.14828846801144024 ) ) ;
#93 = EDGE_CURVE ( 'NONE', #577, #395, #4499, .T. ) ;
#94 = ORIENTED_EDGE ( 'NONE', *, *, #2309, .F. ) ;
#95 = VERTEX_POINT ( 'NONE', #1323 ) ;
#96 = CARTESIAN_POINT ( 'NONE',  ( -5.337894887994158566, 4.446164853765953495, 12.64828928978182176 ) ) ;
#97 = CARTESIAN_POINT ( 'NONE',  ( -5.208679212011682935, -5.016303108404515321, 21.14830660644258131 ) ) ;
#98 = ORIENTED_EDGE ( 'NONE', *, *, #3048, .F. ) ;
#99 = CARTESIAN_POINT ( 'NONE',  ( 12.22069333197112329, 11.72974728436562408, 20.24833212799901361 ) ) ;
#100 = AXIS2_PLACEMENT_3D ( 'NONE', #5349, #4111, #1816 ) ;
#101 = FACE_OUTER_BOUND ( 'NONE', #2445, .T. ) ;
#102 = LINE ( 'NONE', #2475, #4532 ) ;
#103 = CARTESIAN_POINT ( 'NONE',  ( 13.10896735784879219, 4.001132015583547030, 11.24471076423417948 ) ) ;
#104 = VERTEX_POINT ( 'NONE', #3514 ) ;
#105 = DIRECTION ( 'NONE',  ( -0.2015737629735342984, -0.9794733370953438989, 0.000000000000000000 ) ) ;
#106 = LINE ( 'NONE', #3469, #5000 ) ;
#107 = CARTESIAN_POINT ( 'NONE',  ( -0.3304283836614461678, -3.884007349944943677, 17.41499212799901031 ) ) ;
#108 = ADVANCED_FACE ( 'NONE', ( #675 ), #5390, .T. ) ;
#109 = AXIS2_PLACEMENT_3D ( 'NONE', #4860, #7143, #4755 ) ;
#110 = ORIENTED_EDGE ( 'NONE', *, *, #4213, .T. ) ;
#111 = ADVANCED_FACE ( 'NONE', ( #190 ), #1930, .F. ) ;
#112 = CARTESIAN_POINT ( 'NONE',  ( -4.432384610162944938, 5.463343191038570801, 19.35065279180167153 ) ) ;
#113 = CYLINDRICAL_SURFACE ( 'NONE', #809, 0.8999999999999998002 ) ;
#114 = EDGE_CURVE ( 'NONE', #3554, #2399, #6399, .T. ) ;
#115 = EDGE_CURVE ( 'NONE', #1334, #6504, #3884, .T. ) ;
#116 = CARTESIAN_POINT ( 'NONE',  ( 1.084063689002966235, 3.466383138801860220, 12.13299568969763698 ) ) ;
#117 = CIRCLE ( 'NONE', #6009, 0.8999999999999998002 ) ;
#118 = DIRECTION ( 'NONE',  ( -1.000000000000000000, -3.469446951953613400E-15, 0.000000000000000000 ) ) ;
#119 = ADVANCED_FACE ( 'NONE', ( #2984 ), #4829, .F. ) ;
#120 = DIRECTION ( 'NONE',  ( 1.000000000000000000, 4.818676322157798361E-16, 0.000000000000000000 ) ) ;
#121 = CARTESIAN_POINT ( 'NONE',  ( -0.3304283836614452796, -8.884007349944946341, 17.41499212799901031 ) ) ;
#122 = B_SPLINE_CURVE_WITH_KNOTS ( 'NONE', 3,
 ( #6066, #6632, #5541, #4380 ),
 .UNSPECIFIED., .F., .F.,
 ( 4, 4 ),
 ( 1.020934773640725315E-07, 2.024621106042052656E-05 ),
 .UNSPECIFIED. ) ;
#123 = EDGE_LOOP ( 'NONE', ( #2807, #5556, #7160, #950, #2029, #1233 ) ) ;
#124 = DIRECTION ( 'NONE',  ( 0.000000000000000000, 0.000000000000000000, 1.000000000000000000 ) ) ;
#125 = CARTESIAN_POINT ( 'NONE',  ( 1.751785773140523306, -8.218418253747351798, 11.14119023071154224 ) ) ;
#126 = CARTESIAN_POINT ( 'NONE',  ( -5.330428383661447889, 4.393118539265072009, 14.58166212799901373 ) ) ;
#127 = DIRECTION ( 'NONE',  ( 1.000000000000000000, 0.000000000000000000, 0.000000000000000000 ) ) ;
#128 = ORIENTED_EDGE ( 'NONE', *, *, #2402, .F. ) ;
#129 = ORIENTED_EDGE ( 'NONE', *, *, #4808, .F. ) ;
#130 = CARTESIAN_POINT ( 'NONE',  ( -12.40663181555145123, 9.934409660288995525, 22.74666425599802366 ) ) ;
#131 = ORIENTED_EDGE ( 'NONE', *, *, #5528, .F. ) ;
#132 = ORIENTED_EDGE ( 'NONE', *, *, #4775, .F. ) ;
#133 = CARTESIAN_POINT ( 'NONE',  ( 2.848398257880248252, 5.199278643600271366, 11.25473341724732279 ) ) ;
#134 = AXIS2_PLACEMENT_3D ( 'NONE', #2199, #2046, #5618 ) ;
#135 = VECTOR ( 'NONE', #2767, 1000.000000000000000 ) ;
#136 = ORIENTED_EDGE ( 'NONE', *, *, #3658, .F. ) ;
#137 = DIRECTION ( 'NONE',  ( 1.000000000000000000, 0.000000000000000000, 0.000000000000000000 ) ) ;
#138 = DIRECTION ( 'NONE',  ( -1.000000000000000000, 0.000000000000000000, -0.000000000000000000 ) ) ;
#139 = CARTESIAN_POINT ( 'NONE',  ( 1.084063689002966679, 3.466383138801860220, 17.79965568969763368 ) ) ;
#140 = CARTESIAN_POINT ( 'NONE',  ( -4.997375391138713319, 5.637518900604390204, 22.51582541126767723 ) ) ;
#141 = VERTEX_POINT ( 'NONE', #5240 ) ;
#142 = DIRECTION ( 'NONE',  ( 3.469446951953614189E-15, -4.256161216045600320E-15, -1.000000000000000000 ) ) ;
#143 = CARTESIAN_POINT ( 'NONE',  ( -12.91971069101994196, 10.41189563371067450, 9.250000000000000000 ) ) ;
#144 = EDGE_CURVE ( 'NONE', #3185, #1139, #2187, .T. ) ;
#145 = CARTESIAN_POINT ( 'NONE',  ( 4.157095377505041434, 3.742609536185408370, 24.99833212799901361 ) ) ;
#146 = EDGE_CURVE ( 'NONE', #3747, #3971, #752, .T. ) ;
#147 = EDGE_LOOP ( 'NONE', ( #1181, #4151, #1238, #6873, #6947, #2306 ) ) ;
#148 = CARTESIAN_POINT ( 'NONE',  ( -4.718015283681294747, 5.384643838426241835, 19.35046122742157237 ) ) ;
#149 = CARTESIAN_POINT ( 'NONE',  ( 2.720693331971122841, 3.729747284365623194, 11.74833212799901183 ) ) ;
#150 = DIRECTION ( 'NONE',  ( 0.000000000000000000, 1.000000000000000000, 0.000000000000000000 ) ) ;
#151 = CARTESIAN_POINT ( 'NONE',  ( -12.40663181555144767, -13.37191528868327595, 24.99666425599802366 ) ) ;
#152 = CARTESIAN_POINT ( 'NONE',  ( 19.36578231149358231, 5.288772716631839899, 24.99833212799901361 ) ) ;
#153 = EDGE_CURVE ( 'NONE', #1034, #820, #1819, .T. ) ;
#154 = CARTESIAN_POINT ( 'NONE',  ( 2.720693331971123730, 12.72974728436562231, 22.24833212799901361 ) ) ;
#155 = EDGE_CURVE ( 'NONE', #2174, #5006, #6806, .T. ) ;
#156 = CARTESIAN_POINT ( 'NONE',  ( -0.4620593149770665375, -8.873752814197141348, 21.76456712373841995 ) ) ;
#157 = ORIENTED_EDGE ( 'NONE', *, *, #3415, .T. ) ;
#158 = FACE_OUTER_BOUND ( 'NONE', #2455, .T. ) ;
#159 = CARTESIAN_POINT ( 'NONE',  ( 3.257272986786706515, 3.914659480888240672, 23.24833212799251925 ) ) ;
#160 = B_SPLINE_CURVE_WITH_KNOTS ( 'NONE', 3,
 ( #2515, #6648, #1501, #4959 ),
 .UNSPECIFIED., .F., .F.,
 ( 4, 4 ),
 ( 0.001800912270902828597, 0.001808375498130361265 ),
 .UNSPECIFIED. ) ;
#161 = DIRECTION ( 'NONE',  ( 0.000000000000000000, -1.000000000000000000, 0.000000000000000000 ) ) ;
#162 = ORIENTED_EDGE ( 'NONE', *, *, #5223, .F. ) ;
#163 = ORIENTED_EDGE ( 'NONE', *, *, #1359, .T. ) ;
#164 = CARTESIAN_POINT ( 'NONE',  ( 14.42226709494465631, 4.271406621224086209, 10.74833212799901538 ) ) ;
#165 = ORIENTED_EDGE ( 'NONE', *, *, #3343, .T. ) ;
#166 = VECTOR ( 'NONE', #6165, 1000.000000000000114 ) ;
#167 = ORIENTED_EDGE ( 'NONE', *, *, #6595, .T. ) ;
#168 = CARTESIAN_POINT ( 'NONE',  ( 3.720693331971123730, 11.72974728436562408, 21.24833212799901716 ) ) ;
#169 = FACE_OUTER_BOUND ( 'NONE', #2853, .T. ) ;
#170 = EDGE_CURVE ( 'NONE', #5972, #6738, #2419, .T. ) ;
#171 = ORIENTED_EDGE ( 'NONE', *, *, #6984, .T. ) ;
#172 = DIRECTION ( 'NONE',  ( -1.000000000000000000, -0.000000000000000000, 0.000000000000000000 ) ) ;
#173 = CIRCLE ( 'NONE', #4031, 0.8999999999999998002 ) ;
#174 = FACE_OUTER_BOUND ( 'NONE', #666, .T. ) ;
#175 = CARTESIAN_POINT ( 'NONE',  ( -5.330428383661446112, -3.884007349944944565, 18.31499212799901244 ) ) ;
#176 = CARTESIAN_POINT ( 'NONE',  ( -4.604392786622899969, 5.539348078790623298, 22.21689004015070523 ) ) ;
#177 = EDGE_LOOP ( 'NONE', ( #2809, #7415 ) ) ;
#178 = CARTESIAN_POINT ( 'NONE',  ( 27.02373522356765179, -1.718752814197137102, 9.250000000000000000 ) ) ;
#179 = CARTESIAN_POINT ( 'NONE',  ( -17.67643277480201291, 9.933113728465889025, 9.250000000000000000 ) ) ;
#180 = DIRECTION ( 'NONE',  ( 0.000000000000000000, 0.000000000000000000, 1.000000000000000000 ) ) ;
#181 = CIRCLE ( 'NONE', #4037, 2.500000000000000444 ) ;
#182 = ORIENTED_EDGE ( 'NONE', *, *, #2214, .F. ) ;
#183 = CARTESIAN_POINT ( 'NONE',  ( -4.136321125020615774, 5.436247185802859150, 19.35039409952761602 ) ) ;
#184 = FACE_OUTER_BOUND ( 'NONE', #388, .T. ) ;
#185 = ADVANCED_FACE ( 'NONE', ( #6999 ), #5917, .F. ) ;
#186 = DIRECTION ( 'NONE',  ( 0.000000000000000000, -0.000000000000000000, 1.000000000000000000 ) ) ;
#187 = DIRECTION ( 'NONE',  ( -1.000000000000000000, 0.000000000000000000, 0.000000000000000000 ) ) ;
#188 = AXIS2_PLACEMENT_3D ( 'NONE', #258, #2027, #4217 ) ;
#189 = DIRECTION ( 'NONE',  ( 0.000000000000000000, 0.000000000000000000, 1.000000000000000000 ) ) ;
#190 = FACE_OUTER_BOUND ( 'NONE', #5900, .T. ) ;
#191 = B_SPLINE_CURVE_WITH_KNOTS ( 'NONE', 3,
 ( #6136, #4934, #3805, #6545, #7221, #3698, #5990, #5427, #1516, #268, #4308, #6030, #2196, #1627 ),
 .UNSPECIFIED., .F., .F.,
 ( 4, 2, 2, 2, 2, 2, 4 ),
 ( 7.163276410890311346E-15, 7.592604133502394988E-05, 0.0001518520826628846031, 0.0003037041653186087014, 0.0006074083306300581990, 0.0009111124959415077508, 0.001214816661252957194 ),
 .UNSPECIFIED. ) ;
#192 = VERTEX_POINT ( 'NONE', #6432 ) ;
#193 = CARTESIAN_POINT ( 'NONE',  ( 12.03962773940497222, 3.781063941627264224, 8.748332127999011831 ) ) ;
#194 = VECTOR ( 'NONE', #734, 1000.000000000000000 ) ;
#195 = CARTESIAN_POINT ( 'NONE',  ( 19.36578231149358587, 5.288772716631840787, 7.998332127999012719 ) ) ;
#196 = AXIS2_PLACEMENT_3D ( 'NONE', #963, #5674, #3867 ) ;
#197 = CARTESIAN_POINT ( 'NONE',  ( 1.762631749864692843, 3.477864650872938945, 13.97722554123636307 ) ) ;
#198 = ORIENTED_EDGE ( 'NONE', *, *, #2786, .F. ) ;
#199 = ORIENTED_EDGE ( 'NONE', *, *, #1453, .T. ) ;
#200 = CARTESIAN_POINT ( 'NONE',  ( -5.330428383661446112, -3.884007349944944565, 11.74833212799901183 ) ) ;
#201 = CARTESIAN_POINT ( 'NONE',  ( 1.197360756279696847, 3.508314779782196080, 11.25013894798231107 ) ) ;
#202 = ADVANCED_FACE ( 'NONE', ( #1211 ), #1287, .F. ) ;
#203 = ORIENTED_EDGE ( 'NONE', *, *, #54, .F. ) ;
#204 = VECTOR ( 'NONE', #2550, 1000.000000000000000 ) ;
#205 = ORIENTED_EDGE ( 'NONE', *, *, #5355, .F. ) ;
#207 = EDGE_CURVE ( 'NONE', #2958, #6758, #3585, .T. ) ;
#206 = CARTESIAN_POINT ( 'NONE',  ( 2.720693331963709660, 4.025086560484439246, 10.84663045879929300 ) ) ;
#208 = B_SPLINE_CURVE_WITH_KNOTS ( 'NONE', 3,
 ( #2686, #1565, #2761, #988, #5582 ),
 .UNSPECIFIED., .F., .F.,
 ( 4, 1, 4 ),
 ( 0.000000000000000000, 0.6222473579139662370, 1.000000000000000000 ),
 .UNSPECIFIED. ) ;
#209 = CIRCLE ( 'NONE', #5619, 0.8999999999999998002 ) ;
#210 = PLANE ( 'NONE',  #487 ) ;
#211 = ADVANCED_FACE ( 'NONE', ( #5879, #714 ), #3022, .F. ) ;
#212 = VECTOR ( 'NONE', #6352, 1000.000000000000114 ) ;
#213 = ORIENTED_EDGE ( 'NONE', *, *, #693, .T. ) ;
#214 = FACE_OUTER_BOUND ( 'NONE', #5819, .T. ) ;
#215 = EDGE_CURVE ( 'NONE', #6021, #5491, #5677, .T. ) ;
#216 = CARTESIAN_POINT ( 'NONE',  ( -5.337894887994158566, 4.446164562192424619, 13.68170496602262176 ) ) ;
#217 = CARTESIAN_POINT ( 'NONE',  ( 2.021704316544359337, -8.101945535577449675, 12.19373006076051880 ) ) ;
#218 = B_SPLINE_CURVE_WITH_KNOTS ( 'NONE', 3,
 ( #7406, #2265, #6885, #6847, #4036, #1777 ),
 .UNSPECIFIED., .F., .F.,
 ( 4, 2, 4 ),
 ( 0.000000000000000000, 0.0006850060256605909961, 0.001370012051321181992 ),
 .UNSPECIFIED. ) ;
#219 = CARTESIAN_POINT ( 'NONE',  ( 11.53569333197113167, 6.229747284365624083, 22.24833212799901361 ) ) ;
#220 = VECTOR ( 'NONE', #5199, 1000.000000000000000 ) ;
#221 = EDGE_CURVE ( 'NONE', #1984, #4012, #5579, .T. ) ;
#222 = ORIENTED_EDGE ( 'NONE', *, *, #5848, .F. ) ;
#223 = DIRECTION ( 'NONE',  ( 1.000000000000000000, 0.000000000000000000, 0.000000000000000000 ) ) ;
#224 = CARTESIAN_POINT ( 'NONE',  ( 12.22069333197112151, 4.839283735452745816, 11.74833212799901183 ) ) ;
#225 = CARTESIAN_POINT ( 'NONE',  ( 14.42226709493645131, 4.271406621222397781, 20.98491332176544688 ) ) ;
#226 = ORIENTED_EDGE ( 'NONE', *, *, #247, .T. ) ;
#227 = ORIENTED_EDGE ( 'NONE', *, *, #7049, .F. ) ;
#228 = CARTESIAN_POINT ( 'NONE',  ( -0.3020922099672417871, -8.873752814197141348, 7.998332127999012719 ) ) ;
#229 = DIRECTION ( 'NONE',  ( 0.000000000000000000, 0.000000000000000000, 1.000000000000000000 ) ) ;
#230 = CARTESIAN_POINT ( 'NONE',  ( 1.265884682270839168, 3.529666789526793025, 20.79300666238999895 ) ) ;
#231 = CARTESIAN_POINT ( 'NONE',  ( 7.970693331971125062, 8.229747284365624083, 22.24833212799901361 ) ) ;
#232 = CARTESIAN_POINT ( 'NONE',  ( 3.906431224102438815, 3.781063941627265113, 8.748332127999011831 ) ) ;
#233 = CIRCLE ( 'NONE', #6838, 2.500000000000000444 ) ;
#234 = CARTESIAN_POINT ( 'NONE',  ( 3.704026288810855938, 4.829747284376125549, 20.24833212799901361 ) ) ;
#235 = EDGE_LOOP ( 'NONE', ( #1608, #7251, #6944, #4881, #6013, #7127, #6046 ) ) ;
#236 = AXIS2_PLACEMENT_3D ( 'NONE', #178, #6501, #257 ) ;
#237 = CARTESIAN_POINT ( 'NONE',  ( 2.746720657377243135, 5.241128759917548230, 21.51008001736642683 ) ) ;
#238 = DIRECTION ( 'NONE',  ( -0.000000000000000000, -0.000000000000000000, -1.000000000000000000 ) ) ;
#239 = ORIENTED_EDGE ( 'NONE', *, *, #215, .T. ) ;
#240 = CARTESIAN_POINT ( 'NONE',  ( -5.337894887994158566, -3.875294732441077805, 16.51502310002469187 ) ) ;
#241 = CARTESIAN_POINT ( 'NONE',  ( 1.583246015799837147, -8.236415657595513196, 18.03999212799901031 ) ) ;
#242 = ORIENTED_EDGE ( 'NONE', *, *, #597, .F. ) ;
#243 = ORIENTED_EDGE ( 'NONE', *, *, #3020, .T. ) ;
#244 = CARTESIAN_POINT ( 'NONE',  ( 3.048878131065337893, 3.957546748628120614, 11.52575446552592631 ) ) ;
#245 = CARTESIAN_POINT ( 'NONE',  ( 2.195981536954739521, 4.070952539992247488, 20.24832212799901399 ) ) ;
#246 = EDGE_CURVE ( 'NONE', #4482, #1068, #6660, .T. ) ;
#247 = EDGE_CURVE ( 'NONE', #4990, #5340, #5488, .T. ) ;
#248 = ORIENTED_EDGE ( 'NONE', *, *, #6456, .T. ) ;
#249 = DIRECTION ( 'NONE',  ( -0.9794733370953440099, -0.2015737629735342151, 0.000000000000000000 ) ) ;
#250 = EDGE_CURVE ( 'NONE', #4509, #1643, #7109, .T. ) ;
#251 = EDGE_LOOP ( 'NONE', ( #7018, #5630, #4547, #3517, #932, #6549 ) ) ;
#252 = VECTOR ( 'NONE', #386, 1000.000000000000000 ) ;
#253 = DIRECTION ( 'NONE',  ( -0.9659279192470430209, 0.2588112339506883353, 0.000000000000000000 ) ) ;
#254 = CARTESIAN_POINT ( 'NONE',  ( -12.40663181555145123, 9.934409660288995525, 6.999999999999999112 ) ) ;
#255 = AXIS2_PLACEMENT_3D ( 'NONE', #6606, #1977, #5405 ) ;
#256 = VERTEX_POINT ( 'NONE', #2569 ) ;
#257 = DIRECTION ( 'NONE',  ( -1.000000000000000000, 0.000000000000000000, 0.000000000000000000 ) ) ;
#258 = CARTESIAN_POINT ( 'NONE',  ( -5.330428383661447889, 4.393118539265072009, 11.74833212799901183 ) ) ;
#259 = DIRECTION ( 'NONE',  ( -1.000000000000000000, 0.000000000000000000, 0.000000000000000000 ) ) ;
#260 = EDGE_LOOP ( 'NONE', ( #56, #915, #824, #6928, #5700, #3596, #4953, #352, #4901 ) ) ;
#261 = ORIENTED_EDGE ( 'NONE', *, *, #5818, .T. ) ;
#262 = CARTESIAN_POINT ( 'NONE',  ( 2.036631926890818178, 3.296651896735201870, 16.98479889743371984 ) ) ;
#263 = FACE_OUTER_BOUND ( 'NONE', #3070, .T. ) ;
#264 = DIRECTION ( 'NONE',  ( 1.000000000000000000, 5.682499450283236309E-17, -0.000000000000000000 ) ) ;
#265 = ADVANCED_FACE ( 'NONE', ( #339 ), #1555, .F. ) ;
#266 = CARTESIAN_POINT ( 'NONE',  ( 12.22069333197112151, 4.839283735452745816, 11.74833212799901183 ) ) ;
#267 = CYLINDRICAL_SURFACE ( 'NONE', #951, 16.18099892769363990 ) ;
#268 = CARTESIAN_POINT ( 'NONE',  ( 3.179707033678703443, 4.366040683725292304, 20.14774493310680725 ) ) ;
#269 = VERTEX_POINT ( 'NONE', #378 ) ;
#270 = CARTESIAN_POINT ( 'NONE',  ( -4.123167137600543874, 5.433540120033991450, 21.14626313555733006 ) ) ;
#271 = CARTESIAN_POINT ( 'NONE',  ( 2.720693331971124174, 4.025086560482842302, 21.24833212799901361 ) ) ;
#272 = LINE ( 'NONE', #3029, #6261 ) ;
#273 = ORIENTED_EDGE ( 'NONE', *, *, #2145, .F. ) ;
#274 = CARTESIAN_POINT ( 'NONE',  ( 3.720693331971123730, 4.840245285879308135, 22.24833212799901361 ) ) ;
#275 = CARTESIAN_POINT ( 'NONE',  ( 1.417719702571785811, 3.552573535720907838, 15.18993879009707193 ) ) ;
#276 = ORIENTED_EDGE ( 'NONE', *, *, #6856, .T. ) ;
#277 = ORIENTED_EDGE ( 'NONE', *, *, #7337, .T. ) ;
#278 = DIRECTION ( 'NONE',  ( 1.092801349243425181E-16, 1.000000000000000000, 0.000000000000000000 ) ) ;
#279 = AXIS2_PLACEMENT_3D ( 'NONE', #4300, #827, #2072 ) ;
#280 = CARTESIAN_POINT ( 'NONE',  ( 3.906431224102437927, 3.781063941627265113, 23.99833212799901005 ) ) ;
#281 = B_SPLINE_CURVE_WITH_KNOTS ( 'NONE', 3,
 ( #5499, #3841, #6658, #4891, #7180, #1014 ),
 .UNSPECIFIED., .F., .F.,
 ( 4, 2, 4 ),
 ( 4.336808689942017736E-19, 0.0002788428122627199866, 0.0005576856245254395395 ),
 .UNSPECIFIED. ) ;
#282 = ADVANCED_FACE ( 'NONE', ( #4341 ), #409, .F. ) ;
#283 = EDGE_CURVE ( 'NONE', #1188, #2203, #2116, .T. ) ;
#284 = ORIENTED_EDGE ( 'NONE', *, *, #432, .T. ) ;
#285 = CARTESIAN_POINT ( 'NONE',  ( -17.67643277480201647, -13.37061935686017655, 6.999999999999999112 ) ) ;
#286 = VERTEX_POINT ( 'NONE', #4377 ) ;
#287 = CARTESIAN_POINT ( 'NONE',  ( 13.55895385150150823, 11.93464622485824655, 15.99833212799901183 ) ) ;
#288 = CARTESIAN_POINT ( 'NONE',  ( -4.136321125020615774, 5.436247185802859150, 6.999999999999999112 ) ) ;
#289 = ADVANCED_FACE ( 'NONE', ( #3204 ), #6063, .F. ) ;
#290 = ORIENTED_EDGE ( 'NONE', *, *, #3046, .T. ) ;
#291 = VERTEX_POINT ( 'NONE', #905 ) ;
#292 = CARTESIAN_POINT ( 'NONE',  ( 13.22069333197112506, 4.183336712770299393, 20.03836211228595232 ) ) ;
#293 = CARTESIAN_POINT ( 'NONE',  ( -12.40663181555145123, 9.934409660288995525, 9.250000000000000000 ) ) ;
#294 = EDGE_LOOP ( 'NONE', ( #2117, #7304, #3736, #6486, #7380, #5407, #1330, #5984, #3488 ) ) ;
#295 = VERTEX_POINT ( 'NONE', #1436 ) ;
#296 = FACE_OUTER_BOUND ( 'NONE', #953, .T. ) ;
#297 = DIRECTION ( 'NONE',  ( -0.9794733370953438989, 0.2015737629735347147, 0.000000000000000000 ) ) ;
#298 = CARTESIAN_POINT ( 'NONE',  ( 15.57153635071808928, -8.872004039688027532, 6.998332127999012719 ) ) ;
#299 = VECTOR ( 'NONE', #1712, 1000.000000000000000 ) ;
#300 = CARTESIAN_POINT ( 'NONE',  ( -4.136321125020613998, 5.436247185802858262, 18.31292015647041183 ) ) ;
#301 = CARTESIAN_POINT ( 'NONE',  ( 1.083725061773642251, 3.466226663040248290, 19.86415719646720035 ) ) ;
#302 = ORIENTED_EDGE ( 'NONE', *, *, #5778, .T. ) ;
#303 = CARTESIAN_POINT ( 'NONE',  ( 2.720693331971123730, 5.251841508744163889, 21.11662272488232617 ) ) ;
#304 = CARTESIAN_POINT ( 'NONE',  ( 3.519119568997588932, 3.860771948783964902, 8.748332127999013608 ) ) ;
#305 = CIRCLE ( 'NONE', #1638, 2.000000000000000000 ) ;
#306 = DIRECTION ( 'NONE',  ( 1.000000000000000000, 0.000000000000000000, 0.000000000000000000 ) ) ;
#307 = ORIENTED_EDGE ( 'NONE', *, *, #4357, .T. ) ;
#308 = CARTESIAN_POINT ( 'NONE',  ( -1.942195958572139114, -8.613760306515812815, 13.68168109410626698 ) ) ;
#309 = CARTESIAN_POINT ( 'NONE',  ( 2.720693331971123730, 11.72974728436562408, 21.24833212799901716 ) ) ;
#310 = ORIENTED_EDGE ( 'NONE', *, *, #5162, .T. ) ;
#311 = AXIS2_PLACEMENT_3D ( 'NONE', #7431, #7394, #5185 ) ;
#312 = EDGE_LOOP ( 'NONE', ( #5960, #3871, #687, #8, #7203, #3261 ) ) ;
#313 = DIRECTION ( 'NONE',  ( 0.000000000000000000, 0.000000000000000000, 1.000000000000000000 ) ) ;
#314 = VECTOR ( 'NONE', #6015, 1000.000000000000227 ) ;
#315 = LINE ( 'NONE', #7198, #4477 ) ;
#316 = AXIS2_PLACEMENT_3D ( 'NONE', #6966, #2946, #6365 ) ;
#317 = CIRCLE ( 'NONE', #3809, 1.000000000000000888 ) ;
#318 = EDGE_CURVE ( 'NONE', #5708, #5893, #2680, .T. ) ;
#319 = ORIENTED_EDGE ( 'NONE', *, *, #1222, .T. ) ;
#320 = ORIENTED_EDGE ( 'NONE', *, *, #7235, .T. ) ;
#321 = DIRECTION ( 'NONE',  ( 0.2588112339506885018, 0.9659279192470429098, 0.000000000000000000 ) ) ;
#322 = VERTEX_POINT ( 'NONE', #2643 ) ;
#323 = VECTOR ( 'NONE', #4527, 1000.000000000000000 ) ;
#324 = LINE ( 'NONE', #2626, #3940 ) ;
#325 = LINE ( 'NONE', #288, #4415 ) ;
#326 = VECTOR ( 'NONE', #3754, 1000.000000000000000 ) ;
#327 = AXIS2_PLACEMENT_3D ( 'NONE', #2915, #2874, #6259 ) ;
#328 = VERTEX_POINT ( 'NONE', #3280 ) ;
#329 = CARTESIAN_POINT ( 'NONE',  ( 3.134906894344218209, 5.081352771013073699, 11.74833212799901361 ) ) ;
#330 = FACE_OUTER_BOUND ( 'NONE', #884, .T. ) ;
#331 = ORIENTED_EDGE ( 'NONE', *, *, #981, .F. ) ;
#332 = ORIENTED_EDGE ( 'NONE', *, *, #2461, .T. ) ;
#333 = CARTESIAN_POINT ( 'NONE',  ( 1.583246015799837147, -12.57799432079165314, 15.20666212799901373 ) ) ;
#334 = DIRECTION ( 'NONE',  ( -1.000000000000000000, 7.372574772901430151E-15, 0.000000000000000000 ) ) ;
#335 = CARTESIAN_POINT ( 'NONE',  ( 16.40811827848397186, -8.873752814197141348, 6.998332127999012719 ) ) ;
#336 = CARTESIAN_POINT ( 'NONE',  ( 1.198680847101487146, -8.132260364130292629, 17.91395223436937556 ) ) ;
#337 = EDGE_CURVE ( 'NONE', #3185, #6349, #191, .T. ) ;
#338 = CARTESIAN_POINT ( 'NONE',  ( -4.116590141842817019, 5.432186586728145805, 18.31293313555732993 ) ) ;
#339 = FACE_OUTER_BOUND ( 'NONE', #4324, .T. ) ;
#340 = EDGE_CURVE ( 'NONE', #2391, #1268, #6565, .T. ) ;
#341 = EDGE_CURVE ( 'NONE', #6277, #2316, #75, .T. ) ;
#342 = VECTOR ( 'NONE', #4531, 1000.000000000000000 ) ;
#343 = EDGE_CURVE ( 'NONE', #3555, #5002, #4956, .T. ) ;
#344 = ORIENTED_EDGE ( 'NONE', *, *, #425, .F. ) ;
#345 = CARTESIAN_POINT ( 'NONE',  ( 2.848398257880192297, 5.199278643600264260, 20.74193083875084653 ) ) ;
#346 = CARTESIAN_POINT ( 'NONE',  ( -5.330428383661446112, -3.884007349944944565, 20.24832212799901399 ) ) ;
#347 = ADVANCED_FACE ( 'NONE', ( #5689 ), #2826, .T. ) ;
#348 = CARTESIAN_POINT ( 'NONE',  ( -17.67643277480201647, -13.37061935686017655, 9.250000000000000000 ) ) ;
#349 = ORIENTED_EDGE ( 'NONE', *, *, #4155, .T. ) ;
#350 = CARTESIAN_POINT ( 'NONE',  ( 1.583246015799837147, -8.236415657595513196, 15.20666212799901373 ) ) ;
#351 = CARTESIAN_POINT ( 'NONE',  ( 2.720693331971123730, 12.72974728436562231, 21.24833212799901361 ) ) ;
#352 = ORIENTED_EDGE ( 'NONE', *, *, #4291, .F. ) ;
#353 = VECTOR ( 'NONE', #4828, 1000.000000000000114 ) ;
#354 = ORIENTED_EDGE ( 'NONE', *, *, #1549, .T. ) ;
#355 = CARTESIAN_POINT ( 'NONE',  ( 2.036631926890818178, 3.296651896735200982, 15.01185535856430420 ) ) ;
#356 = DIRECTION ( 'NONE',  ( -1.000000000000000000, -7.375108878104640636E-16, 0.000000000000000000 ) ) ;
#357 = PLANE ( 'NONE',  #1452 ) ;
#358 = ORIENTED_EDGE ( 'NONE', *, *, #837, .T. ) ;
#359 = ORIENTED_EDGE ( 'NONE', *, *, #207, .T. ) ;
#360 = DIRECTION ( 'NONE',  ( -0.000000000000000000, 0.000000000000000000, -1.000000000000000000 ) ) ;
#361 = VERTEX_POINT ( 'NONE', #1735 ) ;
#362 = CARTESIAN_POINT ( 'NONE',  ( -0.3329172180384509239, -8.875294732441114220, 15.48161995495327048 ) ) ;
#363 = DIRECTION ( 'NONE',  ( -0.2588112339506883908, 0.9659279192470430209, 0.000000000000000000 ) ) ;
#364 = DIRECTION ( 'NONE',  ( 2.498001805406602216E-16, -1.000000000000000000, 0.000000000000000000 ) ) ;
#365 = EDGE_LOOP ( 'NONE', ( #6485, #5517, #2735, #5320, #4839, #5792 ) ) ;
#366 = AXIS2_PLACEMENT_3D ( 'NONE', #2824, #5609, #6805 ) ;
#367 = FACE_OUTER_BOUND ( 'NONE', #1940, .T. ) ;
#368 = DIRECTION ( 'NONE',  ( 0.000000000000000000, 0.000000000000000000, 1.000000000000000000 ) ) ;
#369 = ORIENTED_EDGE ( 'NONE', *, *, #4211, .T. ) ;
#370 = LINE ( 'NONE', #333, #5741 ) ;
#371 = DIRECTION ( 'NONE',  ( 0.000000000000000000, 0.000000000000000000, 1.000000000000000000 ) ) ;
#372 = VECTOR ( 'NONE', #1521, 1000.000000000000000 ) ;
#373 = DIRECTION ( 'NONE',  ( 1.000000000000000000, -0.000000000000000000, 0.000000000000000000 ) ) ;
#374 = EDGE_CURVE ( 'NONE', #1268, #6902, #4236, .T. ) ;
#375 = CARTESIAN_POINT ( 'NONE',  ( -17.22255376510845792, -14.55036574546608108, 24.99666425599802366 ) ) ;
#376 = CARTESIAN_POINT ( 'NONE',  ( -4.136321125020615774, 5.436247185802859150, 16.51706409952761234 ) ) ;
#377 = EDGE_CURVE ( 'NONE', #1468, #2542, #24, .T. ) ;
#378 = CARTESIAN_POINT ( 'NONE',  ( 2.021704316544359337, -8.101945535577451452, 16.96959419523750512 ) ) ;
#379 = ORIENTED_EDGE ( 'NONE', *, *, #4223, .F. ) ;
#380 = CARTESIAN_POINT ( 'NONE',  ( 1.924479652105899330, 4.188945832096496069, 20.01282114719674254 ) ) ;
#381 = CYLINDRICAL_SURFACE ( 'NONE', #4400, 0.8999999999999998002 ) ;
#382 = AXIS2_PLACEMENT_3D ( 'NONE', #5570, #3307, #5607 ) ;
#383 = ADVANCED_FACE ( 'NONE', ( #5764 ), #3998, .T. ) ;
#384 = ORIENTED_EDGE ( 'NONE', *, *, #246, .T. ) ;
#385 = CARTESIAN_POINT ( 'NONE',  ( 13.22069333197112506, 11.72974728436562408, 20.24833212799901361 ) ) ;
#386 = DIRECTION ( 'NONE',  ( -1.000000000000000000, 0.000000000000000000, 0.000000000000000000 ) ) ;
#387 = ORIENTED_EDGE ( 'NONE', *, *, #3321, .T. ) ;
#388 = EDGE_LOOP ( 'NONE', ( #2125, #543, #21, #871, #3146, #4699 ) ) ;
#389 = CARTESIAN_POINT ( 'NONE',  ( -5.337894887994158566, 4.393118539265072009, 12.64830115597333560 ) ) ;
#390 = CARTESIAN_POINT ( 'NONE',  ( 12.59945928516227376, 4.480500041134240163, 20.19328211359256642 ) ) ;
#391 = DIRECTION ( 'NONE',  ( -0.2015737629735342151, -0.9794733370953440099, 0.000000000000000000 ) ) ;
#392 = ORIENTED_EDGE ( 'NONE', *, *, #4995, .F. ) ;
#393 = ORIENTED_EDGE ( 'NONE', *, *, #7040, .F. ) ;
#394 = FACE_OUTER_BOUND ( 'NONE', #4734, .T. ) ;
#395 = VERTEX_POINT ( 'NONE', #1700 ) ;
#396 = DIRECTION ( 'NONE',  ( 0.000000000000000000, 0.000000000000000000, 1.000000000000000000 ) ) ;
#397 = DIRECTION ( 'NONE',  ( -0.2588112339506883353, -0.9659279192470430209, 0.000000000000000000 ) ) ;
#398 = CARTESIAN_POINT ( 'NONE',  ( -4.123167137600543874, 5.433540120033991450, 15.47960313555732981 ) ) ;
#399 = EDGE_CURVE ( 'NONE', #7011, #192, #7440, .T. ) ;
#400 = ORIENTED_EDGE ( 'NONE', *, *, #2278, .F. ) ;
#401 = CYLINDRICAL_SURFACE ( 'NONE', #1520, 0.6250000000000005551 ) ;
#402 = LINE ( 'NONE', #3911, #4624 ) ;
#403 = ORIENTED_EDGE ( 'NONE', *, *, #6880, .F. ) ;
#404 = CARTESIAN_POINT ( 'NONE',  ( -14.28307289072193420, -16.30343477370360006, 22.74666425599802366 ) ) ;
#405 = CARTESIAN_POINT ( 'NONE',  ( 13.22069333197112329, 11.72974728436562408, 10.74833212799901361 ) ) ;
#406 = LINE ( 'NONE', #335, #1183 ) ;
#407 = DIRECTION ( 'NONE',  ( -0.000000000000000000, -0.000000000000000000, -1.000000000000000000 ) ) ;
#408 = CARTESIAN_POINT ( 'NONE',  ( -0.3354060526787386309, -8.875294732441114220, 21.14827997298081286 ) ) ;
#409 = CYLINDRICAL_SURFACE ( 'NONE', #669, 0.9999999999999996669 ) ;
#410 = ORIENTED_EDGE ( 'NONE', *, *, #6490, .F. ) ;
#411 = CARTESIAN_POINT ( 'NONE',  ( 3.010861407613219853, 3.965370518517450371, 19.29614425545848633 ) ) ;
#412 = SURFACE_STYLE_FILL_AREA ( #5577 ) ;
#413 = CARTESIAN_POINT ( 'NONE',  ( -5.337894887994158566, 4.393118539265072009, 19.34835310002468844 ) ) ;
#414 = ORIENTED_EDGE ( 'NONE', *, *, #1687, .F. ) ;
#415 = EDGE_CURVE ( 'NONE', #395, #724, #7280, .T. ) ;
#416 = CARTESIAN_POINT ( 'NONE',  ( 0.9761408625112251158, -7.996667119020861136, 14.75130741618048980 ) ) ;
#417 = CARTESIAN_POINT ( 'NONE',  ( 1.583246015799837147, -12.57799432079165314, 16.78999212799901031 ) ) ;
#418 = CIRCLE ( 'NONE', #534, 0.8999999999999998002 ) ;
#419 = VERTEX_POINT ( 'NONE', #3313 ) ;
#420 = ORIENTED_EDGE ( 'NONE', *, *, #541, .F. ) ;
#421 = CARTESIAN_POINT ( 'NONE',  ( 2.208246015799837370, 4.130547250359981604, 14.58166212799901373 ) ) ;
#422 = CARTESIAN_POINT ( 'NONE',  ( 12.41672652045161840, 4.650793050203808399, 20.23426314244933977 ) ) ;
#423 = DIRECTION ( 'NONE',  ( -0.000000000000000000, -0.000000000000000000, 1.000000000000000000 ) ) ;
#424 = VERTEX_POINT ( 'NONE', #3577 ) ;
#425 = EDGE_CURVE ( 'NONE', #4990, #6608, #1277, .T. ) ;
#426 = ORIENTED_EDGE ( 'NONE', *, *, #2533, .F. ) ;
#427 = CARTESIAN_POINT ( 'NONE',  ( 2.021704316544363333, -8.875294732441114220, 16.96959419523750867 ) ) ;
#428 = EDGE_CURVE ( 'NONE', #3451, #4609, #1241, .T. ) ;
#429 = ORIENTED_EDGE ( 'NONE', *, *, #6810, .F. ) ;
#431 = EDGE_CURVE ( 'NONE', #2523, #104, #3870, .T. ) ;
#430 = CARTESIAN_POINT ( 'NONE',  ( -5.337894887994158566, -3.875294732441076917, 10.24999999999999822 ) ) ;
#432 = EDGE_CURVE ( 'NONE', #6608, #6298, #1744, .T. ) ;
#433 = FACE_OUTER_BOUND ( 'NONE', #5654, .T. ) ;
#434 = CYLINDRICAL_SURFACE ( 'NONE', #5484, 0.9000000000000000222 ) ;
#435 = ADVANCED_FACE ( 'NONE', ( #7063 ), #70, .T. ) ;
#436 = AXIS2_PLACEMENT_3D ( 'NONE', #1232, #5258, #6979 ) ;
#437 = VERTEX_POINT ( 'NONE', #5871 ) ;
#438 = ORIENTED_EDGE ( 'NONE', *, *, #6553, .F. ) ;
#439 = LINE ( 'NONE', #2745, #2959 ) ;
#440 = DIRECTION ( 'NONE',  ( 0.9794733370953438989, -0.2015737629735343261, 0.000000000000000000 ) ) ;
#441 = EDGE_LOOP ( 'NONE', ( #3210, #5923, #3088, #5201, #171, #3759, #6192, #4310 ) ) ;
#442 = VECTOR ( 'NONE', #1190, 1000.000000000000000 ) ;
#443 = CARTESIAN_POINT ( 'NONE',  ( 12.03962773940497222, 3.781063941627264224, 7.998332127999010943 ) ) ;
#444 = CARTESIAN_POINT ( 'NONE',  ( -4.116590141842817019, 5.432186586728145805, 15.47960313555732981 ) ) ;
#445 = AXIS2_PLACEMENT_3D ( 'NONE', #1478, #3316, #3206 ) ;
#446 = EDGE_CURVE ( 'NONE', #7425, #7323, #5711, .T. ) ;
#447 = FACE_OUTER_BOUND ( 'NONE', #4573, .T. ) ;
#448 = CARTESIAN_POINT ( 'NONE',  ( -5.337894887994158566, 4.393118539265072009, 16.51502310002469187 ) ) ;
#449 = VECTOR ( 'NONE', #2785, 1000.000000000000227 ) ;
#450 = CARTESIAN_POINT ( 'NONE',  ( -6.337894887994158566, -3.875294732441076917, 10.24999999999999822 ) ) ;
#451 = CARTESIAN_POINT ( 'NONE',  ( -0.6676624351433232407, -8.875294732441261658, 18.31495478165766855 ) ) ;
#452 = CARTESIAN_POINT ( 'NONE',  ( 2.788835130343651603, 4.011063107067976752, 20.85236787125725755 ) ) ;
#453 = SURFACE_STYLE_USAGE ( .BOTH. , #2721 ) ;
#454 = CARTESIAN_POINT ( 'NONE',  ( -4.136321125020613998, -8.873752814197141348, 9.250000000000000000 ) ) ;
#455 = CYLINDRICAL_SURFACE ( 'NONE', #1491, 2.500000000000000444 ) ;
#456 = VECTOR ( 'NONE', #2527, 1000.000000000000000 ) ;
#457 = CARTESIAN_POINT ( 'NONE',  ( -12.40663181555145123, 9.934409660288995525, 9.250000000000000000 ) ) ;
#458 = DIRECTION ( 'NONE',  ( -1.000000000000000000, 0.000000000000000000, -0.000000000000000000 ) ) ;
#459 = ORIENTED_EDGE ( 'NONE', *, *, #565, .T. ) ;
#460 = ORIENTED_EDGE ( 'NONE', *, *, #2100, .T. ) ;
#461 = CARTESIAN_POINT ( 'NONE',  ( 3.720693331971123730, 3.729747284365623194, 21.24833212799901716 ) ) ;
#462 = PLANE ( 'NONE',  #3616 ) ;
#463 = ORIENTED_EDGE ( 'NONE', *, *, #7065, .F. ) ;
#464 = ORIENTED_EDGE ( 'NONE', *, *, #4387, .F. ) ;
#465 = CARTESIAN_POINT ( 'NONE',  ( 11.53569333197112456, 4.729747284365623194, 23.24833212799901361 ) ) ;
#466 = VECTOR ( 'NONE', #2382, 1000.000000000000000 ) ;
#467 = EDGE_CURVE ( 'NONE', #1456, #2316, #1204, .T. ) ;
#468 = VERTEX_POINT ( 'NONE', #3009 ) ;
#469 = ORIENTED_EDGE ( 'NONE', *, *, #7269, .T. ) ;
#470 = CARTESIAN_POINT ( 'NONE',  ( -4.306622442006275087, -6.934194992480525954, 16.51499202384773923 ) ) ;
#471 = CARTESIAN_POINT ( 'NONE',  ( 3.134906894344218653, 5.081352771013073699, 20.24833212799901361 ) ) ;
#472 = AXIS2_PLACEMENT_3D ( 'NONE', #1956, #2519, #4817 ) ;
#473 = EDGE_CURVE ( 'NONE', #2003, #996, #173, .T. ) ;
#474 = EDGE_CURVE ( 'NONE', #7348, #6183, #6304, .T. ) ;
#475 = ORIENTED_EDGE ( 'NONE', *, *, #1220, .F. ) ;
#476 = VERTEX_POINT ( 'NONE', #3047 ) ;
#477 = CARTESIAN_POINT ( 'NONE',  ( 12.22069333197112506, 11.72974728436562408, 21.24833212799901361 ) ) ;
#478 = CARTESIAN_POINT ( 'NONE',  ( 19.43280793828412811, 5.302566464042969052, 6.999999999999999112 ) ) ;
#479 = DIRECTION ( 'NONE',  ( -1.000000000000000000, 0.000000000000000000, 0.000000000000000000 ) ) ;
#480 = CARTESIAN_POINT ( 'NONE',  ( 15.57153635071808928, -8.872004039688025756, 23.99833212799901005 ) ) ;
#481 = FACE_OUTER_BOUND ( 'NONE', #5699, .T. ) ;
#482 = DIRECTION ( 'NONE',  ( -0.000000000000000000, 0.000000000000000000, -1.000000000000000000 ) ) ;
#483 = DIRECTION ( 'NONE',  ( -0.000000000000000000, -0.000000000000000000, 1.000000000000000000 ) ) ;
#484 = VECTOR ( 'NONE', #5288, 1000.000000000000000 ) ;
#485 = LINE ( 'NONE', #5196, #1172 ) ;
#486 = ADVANCED_FACE ( 'NONE', ( #4070 ), #629, .T. ) ;
#487 = AXIS2_PLACEMENT_3D ( 'NONE', #245, #7123, #1490 ) ;
#488 = CARTESIAN_POINT ( 'NONE',  ( -5.272760515541547122, 4.819338697175971298, 16.51553947723967042 ) ) ;
#489 = B_SPLINE_CURVE_WITH_KNOTS ( 'NONE', 3,
 ( #2758, #6067, #3771, #6215 ),
 .UNSPECIFIED., .F., .F.,
 ( 4, 4 ),
 ( 0.001800939922389190951, 0.001808403033252062005 ),
 .UNSPECIFIED. ) ;
#490 = CARTESIAN_POINT ( 'NONE',  ( 0.9582460157974505011, -7.984007349943287757, 11.74833212799870097 ) ) ;
#491 = ORIENTED_EDGE ( 'NONE', *, *, #2001, .F. ) ;
#492 = DIRECTION ( 'NONE',  ( 1.000000000000000000, 0.000000000000000000, 0.000000000000000000 ) ) ;
#493 = CARTESIAN_POINT ( 'NONE',  ( -4.913161118393400528, 5.278043985898638546, 10.85013605220856014 ) ) ;
#494 = VERTEX_POINT ( 'NONE', #4673 ) ;
#495 = ORIENTED_EDGE ( 'NONE', *, *, #3343, .F. ) ;
#496 = CARTESIAN_POINT ( 'NONE',  ( 11.53569333197112101, 3.729747284365623194, 8.748332127999011831 ) ) ;
#497 = PLANE ( 'NONE',  #6865 ) ;
#498 = DIRECTION ( 'NONE',  ( 1.000000000000000000, 0.000000000000000000, 0.000000000000000000 ) ) ;
#499 = ORIENTED_EDGE ( 'NONE', *, *, #221, .T. ) ;
#500 = ORIENTED_EDGE ( 'NONE', *, *, #3100, .T. ) ;
#501 = ORIENTED_EDGE ( 'NONE', *, *, #888, .T. ) ;
#502 = ORIENTED_EDGE ( 'NONE', *, *, #5718, .T. ) ;
#503 = CARTESIAN_POINT ( 'NONE',  ( 1.979597979144388509, 3.341785174100088796, 20.73862413416766159 ) ) ;
#504 = EDGE_CURVE ( 'NONE', #3905, #1839, #4219, .T. ) ;
#505 = FACE_OUTER_BOUND ( 'NONE', #3191, .T. ) ;
#506 = ORIENTED_EDGE ( 'NONE', *, *, #340, .T. ) ;
#507 = ORIENTED_EDGE ( 'NONE', *, *, #4486, .T. ) ;
#508 = CARTESIAN_POINT ( 'NONE',  ( 3.255840439996807945, 3.914954296312006754, 9.830269546646913881 ) ) ;
#509 = DIRECTION ( 'NONE',  ( 1.000000000000000000, 7.375108878104640636E-16, -0.000000000000000000 ) ) ;
#510 = ADVANCED_FACE ( 'NONE', ( #1314 ), #6957, .T. ) ;
#511 = CARTESIAN_POINT ( 'NONE',  ( -4.136321125020613998, 5.436247185802858262, 12.64626015647041157 ) ) ;
#512 = DIRECTION ( 'NONE',  ( 1.000000000000000000, 9.714451465470117757E-16, 0.000000000000000000 ) ) ;
#513 = VECTOR ( 'NONE', #2453, 1000.000000000000000 ) ;
#514 = PLANE ( 'NONE',  #1091 ) ;
#515 = FACE_OUTER_BOUND ( 'NONE', #3244, .T. ) ;
#516 = CARTESIAN_POINT ( 'NONE',  ( 12.52436745998202028, 4.546309330214016953, 11.78308202266857485 ) ) ;
#517 = ADVANCED_FACE ( 'NONE', ( #5343 ), #4751, .F. ) ;
#518 = VECTOR ( 'NONE', #3421, 1000.000000000000000 ) ;
#519 = CARTESIAN_POINT ( 'NONE',  ( 13.11039389980848568, 4.001425595224954890, 21.74173465503540115 ) ) ;
#520 = CARTESIAN_POINT ( 'NONE',  ( -3.381363815830250807, -7.855707514462904939, 19.34832498217873820 ) ) ;
#521 = CARTESIAN_POINT ( 'NONE',  ( 2.195981536954739521, 4.070952539992247488, 17.41499212799901031 ) ) ;
#522 = LINE ( 'NONE', #4112, #6719 ) ;
#523 = EDGE_CURVE ( 'NONE', #1668, #328, #5308, .T. ) ;
#524 = CARTESIAN_POINT ( 'NONE',  ( -0.3304283836614452796, -8.875294732441112444, 10.84837430104475509 ) ) ;
#525 = CARTESIAN_POINT ( 'NONE',  ( 1.497131977613010090, -8.236415657595497208, 13.95666212799902617 ) ) ;
#526 = CARTESIAN_POINT ( 'NONE',  ( -5.297318707986222286, 4.748196092382448441, 10.84873884433579150 ) ) ;
#527 = VECTOR ( 'NONE', #3539, 1000.000000000000000 ) ;
#528 = ORIENTED_EDGE ( 'NONE', *, *, #4109, .T. ) ;
#529 = ORIENTED_EDGE ( 'NONE', *, *, #1563, .F. ) ;
#530 = CARTESIAN_POINT ( 'NONE',  ( 2.264416222412659607, 4.403485647226743183, 10.91482242414473447 ) ) ;
#531 = LINE ( 'NONE', #5846, #857 ) ;
#532 = CARTESIAN_POINT ( 'NONE',  ( -17.22255376510846503, 11.11286011707180243, 6.999999999999999112 ) ) ;
#533 = ORIENTED_EDGE ( 'NONE', *, *, #221, .F. ) ;
#534 = AXIS2_PLACEMENT_3D ( 'NONE', #2459, #758, #6596 ) ;
#535 = ORIENTED_EDGE ( 'NONE', *, *, #4122, .F. ) ;
#536 = FACE_OUTER_BOUND ( 'NONE', #7104, .T. ) ;
#537 = ORIENTED_EDGE ( 'NONE', *, *, #4530, .F. ) ;
#538 = ORIENTED_EDGE ( 'NONE', *, *, #1449, .F. ) ;
#539 = CARTESIAN_POINT ( 'NONE',  ( 14.42226709494465631, 4.271406621224085320, 9.576759252745201678 ) ) ;
#540 = CARTESIAN_POINT ( 'NONE',  ( 1.583246015799828044, -8.236415657594555739, 11.12333212799901183 ) ) ;
#541 = EDGE_CURVE ( 'NONE', #3832, #1812, #2624, .T. ) ;
#542 = CIRCLE ( 'NONE', #7275, 1.050000000000000488 ) ;
#543 = ORIENTED_EDGE ( 'NONE', *, *, #340, .F. ) ;
#544 = ORIENTED_EDGE ( 'NONE', *, *, #3570, .T. ) ;
#545 = CARTESIAN_POINT ( 'NONE',  ( 2.830992764133703155, 4.002387145651749911, 10.25492960096240047 ) ) ;
#546 = DIRECTION ( 'NONE',  ( 2.498001805406602216E-16, -1.000000000000000000, 0.000000000000000000 ) ) ;
#547 = AXIS2_PLACEMENT_3D ( 'NONE', #200, #3106, #6483 ) ;
#548 = CARTESIAN_POINT ( 'NONE',  ( -0.3304283836614452796, -8.884007349944946341, 11.74833212799901183 ) ) ;
#549 = CARTESIAN_POINT ( 'NONE',  ( 1.965387807475295734, -8.133519051144450174, 11.24749513938650125 ) ) ;
#550 = VECTOR ( 'NONE', #6459, 1000.000000000000000 ) ;
#551 = PLANE ( 'NONE',  #3017 ) ;
#552 = VECTOR ( 'NONE', #6409, 1000.000000000000000 ) ;
#553 = B_SPLINE_CURVE_WITH_KNOTS ( 'NONE', 3,
 ( #630, #2376, #1243, #667, #2978, #5275, #3827, #5637, #2774, #924, #6646, #2139, #470, #4364, #7281, #2665, #4957, #7245, #3906, #4919 ),
 .UNSPECIFIED., .F., .F.,
 ( 4, 2, 2, 2, 2, 2, 2, 2, 2, 4 ),
 ( 9.858081489261144740E-08, 0.0009753616760182495186, 0.001462993223619927802, 0.001950624771221606303, 0.002925887866424963304, 0.003901150961628320306, 0.004876414056831676440, 0.005851677152035033441, 0.006826940247238390443, 0.007802203342441747444 ),
 .UNSPECIFIED. ) ;
#554 = CARTESIAN_POINT ( 'NONE',  ( -0.6676624351433219084, -8.875294732441263434, 15.48162478165766665 ) ) ;
#555 = DIRECTION ( 'NONE',  ( 2.498001805406602216E-16, -1.000000000000000000, 0.000000000000000000 ) ) ;
#556 = CARTESIAN_POINT ( 'NONE',  ( -0.3304283836614461678, -3.884007349944943677, 20.24832212799901399 ) ) ;
#557 = B_SPLINE_CURVE_WITH_KNOTS ( 'NONE', 3,
 ( #4628, #5999, #804, #5363, #6910, #1195, #844, #3498, #5794, #5926, #1802, #5435, #4024, #2364, #4241, #1762, #623, #3462, #6522, #2932 ),
 .UNSPECIFIED., .F., .F.,
 ( 4, 2, 2, 2, 2, 2, 2, 2, 2, 4 ),
 ( 9.858081489261144740E-08, 0.0009753616760182495186, 0.001462993223619927802, 0.001950624771221606303, 0.002925887866424963304, 0.003901150961628320306, 0.004876414056831676440, 0.005851677152035033441, 0.006826940247238390443, 0.007802203342441747444 ),
 .UNSPECIFIED. ) ;
#558 = VECTOR ( 'NONE', #1961, 1000.000000000000000 ) ;
#559 = CARTESIAN_POINT ( 'NONE',  ( -4.136321125020615774, 5.436247185802859150, 10.85040409952761209 ) ) ;
#560 = EDGE_CURVE ( 'NONE', #2479, #256, #911, .T. ) ;
#561 = CARTESIAN_POINT ( 'NONE',  ( -5.337887297018019339, -3.884007349944944565, 19.34835303707892251 ) ) ;
#562 = AXIS2_PLACEMENT_3D ( 'NONE', #4920, #1383, #855 ) ;
#563 = LINE ( 'NONE', #5237, #3714 ) ;
#564 = EDGE_CURVE ( 'NONE', #3908, #7393, #2823, .T. ) ;
#565 = EDGE_CURVE ( 'NONE', #6111, #6349, #6575, .T. ) ;
#566 = DIRECTION ( 'NONE',  ( 0.000000000000000000, 0.000000000000000000, 1.000000000000000000 ) ) ;
#567 = TOROIDAL_SURFACE ( 'NONE', #4889, 5.000000000000001776, 0.8999999999999998002 ) ;
#568 = ORIENTED_EDGE ( 'NONE', *, *, #1556, .F. ) ;
#569 = ADVANCED_FACE ( 'NONE', ( #4258 ), #4404, .F. ) ;
#570 = DIRECTION ( 'NONE',  ( 2.498001805406602216E-16, -1.000000000000000000, 0.000000000000000000 ) ) ;
#571 = CYLINDRICAL_SURFACE ( 'NONE', #5813, 0.9999999999999991118 ) ;
#572 = EDGE_LOOP ( 'NONE', ( #3609, #3593, #4981, #1967, #1619, #733, #6901, #3531, #842 ) ) ;
#573 = FACE_OUTER_BOUND ( 'NONE', #1941, .T. ) ;
#574 = DIRECTION ( 'NONE',  ( 2.498001805406602216E-16, -1.000000000000000000, 0.000000000000000000 ) ) ;
#575 = CARTESIAN_POINT ( 'NONE',  ( -17.22255376510846503, 11.11286011707180243, 9.250000000000000000 ) ) ;
#576 = ORIENTED_EDGE ( 'NONE', *, *, #504, .F. ) ;
#577 = VERTEX_POINT ( 'NONE', #4853 ) ;
#578 = DIRECTION ( 'NONE',  ( 1.000000000000000000, 0.000000000000000000, 0.000000000000000000 ) ) ;
#579 = ORIENTED_EDGE ( 'NONE', *, *, #4933, .T. ) ;
#580 = ORIENTED_EDGE ( 'NONE', *, *, #890, .T. ) ;
#581 = LINE ( 'NONE', #3527, #2256 ) ;
#582 = FACE_OUTER_BOUND ( 'NONE', #2208, .T. ) ;
#583 = EDGE_CURVE ( 'NONE', #2252, #2798, #895, .T. ) ;
#584 = AXIS2_PLACEMENT_3D ( 'NONE', #1016, #941, #5535 ) ;
#585 = EDGE_LOOP ( 'NONE', ( #5675, #5676, #3677, #5872 ) ) ;
#586 = ORIENTED_EDGE ( 'NONE', *, *, #6226, .T. ) ;
#587 = CARTESIAN_POINT ( 'NONE',  ( 3.106146608219447547, 5.093190396150533594, 9.948665289377593979 ) ) ;
#588 = CARTESIAN_POINT ( 'NONE',  ( 1.965265365766823757, -8.133587697359429214, 17.91594965058684252 ) ) ;
#589 = AXIS2_PLACEMENT_3D ( 'NONE', #7370, #1202, #6918 ) ;
#590 = CARTESIAN_POINT ( 'NONE',  ( -4.310271007364092632, 4.491065872974608908, 20.24832212799901399 ) ) ;
#591 = FACE_OUTER_BOUND ( 'NONE', #3419, .T. ) ;
#592 = CARTESIAN_POINT ( 'NONE',  ( 0.9582460157998368144, 3.406815019553060875, 17.41499212799901031 ) ) ;
#593 = CARTESIAN_POINT ( 'NONE',  ( -0.5685452864079477697, -8.873752814197143124, 10.16248115250364847 ) ) ;
#594 = CYLINDRICAL_SURFACE ( 'NONE', #4638, 0.8999999999999998002 ) ;
#595 = CARTESIAN_POINT ( 'NONE',  ( 12.32796278193018757, 4.742015186728913534, 11.75168378442585038 ) ) ;
#596 = CARTESIAN_POINT ( 'NONE',  ( 0.000000000000000000, 0.000000000000000000, 6.998332127999012719 ) ) ;
#597 = EDGE_CURVE ( 'NONE', #1839, #2399, #7020, .T. ) ;
#598 = DIRECTION ( 'NONE',  ( 0.000000000000000000, 0.000000000000000000, 1.000000000000000000 ) ) ;
#599 = ADVANCED_FACE ( 'NONE', ( #330 ), #2635, .F. ) ;
#600 = DIRECTION ( 'NONE',  ( 1.000000000000000000, 0.000000000000000000, 0.000000000000000000 ) ) ;
#601 = DIRECTION ( 'NONE',  ( 1.000000000000000000, 0.000000000000000000, 0.000000000000000000 ) ) ;
#602 =( BOUNDED_SURFACE ( )  B_SPLINE_SURFACE ( 3, 2, ( 
 ( #5602, #1046, #3872 ),
 ( #6164, #4962, #1008 ),
 ( #7249, #2105, #4403 ),
 ( #7324, #2184, #5755 ),
 ( #2855, #545, #1692 ),
 ( #5716, #2400, #587 ),
 ( #2892, #3497, #654 ),
 ( #4555, #508, #3461 ),
 ( #2931, #2966, #1840 ),
 ( #1158, #1194, #4663 ) ),
 .UNSPECIFIED., .F., .F., .F. ) 
 B_SPLINE_SURFACE_WITH_KNOTS ( ( 4, 2, 2, 2, 4 ),
 ( 3, 3 ),
 ( 3.141592653589793116, 3.534291735288517255, 3.926990816987241395, 4.319689898685965090, 4.712388980384689674 ),
 ( 0.000000000000000000, 1.000000000000000000 ),
 .UNSPECIFIED. ) 
 GEOMETRIC_REPRESENTATION_ITEM ( )  RATIONAL_B_SPLINE_SURFACE ( (
 ( 1.000000000000000000, 0.6318331413539755026, 1.000000000000000000),
 ( 1.000000000000000000, 0.6318202333991319586, 1.000000000000000000),
 ( 1.000000000000000000, 0.6339179702652216752, 1.000000000000000000),
 ( 1.000000000000000000, 0.6418328879335645221, 1.000000000000000000),
 ( 1.000000000000000000, 0.6476533177294747645, 1.000000000000000000),
 ( 1.000000000000000000, 0.6619006714531967539, 1.000000000000000000),
 ( 1.000000000000000000, 0.6703150792515706335, 1.000000000000000000),
 ( 1.000000000000000000, 0.6882584818856543052, 1.000000000000000000),
 ( 1.000000000000000000, 0.6977799071279257026, 1.000000000000000000),
 ( 1.000000000000000000, 0.7071067811865476838, 1.000000000000000000) ) ) 
 REPRESENTATION_ITEM ( '' )  SURFACE ( )  );
#603 = EDGE_LOOP ( 'NONE', ( #72, #1716, #2615, #507, #5638, #4733, #3930 ) ) ;
#604 = AXIS2_PLACEMENT_3D ( 'NONE', #5779, #5137, #2280 ) ;
#605 = CARTESIAN_POINT ( 'NONE',  ( -5.272760515541547122, 4.819338697175971298, 13.68220947723967029 ) ) ;
#606 = CARTESIAN_POINT ( 'NONE',  ( 4.410365631536292241, 4.729747284365623194, 23.24833212799901361 ) ) ;
#607 = VECTOR ( 'NONE', #4868, 1000.000000000000000 ) ;
#608 = ORIENTED_EDGE ( 'NONE', *, *, #2994, .T. ) ;
#609 = EDGE_CURVE ( 'NONE', #1923, #5111, #6876, .T. ) ;
#610 = CARTESIAN_POINT ( 'NONE',  ( -5.337894887994158566, -3.875294732441076917, 23.99833212799901005 ) ) ;
#611 = CIRCLE ( 'NONE', #2903, 0.8999999999999998002 ) ;
#612 = CARTESIAN_POINT ( 'NONE',  ( -0.8746562824944889014, -24.72260983144137469, 22.74666425599802366 ) ) ;
#613 = ORIENTED_EDGE ( 'NONE', *, *, #815, .F. ) ;
#614 = ORIENTED_EDGE ( 'NONE', *, *, #2672, .F. ) ;
#615 = CARTESIAN_POINT ( 'NONE',  ( 12.83524005572274262, 5.092228845723970387, 9.948665289377538912 ) ) ;
#616 = VERTEX_POINT ( 'NONE', #2781 ) ;
#617 = ORIENTED_EDGE ( 'NONE', *, *, #1126, .F. ) ;
#618 = CARTESIAN_POINT ( 'NONE',  ( 1.583246015799828044, -8.236415657594555739, 13.95666212799901196 ) ) ;
#619 = VECTOR ( 'NONE', #5119, 1000.000000000000000 ) ;
#620 = CARTESIAN_POINT ( 'NONE',  ( -5.337312670008241611, -4.213774000388533558, 21.14829598140831379 ) ) ;
#621 = ORIENTED_EDGE ( 'NONE', *, *, #6563, .F. ) ;
#622 = CARTESIAN_POINT ( 'NONE',  ( 3.720693331971123285, 4.840245285879309911, 9.748332127999011831 ) ) ;
#623 = CARTESIAN_POINT ( 'NONE',  ( -5.174509623811448300, -5.185035295802959077, 10.84834550544975151 ) ) ;
#624 = DIRECTION ( 'NONE',  ( 1.000000000000000000, 7.375108878104640636E-16, -0.000000000000000000 ) ) ;
#625 = DIRECTION ( 'NONE',  ( 0.9794733370953440099, 0.2015737629735342151, 0.000000000000000000 ) ) ;
#626 = CARTESIAN_POINT ( 'NONE',  ( 13.64269429848457449, 4.110972011987791497, 12.35454546659599018 ) ) ;
#627 = CARTESIAN_POINT ( 'NONE',  ( -3.656843035363722016, -8.873752814197141348, 9.250000000000000000 ) ) ;
#628 = DIRECTION ( 'NONE',  ( 0.000000000000000000, -1.000000000000000000, 0.000000000000000000 ) ) ;
#629 = PLANE ( 'NONE',  #2106 ) ;
#630 = CARTESIAN_POINT ( 'NONE',  ( -0.3378948879941071071, -8.875294732441114220, 16.51503424699681943 ) ) ;
#631 = AXIS2_PLACEMENT_3D ( 'NONE', #2800, #1671, #1066 ) ;
#632 = CARTESIAN_POINT ( 'NONE',  ( 12.48244122119366040, 4.947018177999948918, 22.22230480265289643 ) ) ;
#633 = DIRECTION ( 'NONE',  ( -0.2000851837340723305, -0.9797785051990590688, 0.000000000000000000 ) ) ;
#634 = ADVANCED_FACE ( 'NONE', ( #7432 ), #2708, .F. ) ;
#635 = CARTESIAN_POINT ( 'NONE',  ( 4.410365631536280695, 6.229747284365624083, 23.24833212799901361 ) ) ;
#636 = DIRECTION ( 'NONE',  ( 0.000000000000000000, 0.000000000000000000, 1.000000000000000000 ) ) ;
#637 = DIRECTION ( 'NONE',  ( -1.000000000000000000, 0.000000000000000000, 0.000000000000000000 ) ) ;
#638 = DIRECTION ( 'NONE',  ( 0.000000000000000000, 0.000000000000000000, 1.000000000000000000 ) ) ;
#639 = VERTEX_POINT ( 'NONE', #6800 ) ;
#640 = FACE_OUTER_BOUND ( 'NONE', #4936, .T. ) ;
#641 = CARTESIAN_POINT ( 'NONE',  ( 15.57153635071808928, -8.872004039688027532, 7.998332127999012719 ) ) ;
#642 = B_SPLINE_CURVE_WITH_KNOTS ( 'NONE', 3,
 ( #4418, #7302, #1597, #1629, #2682, #3358, #7341, #4496, #3922, #6773, #6177, #1020, #5651, #4974 ),
 .UNSPECIFIED., .F., .F.,
 ( 4, 2, 2, 2, 2, 2, 4 ),
 ( 1.006486029470112394E-07, 0.0002206750416956514995, 0.0004412494347883559836, 0.0008823982209737654941, 0.001102972614066469138, 0.001323547007159172999, 0.001764695793344582889 ),
 .UNSPECIFIED. ) ;
#643 = EDGE_CURVE ( 'NONE', #3976, #6277, #6128, .T. ) ;
#644 = CARTESIAN_POINT ( 'NONE',  ( -12.40663181555145123, 9.934409660288995525, 9.250000000000000000 ) ) ;
#645 = ORIENTED_EDGE ( 'NONE', *, *, #5198, .F. ) ;
#646 = EDGE_LOOP ( 'NONE', ( #7037, #1429, #3258, #7015, #5332, #4625 ) ) ;
#647 = ORIENTED_EDGE ( 'NONE', *, *, #2876, .T. ) ;
#648 = ORIENTED_EDGE ( 'NONE', *, *, #2293, .T. ) ;
#649 = DIRECTION ( 'NONE',  ( -0.1999443254751452625, 0.9798072599803948624, 0.000000000000000000 ) ) ;
#650 = CARTESIAN_POINT ( 'NONE',  ( -0.3378948879941071071, -8.875294732441114220, 10.84837424699681918 ) ) ;
#651 = EDGE_CURVE ( 'NONE', #6492, #763, #5935, .T. ) ;
#652 = EDGE_CURVE ( 'NONE', #3294, #5449, #5702, .T. ) ;
#653 = ORIENTED_EDGE ( 'NONE', *, *, #5261, .F. ) ;
#654 = CARTESIAN_POINT ( 'NONE',  ( 3.217074356463430096, 5.047532953962366342, 9.874545737630350928 ) ) ;
#655 = EDGE_CURVE ( 'NONE', #1715, #4609, #4742, .T. ) ;
#656 = EDGE_CURVE ( 'NONE', #7318, #6183, #2148, .T. ) ;
#657 = CARTESIAN_POINT ( 'NONE',  ( 12.23078178915794823, 4.832929057827243469, 20.24833212799901361 ) ) ;
#658 = EDGE_CURVE ( 'NONE', #4846, #6828, #1736, .T. ) ;
#659 = CARTESIAN_POINT ( 'NONE',  ( 3.906431224102437927, 3.781063941627265113, 7.998332127999010943 ) ) ;
#660 = CIRCLE ( 'NONE', #4767, 0.8999999999999998002 ) ;
#661 = CARTESIAN_POINT ( 'NONE',  ( 1.583246015799837147, -8.236415657595513196, 12.37333212799901361 ) ) ;
#662 = ORIENTED_EDGE ( 'NONE', *, *, #4043, .T. ) ;
#663 = LINE ( 'NONE', #6955, #2522 ) ;
#664 = CARTESIAN_POINT ( 'NONE',  ( -5.330428383661446112, 4.393118539265072009, 18.31499212799900889 ) ) ;
#665 = AXIS2_PLACEMENT_3D ( 'NONE', #3977, #6864, #578 ) ;
#666 = EDGE_LOOP ( 'NONE', ( #6011, #2772, #2669, #4961, #4866, #3071 ) ) ;
#667 = CARTESIAN_POINT ( 'NONE',  ( -1.470414075519788311, -8.748059895569600286, 16.51501770251917733 ) ) ;
#668 = CARTESIAN_POINT ( 'NONE',  ( 27.02373522356765179, -1.718752814197137102, 22.74666425599802366 ) ) ;
#669 = AXIS2_PLACEMENT_3D ( 'NONE', #5462, #6628, #7144 ) ;
#670 = CARTESIAN_POINT ( 'NONE',  ( -0.3378948879941071071, -8.875294732441114220, 19.34836424699681956 ) ) ;
#671 =( GEOMETRIC_REPRESENTATION_CONTEXT ( 3 ) GLOBAL_UNCERTAINTY_ASSIGNED_CONTEXT ( ( #4669 ) ) GLOBAL_UNIT_ASSIGNED_CONTEXT ( ( #7035, #3024, #2492 ) ) REPRESENTATION_CONTEXT ( 'NONE', 'WORKASPACE' ) );
#672 = CARTESIAN_POINT ( 'NONE',  ( 5.597734721401524283, -8.875294732441114220, 13.83396615689146714 ) ) ;
#673 = DIRECTION ( 'NONE',  ( -0.000000000000000000, -0.000000000000000000, -1.000000000000000000 ) ) ;
#674 = B_SPLINE_SURFACE_WITH_KNOTS ( 'NONE', 3, 1, ( 
 ( #5932, #285 ),
 ( #5971, #2473 ),
 ( #5894, #3001 ),
 ( #7162, #1873 ),
 ( #773, #3076 ) ),
 .UNSPECIFIED., .F., .F., .F.,
 ( 4, 1, 4 ),
 ( 2, 2 ),
 ( 0.000000000000000000, 0.6222473579139662370, 1.000000000000000000 ),
 ( 0.000000000000000000, 1.000000000000000000 ),
 .UNSPECIFIED. ) ;
#675 = FACE_OUTER_BOUND ( 'NONE', #958, .T. ) ;
#676 = AXIS2_PLACEMENT_3D ( 'NONE', #1548, #3233, #6130 ) ;
#677 = CARTESIAN_POINT ( 'NONE',  ( -5.026349240883942748, 5.185777609562862267, 15.48014808173195433 ) ) ;
#678 = ORIENTED_EDGE ( 'NONE', *, *, #2008, .F. ) ;
#679 = DIRECTION ( 'NONE',  ( 0.000000000000000000, 0.000000000000000000, 1.000000000000000000 ) ) ;
#680 = CIRCLE ( 'NONE', #4546, 1.000000000000000888 ) ;
#681 = CARTESIAN_POINT ( 'NONE',  ( 1.762631749864692843, 3.477864650872939389, 16.81055554123635787 ) ) ;
#682 = DIRECTION ( 'NONE',  ( 1.000000000000000000, 9.714451465470117757E-16, 0.000000000000000000 ) ) ;
#683 = AXIS2_PLACEMENT_3D ( 'NONE', #992, #6043, #7349 ) ;
#684 = CARTESIAN_POINT ( 'NONE',  ( -17.67643277480202002, 9.933113728465892578, 9.250000000000000000 ) ) ;
#685 = ORIENTED_EDGE ( 'NONE', *, *, #1996, .T. ) ;
#686 = AXIS2_PLACEMENT_3D ( 'NONE', #5085, #7365, #3306 ) ;
#687 = ORIENTED_EDGE ( 'NONE', *, *, #2038, .F. ) ;
#688 = PLANE ( 'NONE',  #6684 ) ;
#689 = ORIENTED_EDGE ( 'NONE', *, *, #6275, .F. ) ;
#690 = ORIENTED_EDGE ( 'NONE', *, *, #2239, .F. ) ;
#691 = LINE ( 'NONE', #6446, #838 ) ;
#692 = CARTESIAN_POINT ( 'NONE',  ( -12.91971069101994196, 10.41189563371067450, 22.74666425599802366 ) ) ;
#693 = EDGE_CURVE ( 'NONE', #6604, #5002, #402, .T. ) ;
#694 = EDGE_CURVE ( 'NONE', #3943, #6637, #2255, .T. ) ;
#695 = ORIENTED_EDGE ( 'NONE', *, *, #7278, .T. ) ;
#696 = CARTESIAN_POINT ( 'NONE',  ( 14.30895385150151000, 11.93464622485824655, 15.99833212799901183 ) ) ;
#697 = AXIS2_PLACEMENT_3D ( 'NONE', #2599, #373, #1472 ) ;
#698 = CARTESIAN_POINT ( 'NONE',  ( 12.22069333197112151, 11.72974728436562408, 10.74833212799901361 ) ) ;
#699 = FACE_OUTER_BOUND ( 'NONE', #6162, .T. ) ;
#700 = EDGE_CURVE ( 'NONE', #6175, #6692, #1122, .T. ) ;
#701 = EDGE_CURVE ( 'NONE', #4021, #7425, #5717, .T. ) ;
#702 = CARTESIAN_POINT ( 'NONE',  ( 12.83090693374107794, 5.090445349083124071, 11.55143879729751255 ) ) ;
#703 = ORIENTED_EDGE ( 'NONE', *, *, #3544, .F. ) ;
#704 = CARTESIAN_POINT ( 'NONE',  ( -0.3025607775276037414, -8.872004039688025756, 6.998332127999012719 ) ) ;
#705 = CARTESIAN_POINT ( 'NONE',  ( 2.021704316544359337, -8.884007349944944565, 11.74833212799901183 ) ) ;
#706 = CARTESIAN_POINT ( 'NONE',  ( -0.8746562824944945636, 21.28510420304709072, 6.999999999999999112 ) ) ;
#707 = AXIS2_PLACEMENT_3D ( 'NONE', #1093, #5799, #5762 ) ;
#708 = VERTEX_POINT ( 'NONE', #1693 ) ;
#709 = CARTESIAN_POINT ( 'NONE',  ( 13.22069333197112506, 4.024125010056279095, 19.63316783015158506 ) ) ;
#710 = CARTESIAN_POINT ( 'NONE',  ( -0.3020922099672417871, -8.873752814197141348, 22.74666425599802366 ) ) ;
#711 = CARTESIAN_POINT ( 'NONE',  ( 1.583246015799836259, 3.535889187275713219, 16.78999212799901031 ) ) ;
#712 = CARTESIAN_POINT ( 'NONE',  ( -5.330428383661446112, -3.884007349944944565, 20.24832212799901399 ) ) ;
#713 = DIRECTION ( 'NONE',  ( -0.000000000000000000, -0.000000000000000000, 1.000000000000000000 ) ) ;
#714 = FACE_BOUND ( 'NONE', #4124, .T. ) ;
#715 = CARTESIAN_POINT ( 'NONE',  ( -4.430428383661446645, -3.884007349944944121, 11.74833212799901183 ) ) ;
#716 = EDGE_CURVE ( 'NONE', #3229, #879, #6895, .T. ) ;
#717 = VERTEX_POINT ( 'NONE', #5603 ) ;
#718 = LINE ( 'NONE', #6434, #4421 ) ;
#719 = ADVANCED_FACE ( 'NONE', ( #5083 ), #7362, .F. ) ;
#720 = CARTESIAN_POINT ( 'NONE',  ( 7.970693331971125062, 8.229747284365624083, 6.998332127999013608 ) ) ;
#721 = CIRCLE ( 'NONE', #1934, 1.000000000000000888 ) ;
#722 = CARTESIAN_POINT ( 'NONE',  ( 1.519988497045474674, 4.272189347899420397, 21.18026025711418470 ) ) ;
#723 = VERTEX_POINT ( 'NONE', #2856 ) ;
#724 = VERTEX_POINT ( 'NONE', #5150 ) ;
#725 = CARTESIAN_POINT ( 'NONE',  ( 13.22069333197815233, 4.024125010056958551, 10.65061690379079806 ) ) ;
#726 = ORIENTED_EDGE ( 'NONE', *, *, #701, .F. ) ;
#727 = EDGE_LOOP ( 'NONE', ( #6410, #2392 ) ) ;
#728 = DIRECTION ( 'NONE',  ( -0.000000000000000000, -1.000000000000000000, -0.000000000000000000 ) ) ;
#729 = AXIS2_PLACEMENT_3D ( 'NONE', #3247, #4462, #2649 ) ;
#730 = CARTESIAN_POINT ( 'NONE',  ( 16.28395385150157182, -8.873752814197141348, 23.99833212799901005 ) ) ;
#731 = AXIS2_PLACEMENT_3D ( 'NONE', #5752, #3560, #5858 ) ;
#732 = B_SPLINE_CURVE_WITH_KNOTS ( 'NONE', 3,
 ( #4535, #2871, #5773, #1670, #6816, #5736, #3967, #7, #6891, #6255, #6331, #1179, #2530, #5241, #1288, #5918, #156, #1324 ),
 .UNSPECIFIED., .F., .F.,
 ( 4, 2, 2, 2, 2, 2, 2, 2, 4 ),
 ( 0.000000000000000000, 0.0008416272900523349716, 0.001683254580104669943, 0.002524881870157005565, 0.002945695515183171641, 0.003156102337696252511, 0.003261305748952795115, 0.003313907454581069018, 0.003366509160209342922 ),
 .UNSPECIFIED. ) ;
#733 = ORIENTED_EDGE ( 'NONE', *, *, #5322, .F. ) ;
#734 = DIRECTION ( 'NONE',  ( -0.000000000000000000, -0.000000000000000000, -1.000000000000000000 ) ) ;
#735 = EDGE_CURVE ( 'NONE', #5074, #141, #2292, .T. ) ;
#736 = CARTESIAN_POINT ( 'NONE',  ( 12.22573151883825382, 4.836110219091716900, 20.24833212799901361 ) ) ;
#737 = LINE ( 'NONE', #1805, #7042 ) ;
#738 = CIRCLE ( 'NONE', #2312, 1.000000000000000000 ) ;
#739 = DIRECTION ( 'NONE',  ( 1.000000000000000000, 0.000000000000000000, -0.000000000000000000 ) ) ;
#740 = ORIENTED_EDGE ( 'NONE', *, *, #5208, .T. ) ;
#741 = FACE_OUTER_BOUND ( 'NONE', #7347, .T. ) ;
#742 = CARTESIAN_POINT ( 'NONE',  ( 12.23583365360800279, 4.829747284365672577, 20.24833212799901361 ) ) ;
#743 = DIRECTION ( 'NONE',  ( 0.9794733370953436769, -0.2015737629735369352, -2.723510457314543407E-15 ) ) ;
#744 = ORIENTED_EDGE ( 'NONE', *, *, #1779, .T. ) ;
#745 = CYLINDRICAL_SURFACE ( 'NONE', #5744, 0.9999999999999991118 ) ;
#746 = CARTESIAN_POINT ( 'NONE',  ( -4.128854620687912202, 5.372591876360418794, 20.24832212799901399 ) ) ;
#747 = CARTESIAN_POINT ( 'NONE',  ( 1.265884682270838724, 3.529666789526792581, 12.29301666238999502 ) ) ;
#748 = B_SPLINE_CURVE_WITH_KNOTS ( 'NONE', 3,
 ( #376, #6062, #904, #7335 ),
 .UNSPECIFIED., .F., .F.,
 ( 4, 4 ),
 ( 1.020934773640819150E-07, 2.024621106042053673E-05 ),
 .UNSPECIFIED. ) ;
#749 = DIRECTION ( 'NONE',  ( 0.000000000000000000, 0.000000000000000000, 1.000000000000000000 ) ) ;
#750 = EDGE_CURVE ( 'NONE', #3970, #5210, #2096, .T. ) ;
#751 = LINE ( 'NONE', #4793, #5765 ) ;
#752 = LINE ( 'NONE', #2383, #2967 ) ;
#753 = EDGE_CURVE ( 'NONE', #4161, #1401, #5679, .T. ) ;
#754 = DIRECTION ( 'NONE',  ( 0.000000000000000000, 0.000000000000000000, 1.000000000000000000 ) ) ;
#755 = EDGE_CURVE ( 'NONE', #4143, #1407, #1829, .T. ) ;
#756 = ORIENTED_EDGE ( 'NONE', *, *, #6916, .T. ) ;
#757 = CARTESIAN_POINT ( 'NONE',  ( 1.979597979144388065, 3.341785174100088796, 12.23863413416765589 ) ) ;
#758 = DIRECTION ( 'NONE',  ( 2.498001805406602216E-16, -1.000000000000000000, 0.000000000000000000 ) ) ;
#759 = B_SPLINE_CURVE_WITH_KNOTS ( 'NONE', 3,
 ( #3236, #375, #2677, #4968, #2113 ),
 .UNSPECIFIED., .F., .F.,
 ( 4, 1, 4 ),
 ( 0.000000000000000000, 0.6222473579139662370, 1.000000000000000000 ),
 .UNSPECIFIED. ) ;
#760 = EDGE_CURVE ( 'NONE', #5972, #6743, #4976, .T. ) ;
#761 = DIRECTION ( 'NONE',  ( 0.000000000000000000, -0.000000000000000000, 1.000000000000000000 ) ) ;
#762 = VERTEX_POINT ( 'NONE', #4275 ) ;
#763 = VERTEX_POINT ( 'NONE', #3107 ) ;
#764 = CARTESIAN_POINT ( 'NONE',  ( 13.19466600656513755, 5.240167209490985023, 10.48658423863193079 ) ) ;
#765 = CARTESIAN_POINT ( 'NONE',  ( 1.417836159733418144, 3.552638499563077534, 11.13993211459683330 ) ) ;
#766 = EDGE_LOOP ( 'NONE', ( #4278, #5251, #1527, #2137, #7169 ) ) ;
#767 = VECTOR ( 'NONE', #32, 1000.000000000000227 ) ;
#768 = ORIENTED_EDGE ( 'NONE', *, *, #3831, .F. ) ;
#769 = CARTESIAN_POINT ( 'NONE',  ( 2.720693331971122841, 5.251841508745992648, 10.74833212799901361 ) ) ;
#770 = EDGE_CURVE ( 'NONE', #2798, #723, #3669, .T. ) ;
#771 = CYLINDRICAL_SURFACE ( 'NONE', #17, 46.19384172171115210 ) ;
#772 = ORIENTED_EDGE ( 'NONE', *, *, #4166, .T. ) ;
#773 = CARTESIAN_POINT ( 'NONE',  ( -12.40663181555144767, -13.37191528868327595, 9.250000000000000000 ) ) ;
#774 = CARTESIAN_POINT ( 'NONE',  ( 1.583246015799837147, -8.236415657595513196, 18.03999212799901031 ) ) ;
#775 = CARTESIAN_POINT ( 'NONE',  ( -5.330428383661446112, -3.884007349944944565, 17.41499212799901031 ) ) ;
#776 = CARTESIAN_POINT ( 'NONE',  ( 14.42226709493666803, 4.271406621222442190, 11.01175093423264428 ) ) ;
#777 = ORIENTED_EDGE ( 'NONE', *, *, #2178, .F. ) ;
#778 = CARTESIAN_POINT ( 'NONE',  ( 1.720693331971123952, 5.251841508745991760, 21.24833212799901005 ) ) ;
#779 = DIRECTION ( 'NONE',  ( 1.000000000000000000, 0.000000000000000000, 0.000000000000000000 ) ) ;
#780 = CARTESIAN_POINT ( 'NONE',  ( 12.89250853287702547, 3.956585198201557851, 20.47090979047186821 ) ) ;
#781 = CIRCLE ( 'NONE', #4997, 0.8999999999999998002 ) ;
#782 = ORIENTED_EDGE ( 'NONE', *, *, #283, .T. ) ;
#783 = VERTEX_POINT ( 'NONE', #5221 ) ;
#784 = CARTESIAN_POINT ( 'NONE',  ( -5.177926052678723856, 5.018962149916988302, 19.34932669427476881 ) ) ;
#785 = DIRECTION ( 'NONE',  ( -7.228014483236697541E-16, 1.000000000000000000, 0.000000000000000000 ) ) ;
#786 = CARTESIAN_POINT ( 'NONE',  ( 0.9582460157974503900, -7.984007349943287757, 17.41499212799869767 ) ) ;
#787 = LINE ( 'NONE', #4683, #4321 ) ;
#788 = VECTOR ( 'NONE', #1920, 1000.000000000000000 ) ;
#789 = LINE ( 'NONE', #3697, #832 ) ;
#790 = DIRECTION ( 'NONE',  ( -1.000000000000000000, 0.000000000000000000, -0.000000000000000000 ) ) ;
#791 = DIRECTION ( 'NONE',  ( 1.000000000000000000, -0.000000000000000000, -0.000000000000000000 ) ) ;
#792 = ORIENTED_EDGE ( 'NONE', *, *, #6154, .F. ) ;
#794 = EDGE_CURVE ( 'NONE', #1579, #3976, #7340, .T. ) ;
#793 = CARTESIAN_POINT ( 'NONE',  ( -4.129744134739635975, 5.434893653624119025, 21.14625882204863672 ) ) ;
#795 = VECTOR ( 'NONE', #1980, 1000.000000000000000 ) ;
#796 = EDGE_CURVE ( 'NONE', #1376, #3144, #1332, .T. ) ;
#797 = FACE_OUTER_BOUND ( 'NONE', #6797, .T. ) ;
#798 = TOROIDAL_SURFACE ( 'NONE', #436, 1.500000000000000444, 1.000000000000000000 ) ;
#799 = EDGE_CURVE ( 'NONE', #1858, #2003, #557, .T. ) ;
#800 = LINE ( 'NONE', #5396, #6860 ) ;
#801 = ORIENTED_EDGE ( 'NONE', *, *, #5373, .F. ) ;
#802 = ORIENTED_EDGE ( 'NONE', *, *, #4223, .T. ) ;
#803 = CARTESIAN_POINT ( 'NONE',  ( 12.42226709494465808, 3.859810398357403027, 23.24833212799901361 ) ) ;
#804 = CARTESIAN_POINT ( 'NONE',  ( -0.9919283371183271747, -8.842990418357855376, 10.84836463954727392 ) ) ;
#805 = ORIENTED_EDGE ( 'NONE', *, *, #2401, .T. ) ;
#806 = VECTOR ( 'NONE', #5945, 1000.000000000000000 ) ;
#807 = EDGE_LOOP ( 'NONE', ( #55, #7308, #5417, #535 ) ) ;
#808 = LINE ( 'NONE', #5295, #2042 ) ;
#809 = AXIS2_PLACEMENT_3D ( 'NONE', #3650, #6427, #785 ) ;
#810 = LINE ( 'NONE', #849, #6029 ) ;
#811 = CIRCLE ( 'NONE', #1056, 1.049999999999998934 ) ;
#812 = EDGE_LOOP ( 'NONE', ( #198, #5944, #653, #2728, #4606, #2705 ) ) ;
#813 = LINE ( 'NONE', #5408, #5124 ) ;
#814 = ORIENTED_EDGE ( 'NONE', *, *, #3607, .T. ) ;
#815 = EDGE_CURVE ( 'NONE', #1290, #5750, #1916, .T. ) ;
#816 = DIRECTION ( 'NONE',  ( 0.000000000000000000, 0.000000000000000000, 1.000000000000000000 ) ) ;
#817 = CARTESIAN_POINT ( 'NONE',  ( -17.67643277480201291, 9.933113728465889025, 6.999999999999999112 ) ) ;
#818 = CARTESIAN_POINT ( 'NONE',  ( -5.079079203392928399, 5.132110818449016953, 18.31364308343020042 ) ) ;
#819 = CIRCLE ( 'NONE', #5036, 2.500000000000000444 ) ;
#820 = VERTEX_POINT ( 'NONE', #61 ) ;
#821 = CARTESIAN_POINT ( 'NONE',  ( 16.40811827848397186, -8.873752814197141348, 24.99666425599802366 ) ) ;
#822 = DIRECTION ( 'NONE',  ( 0.000000000000000000, 0.000000000000000000, 1.000000000000000000 ) ) ;
#823 = CARTESIAN_POINT ( 'NONE',  ( 12.41244237029129138, 3.857788488578386854, 20.24648046751429931 ) ) ;
#824 = ORIENTED_EDGE ( 'NONE', *, *, #4939, .F. ) ;
#825 = ORIENTED_EDGE ( 'NONE', *, *, #4723, .F. ) ;
#826 = CARTESIAN_POINT ( 'NONE',  ( -6.337894887994158566, 4.456773848707507923, 22.74666425599802366 ) ) ;
#827 = DIRECTION ( 'NONE',  ( 0.000000000000000000, -1.000000000000000000, 0.000000000000000000 ) ) ;
#828 = CARTESIAN_POINT ( 'NONE',  ( -5.337894887994158566, 4.456773848707507923, 23.99833212799901005 ) ) ;
#829 = B_SPLINE_CURVE_WITH_KNOTS ( 'NONE', 3,
 ( #4399, #1950, #4879, #4285, #1420, #7205, #6572, #5974 ),
 .UNSPECIFIED., .F., .F.,
 ( 4, 2, 2, 4 ),
 ( 0.000000000000000000, 0.0005005836750691823860, 0.001001167350138364772, 0.002002334700276734748 ),
 .UNSPECIFIED. ) ;
#830 = CARTESIAN_POINT ( 'NONE',  ( -0.3329172189645430158, -8.875294732441114220, 16.51503430104475356 ) ) ;
#831 = CARTESIAN_POINT ( 'NONE',  ( -0.3304283836614452796, -8.875294732441112444, 16.51503430104475711 ) ) ;
#832 = VECTOR ( 'NONE', #5989, 1000.000000000000000 ) ;
#833 = CARTESIAN_POINT ( 'NONE',  ( 15.57106778315772821, -8.873752814197141348, 6.999999999999999112 ) ) ;
#834 = EDGE_CURVE ( 'NONE', #3175, #4336, #5790, .T. ) ;
#835 = ORIENTED_EDGE ( 'NONE', *, *, #1218, .F. ) ;
#836 = CARTESIAN_POINT ( 'NONE',  ( 11.53569333197113167, 6.229747284365624083, 23.99833212799901005 ) ) ;
#837 = EDGE_CURVE ( 'NONE', #6045, #2518, #3986, .T. ) ;
#838 = VECTOR ( 'NONE', #728, 1000.000000000000000 ) ;
#839 = CARTESIAN_POINT ( 'NONE',  ( -0.3304283836614452796, -8.875294732441112444, 13.68170430104475521 ) ) ;
#840 = DIRECTION ( 'NONE',  ( 0.000000000000000000, 0.000000000000000000, 1.000000000000000000 ) ) ;
#841 = B_SPLINE_CURVE_WITH_KNOTS ( 'NONE', 3,
 ( #839, #5921, #6552, #3705 ),
 .UNSPECIFIED., .F., .F.,
 ( 4, 4 ),
 ( 0.001800912270902828597, 0.001808375498130361265 ),
 .UNSPECIFIED. ) ;
#842 = ORIENTED_EDGE ( 'NONE', *, *, #3788, .T. ) ;
#843 = CARTESIAN_POINT ( 'NONE',  ( 13.22069333197112329, 5.250879958319429441, 10.74833212799901361 ) ) ;
#844 = CARTESIAN_POINT ( 'NONE',  ( -2.098089785723465717, -8.558080166329160576, 10.84834900135118119 ) ) ;
#845 = ORIENTED_EDGE ( 'NONE', *, *, #1355, .F. ) ;
#846 = EDGE_CURVE ( 'NONE', #15, #935, #2538, .T. ) ;
#847 = ORIENTED_EDGE ( 'NONE', *, *, #7327, .T. ) ;
#848 = CARTESIAN_POINT ( 'NONE',  ( 3.274561833822350554, 3.911101468819445426, 12.75072592831793195 ) ) ;
#849 = CARTESIAN_POINT ( 'NONE',  ( -17.67643277480201291, 9.933113728465889025, 9.250000000000000000 ) ) ;
#850 = ORIENTED_EDGE ( 'NONE', *, *, #6772, .T. ) ;
#851 = CARTESIAN_POINT ( 'NONE',  ( 2.720693331971122841, 5.251841508745991760, 10.74833212799901361 ) ) ;
#852 = ORIENTED_EDGE ( 'NONE', *, *, #1511, .F. ) ;
#853 = AXIS2_PLACEMENT_3D ( 'NONE', #612, #2878, #127 ) ;
#854 = AXIS2_PLACEMENT_3D ( 'NONE', #1025, #2012, #4317 ) ;
#855 = DIRECTION ( 'NONE',  ( 0.000000000000000000, 0.000000000000000000, 1.000000000000000000 ) ) ;
#856 = CARTESIAN_POINT ( 'NONE',  ( -4.337894887994159454, 4.456773848707517693, 21.74666425599802366 ) ) ;
#857 = VECTOR ( 'NONE', #3407, 1000.000000000000000 ) ;
#858 = B_SPLINE_CURVE_WITH_KNOTS ( 'NONE', 3,
 ( #1732, #6842, #3425, #4560, #7436, #6881, #1055, #1624, #5723, #592 ),
 .UNSPECIFIED., .F., .F.,
 ( 4, 2, 2, 2, 4 ),
 ( 0.0005576856245254396480, 0.0008038372029494074509, 0.001049988781373375254, 0.001296140359797343057, 0.001542291938221310860 ),
 .UNSPECIFIED. ) ;
#859 = ORIENTED_EDGE ( 'NONE', *, *, #973, .T. ) ;
#860 = CARTESIAN_POINT ( 'NONE',  ( -0.4620593149765189200, -8.873752814197141348, 23.99833212799901005 ) ) ;
#861 = PLANE ( 'NONE',  #1393 ) ;
#862 = CARTESIAN_POINT ( 'NONE',  ( 12.93052525632908889, 3.964408968090900931, 19.29614425545806711 ) ) ;
#863 = ORIENTED_EDGE ( 'NONE', *, *, #5760, .F. ) ;
#864 = ORIENTED_EDGE ( 'NONE', *, *, #6267, .T. ) ;
#865 = CARTESIAN_POINT ( 'NONE',  ( -12.40663181555144767, -13.37191528868327772, 22.74666425599802366 ) ) ;
#866 = LINE ( 'NONE', #7003, #6405 ) ;
#867 = CARTESIAN_POINT ( 'NONE',  ( 0.9582460157999105332, -7.984007349944994836, 17.33033377925286800 ) ) ;
#868 = CARTESIAN_POINT ( 'NONE',  ( 12.23583365360830832, 4.829747284365629056, 11.74833212799901183 ) ) ;
#869 = LINE ( 'NONE', #5052, #5286 ) ;
#870 = DIRECTION ( 'NONE',  ( -1.000000000000000000, 0.000000000000000000, 0.000000000000000000 ) ) ;
#871 = ORIENTED_EDGE ( 'NONE', *, *, #2546, .F. ) ;
#872 = CARTESIAN_POINT ( 'NONE',  ( 2.522804103058764014, 4.065811790066004683, 19.49427416412185110 ) ) ;
#873 = EDGE_CURVE ( 'NONE', #3794, #5371, #208, .T. ) ;
#874 = CARTESIAN_POINT ( 'NONE',  ( 2.830992764134034445, 4.002387145651292499, 21.74173465503536917 ) ) ;
#875 = LINE ( 'NONE', #4314, #6143 ) ;
#876 = EDGE_LOOP ( 'NONE', ( #369, #5183, #3301, #2317, #165, #2777, #7386, #2688 ) ) ;
#877 = CARTESIAN_POINT ( 'NONE',  ( 1.583246015787041383, 3.535889187281870516, 12.37333212800530546 ) ) ;
#878 = LINE ( 'NONE', #4980, #1583 ) ;
#879 = VERTEX_POINT ( 'NONE', #3774 ) ;
#880 = ORIENTED_EDGE ( 'NONE', *, *, #5445, .F. ) ;
#881 = DIRECTION ( 'NONE',  ( -1.000000000000000000, 0.000000000000000000, 0.000000000000000000 ) ) ;
#882 = CARTESIAN_POINT ( 'NONE',  ( 4.157095377505041434, 3.742609536185408370, 7.998332127999012719 ) ) ;
#883 = VERTEX_POINT ( 'NONE', #949 ) ;
#884 = EDGE_LOOP ( 'NONE', ( #3671, #3728, #4359, #2030, #3647, #3315 ) ) ;
#885 = LINE ( 'NONE', #3186, #5968 ) ;
#886 = EDGE_LOOP ( 'NONE', ( #1301, #6645, #1832, #2621, #6064 ) ) ;
#887 = DIRECTION ( 'NONE',  ( -1.000000000000000000, 0.000000000000000000, 0.000000000000000000 ) ) ;
#888 = EDGE_CURVE ( 'NONE', #5954, #5232, #878, .T. ) ;
#889 = CARTESIAN_POINT ( 'NONE',  ( 1.583246015799837147, -12.57799432079165314, 18.03999212799901031 ) ) ;
#890 = EDGE_CURVE ( 'NONE', #1325, #3557, #4349, .T. ) ;
#891 = EDGE_CURVE ( 'NONE', #3067, #2633, #3323, .T. ) ;
#892 = ORIENTED_EDGE ( 'NONE', *, *, #2727, .T. ) ;
#893 = CARTESIAN_POINT ( 'NONE',  ( 10.34865194254071596, -10.67529473244111315, 15.83396615689146714 ) ) ;
#894 = ADVANCED_FACE ( 'NONE', ( #3177 ), #3211, .F. ) ;
#895 = LINE ( 'NONE', #2671, #4986 ) ;
#896 = VERTEX_POINT ( 'NONE', #1601 ) ;
#897 = ADVANCED_FACE ( 'NONE', ( #5469 ), #5622, .T. ) ;
#898 = ORIENTED_EDGE ( 'NONE', *, *, #3663, .T. ) ;
#899 = PLANE ( 'NONE',  #2377 ) ;
#900 = LINE ( 'NONE', #7254, #3999 ) ;
#901 = CARTESIAN_POINT ( 'NONE',  ( 1.965387807475295734, -8.133519051144450174, 16.91415513938650150 ) ) ;
#902 = CARTESIAN_POINT ( 'NONE',  ( 2.021704316544359337, -8.884007349944944565, 14.58166212799901373 ) ) ;
#903 = CIRCLE ( 'NONE', #2114, 16.18099892769363990 ) ;
#904 = CARTESIAN_POINT ( 'NONE',  ( -4.123167137600544763, 5.433540120033991450, 16.51705112044069423 ) ) ;
#905 = CARTESIAN_POINT ( 'NONE',  ( 2.264415980530219308, 4.403484471888260643, 21.08183232061936607 ) ) ;
#906 = ORIENTED_EDGE ( 'NONE', *, *, #7417, .T. ) ;
#907 = CARTESIAN_POINT ( 'NONE',  ( 13.22069333197112329, 4.024125010056278207, 21.24833212799901361 ) ) ;
#908 = DIRECTION ( 'NONE',  ( 0.9659279192470430209, -0.2588112339506883353, 0.000000000000000000 ) ) ;
#909 = CIRCLE ( 'NONE', #5120, 2.500000000000000444 ) ;
#910 = CARTESIAN_POINT ( 'NONE',  ( 1.583246015799828044, -8.236415657594555739, 19.62332212799901399 ) ) ;
#911 = B_SPLINE_CURVE_WITH_KNOTS ( 'NONE', 3,
 ( #6502, #2409, #4712, #6992, #3126, #3159, #4292, #4963, #2028, #4332, #2560, #4924, #5415, #5487, #6537, #6580, #7172, #1426, #2521, #3726 ),
 .UNSPECIFIED., .F., .F.,
 ( 4, 2, 2, 2, 2, 2, 2, 2, 2, 4 ),
 ( 9.858096285126655911E-08, 0.0009753616761650881145, 0.001462993223766206408, 0.001950624771367324810, 0.002925887866569562481, 0.003901150961771800152, 0.004876414056974038257, 0.005851677152176275494, 0.006826940247378514466, 0.007802203342580752571 ),
 .UNSPECIFIED. ) ;
#912 = ORIENTED_EDGE ( 'NONE', *, *, #4385, .F. ) ;
#913 = DIRECTION ( 'NONE',  ( -0.000000000000000000, 1.000000000000000000, 0.000000000000000000 ) ) ;
#914 = DIRECTION ( 'NONE',  ( -0.000000000000000000, 0.000000000000000000, -1.000000000000000000 ) ) ;
#915 = ORIENTED_EDGE ( 'NONE', *, *, #6629, .F. ) ;
#916 = AXIS2_PLACEMENT_3D ( 'NONE', #1331, #4160, #5362 ) ;
#917 = ORIENTED_EDGE ( 'NONE', *, *, #1723, .F. ) ;
#918 = VECTOR ( 'NONE', #1875, 1000.000000000000114 ) ;
#919 = CARTESIAN_POINT ( 'NONE',  ( 12.52483255142696450, 4.545890611567557471, 20.21346523404080386 ) ) ;
#920 = ORIENTED_EDGE ( 'NONE', *, *, #446, .F. ) ;
#921 = ORIENTED_EDGE ( 'NONE', *, *, #2875, .T. ) ;
#922 = LINE ( 'NONE', #998, #4529 ) ;
#923 = ORIENTED_EDGE ( 'NONE', *, *, #2876, .F. ) ;
#924 = CARTESIAN_POINT ( 'NONE',  ( -3.381363815830250807, -7.855707514462904939, 16.51499498217874162 ) ) ;
#925 = EDGE_CURVE ( 'NONE', #1579, #5854, #2611, .T. ) ;
#926 = DIRECTION ( 'NONE',  ( 0.9659279192470430209, 0.2588112339506883908, 0.000000000000000000 ) ) ;
#927 = CARTESIAN_POINT ( 'NONE',  ( -5.330428383661446112, -3.884007349944944565, 17.41499212799901031 ) ) ;
#928 = AXIS2_PLACEMENT_3D ( 'NONE', #6050, #2101, #887 ) ;
#929 = EDGE_CURVE ( 'NONE', #3549, #3592, #5509, .T. ) ;
#930 = AXIS2_PLACEMENT_3D ( 'NONE', #5844, #3062, #4759 ) ;
#931 = ORIENTED_EDGE ( 'NONE', *, *, #3769, .T. ) ;
#932 = ORIENTED_EDGE ( 'NONE', *, *, #5492, .F. ) ;
#933 = CARTESIAN_POINT ( 'NONE',  ( 2.720693331971122841, 3.729747284365623194, 11.74833212799901183 ) ) ;
#934 = CARTESIAN_POINT ( 'NONE',  ( 14.16685724312635131, 4.218843756078408447, 20.23552954950240590 ) ) ;
#935 = VERTEX_POINT ( 'NONE', #5026 ) ;
#936 = EDGE_CURVE ( 'NONE', #2286, #3124, #7307, .T. ) ;
#937 = PLANE ( 'NONE',  #676 ) ;
#938 = CARTESIAN_POINT ( 'NONE',  ( -5.337894887994158566, -3.875294732441077805, 16.51502310002469187 ) ) ;
#939 = DIRECTION ( 'NONE',  ( -0.000000000000000000, -0.000000000000000000, 1.000000000000000000 ) ) ;
#940 = CARTESIAN_POINT ( 'NONE',  ( 4.410365631536292241, 3.729747284365623194, 7.998332127999010943 ) ) ;
#941 = DIRECTION ( 'NONE',  ( 2.498001805406602216E-16, -1.000000000000000000, 0.000000000000000000 ) ) ;
#942 = DIRECTION ( 'NONE',  ( 0.2015737629735367964, -0.9794733370953436769, 0.000000000000000000 ) ) ;
#943 = ORIENTED_EDGE ( 'NONE', *, *, #250, .T. ) ;
#944 = CARTESIAN_POINT ( 'NONE',  ( 3.222535599001806528, 5.045285127161347027, 20.37130314606050874 ) ) ;
#945 = DIRECTION ( 'NONE',  ( -1.000000000000000000, 0.000000000000000000, 0.000000000000000000 ) ) ;
#946 = DIRECTION ( 'NONE',  ( -0.000000000000000000, -0.000000000000000000, -1.000000000000000000 ) ) ;
#947 = ORIENTED_EDGE ( 'NONE', *, *, #3828, .F. ) ;
#948 = LINE ( 'NONE', #2084, #3093 ) ;
#949 = CARTESIAN_POINT ( 'NONE',  ( -0.3304283836614452796, -8.875294732441112444, 15.48161995495327048 ) ) ;
#950 = ORIENTED_EDGE ( 'NONE', *, *, #1945, .F. ) ;
#951 = AXIS2_PLACEMENT_3D ( 'NONE', #5350, #713, #6998 ) ;
#952 = EDGE_CURVE ( 'NONE', #5706, #4143, #1072, .T. ) ;
#953 = EDGE_LOOP ( 'NONE', ( #182, #4515, #6593, #5042, #617 ) ) ;
#954 = FACE_OUTER_BOUND ( 'NONE', #4388, .T. ) ;
#955 = DIRECTION ( 'NONE',  ( 0.000000000000000000, 0.000000000000000000, -1.000000000000000000 ) ) ;
#956 = CARTESIAN_POINT ( 'NONE',  ( -4.504573347946979389, 5.445533334156539951, 18.31270108759603232 ) ) ;
#957 = VERTEX_POINT ( 'NONE', #6147 ) ;
#958 = EDGE_LOOP ( 'NONE', ( #4361, #847, #3951 ) ) ;
#959 = CARTESIAN_POINT ( 'NONE',  ( 1.519119568997588710, 4.272368171650646751, 10.74833212799901361 ) ) ;
#960 = VERTEX_POINT ( 'NONE', #6038 ) ;
#961 = DIRECTION ( 'NONE',  ( 1.000000000000000000, 4.818676322157798361E-16, 0.000000000000000000 ) ) ;
#962 = LINE ( 'NONE', #4327, #5020 ) ;
#963 = CARTESIAN_POINT ( 'NONE',  ( 2.720693331971122841, 3.729747284365623194, 11.74833212799901183 ) ) ;
#964 = ORIENTED_EDGE ( 'NONE', *, *, #1874, .F. ) ;
#965 = DIRECTION ( 'NONE',  ( -0.9794733370953438989, 0.2015737629735347147, 0.000000000000000000 ) ) ;
#966 = ADVANCED_FACE ( 'NONE', ( #3744 ), #6745, .T. ) ;
#967 = CARTESIAN_POINT ( 'NONE',  ( -5.330428383661446112, -3.884007349944944565, 14.58166212799901373 ) ) ;
#968 = ORIENTED_EDGE ( 'NONE', *, *, #5548, .T. ) ;
#969 = DIRECTION ( 'NONE',  ( -0.2588112339506885018, 0.9659279192470429098, 0.000000000000000000 ) ) ;
#970 = CARTESIAN_POINT ( 'NONE',  ( -5.337894887994158566, 4.393118539265072009, 10.84836310002468984 ) ) ;
#971 = AXIS2_PLACEMENT_3D ( 'NONE', #3707, #5922, #2573 ) ;
#972 = DIRECTION ( 'NONE',  ( 0.000000000000000000, 0.000000000000000000, -1.000000000000000000 ) ) ;
#973 = EDGE_CURVE ( 'NONE', #3171, #1230, #3851, .T. ) ;
#974 = CARTESIAN_POINT ( 'NONE',  ( -0.3304283836614459458, -7.984007349944945986, 14.58166212799901373 ) ) ;
#975 = LINE ( 'NONE', #3238, #7433 ) ;
#976 = CIRCLE ( 'NONE', #1219, 0.8999999999999998002 ) ;
#977 = CARTESIAN_POINT ( 'NONE',  ( 2.208246015799837370, 4.130547250359981604, 17.41499212799901031 ) ) ;
#978 = VECTOR ( 'NONE', #3612, 1000.000000000000114 ) ;
#979 = ORIENTED_EDGE ( 'NONE', *, *, #3544, .T. ) ;
#980 = CYLINDRICAL_SURFACE ( 'NONE', #6094, 1.000000000000000000 ) ;
#981 = EDGE_CURVE ( 'NONE', #2849, #437, #2234, .T. ) ;
#982 = DIRECTION ( 'NONE',  ( -1.000000000000000000, 0.000000000000000000, 0.000000000000000000 ) ) ;
#983 = VECTOR ( 'NONE', #4558, 1000.000000000000000 ) ;
#984 = EDGE_CURVE ( 'NONE', #4482, #4748, #2186, .T. ) ;
#985 = CARTESIAN_POINT ( 'NONE',  ( 15.57153635071808928, -8.872004039688027532, 24.99833212799901361 ) ) ;
#986 = ORIENTED_EDGE ( 'NONE', *, *, #7363, .T. ) ;
#987 = DIRECTION ( 'NONE',  ( 0.000000000000000000, 1.000000000000000000, 0.000000000000000000 ) ) ;
#988 = CARTESIAN_POINT ( 'NONE',  ( -12.91971069101993486, -13.84940126210495492, 9.250000000000000000 ) ) ;
#989 = EDGE_CURVE ( 'NONE', #2026, #4800, #7092, .T. ) ;
#990 = ORIENTED_EDGE ( 'NONE', *, *, #1626, .T. ) ;
#991 = VERTEX_POINT ( 'NONE', #6219 ) ;
#992 = CARTESIAN_POINT ( 'NONE',  ( -5.337894887994158566, 4.456773848707507923, 23.99833212799901005 ) ) ;
#993 = ADVANCED_FACE ( 'NONE', ( #6780 ), #6332, .F. ) ;
#994 = CARTESIAN_POINT ( 'NONE',  ( 1.914260082649662520, 3.389902692000513529, 11.21172005531446381 ) ) ;
#995 = CARTESIAN_POINT ( 'NONE',  ( 2.036631926890818178, 3.296651896735200982, 20.67851535856430445 ) ) ;
#996 = VERTEX_POINT ( 'NONE', #6817 ) ;
#997 = ORIENTED_EDGE ( 'NONE', *, *, #2820, .T. ) ;
#998 = CARTESIAN_POINT ( 'NONE',  ( 19.40529669821110303, 5.436247185802859150, 24.99666425599802366 ) ) ;
#999 = ORIENTED_EDGE ( 'NONE', *, *, #2178, .T. ) ;
#1000 = AXIS2_PLACEMENT_3D ( 'NONE', #4006, #4079, #3365 ) ;
#1001 = EDGE_CURVE ( 'NONE', #3845, #5965, #3889, .T. ) ;
#1002 = CARTESIAN_POINT ( 'NONE',  ( 5.597734721401525171, -12.57799432079165314, 17.83396615689146358 ) ) ;
#1003 = B_SPLINE_CURVE_WITH_KNOTS ( 'NONE', 3,
 ( #4604, #6926, #4075, #1176 ),
 .UNSPECIFIED., .F., .F.,
 ( 4, 4 ),
 ( -6.586974252322571302E-06, 1.307560051423026736E-05 ),
 .UNSPECIFIED. ) ;
#1004 = CARTESIAN_POINT ( 'NONE',  ( 13.22069333197112506, 12.72974728436562231, 21.24833212799901361 ) ) ;
#1005 = DIRECTION ( 'NONE',  ( -0.000000000000000000, -0.000000000000000000, -1.000000000000000000 ) ) ;
#1006 = ORIENTED_EDGE ( 'NONE', *, *, #815, .T. ) ;
#1007 = ORIENTED_EDGE ( 'NONE', *, *, #1389, .F. ) ;
#1008 = CARTESIAN_POINT ( 'NONE',  ( 2.720693331971122841, 5.251841508744289122, 10.61740883700228011 ) ) ;
#1009 = CARTESIAN_POINT ( 'NONE',  ( -0.3304283836614452796, -8.884007349944946341, 11.74833212799901183 ) ) ;
#1010 = VERTEX_POINT ( 'NONE', #3928 ) ;
#1011 = CARTESIAN_POINT ( 'NONE',  ( -5.026349240883937419, 5.185777609562864043, 12.64681808173195421 ) ) ;
#1012 = CARTESIAN_POINT ( 'NONE',  ( -0.3378948879941582883, -3.875294732441113332, 21.74666425599802366 ) ) ;
#1013 = LINE ( 'NONE', #5533, #2510 ) ;
#1014 = CARTESIAN_POINT ( 'NONE',  ( 1.583246015799836259, 3.535889187275713219, 19.62332212799901399 ) ) ;
#1015 = B_SPLINE_CURVE_WITH_KNOTS ( 'NONE', 3,
 ( #511, #6878, #6280, #2257, #1124, #5115, #3422, #1011, #7397, #4557, #6840, #1694, #5152, #7434 ),
 .UNSPECIFIED., .F., .F.,
 ( 4, 2, 2, 2, 2, 2, 4 ),
 ( 1.006486029470112394E-07, 0.0002206750416956502255, 0.0004412494347883534358, 0.0008823982209737598562, 0.001102972614066463066, 0.001323547007159166277, 0.001764695793344572697 ),
 .UNSPECIFIED. ) ;
#1016 = CARTESIAN_POINT ( 'NONE',  ( -5.330428383661447889, 4.393118539265072009, 17.41499212799901031 ) ) ;
#1017 = CARTESIAN_POINT ( 'NONE',  ( 13.12166326974324448, 4.204452298461244020, 11.94296632575422734 ) ) ;
#1018 = VERTEX_POINT ( 'NONE', #2274 ) ;
#1019 = CARTESIAN_POINT ( 'NONE',  ( 14.42226709493650105, 4.271406621222406663, 21.51017870999243442 ) ) ;
#1020 = CARTESIAN_POINT ( 'NONE',  ( -5.304756162198491332, 4.752221623441757359, 21.14792876716394687 ) ) ;
#1021 = ADVANCED_FACE ( 'NONE', ( #1785 ), #1141, .T. ) ;
#1022 = CARTESIAN_POINT ( 'NONE',  ( -0.3304283836614452796, -8.884007349944946341, 20.24832212799901399 ) ) ;
#1023 = ORIENTED_EDGE ( 'NONE', *, *, #4676, .T. ) ;
#1024 = CARTESIAN_POINT ( 'NONE',  ( 1.086734128815991074, -8.069294384771509954, 14.96938303639686296 ) ) ;
#1025 = CARTESIAN_POINT ( 'NONE',  ( 3.720693331971123730, 11.72974728436562408, 21.24833212799901361 ) ) ;
#1026 = EDGE_LOOP ( 'NONE', ( #6652, #3525, #7116, #239, #3326, #7098 ) ) ;
#1027 = ORIENTED_EDGE ( 'NONE', *, *, #6363, .F. ) ;
#1029 = ADVANCED_FACE ( 'NONE', ( #5774 ), #4572, .F. ) ;
#1028 = CARTESIAN_POINT ( 'NONE',  ( 14.42226709494465808, 4.271406621224085320, 21.24833212799901361 ) ) ;
#1030 = CIRCLE ( 'NONE', #188, 0.8999999999999998002 ) ;
#1031 = EDGE_CURVE ( 'NONE', #1290, #4539, #2929, .T. ) ;
#1032 = CARTESIAN_POINT ( 'NONE',  ( 13.12130911544873513, 4.204527812655464380, 20.05375277465838479 ) ) ;
#1033 = DIRECTION ( 'NONE',  ( 1.000000000000000000, 0.000000000000000000, 0.000000000000000000 ) ) ;
#1034 = VERTEX_POINT ( 'NONE', #6256 ) ;
#1035 = AXIS2_PLACEMENT_3D ( 'NONE', #4014, #3450, #4548 ) ;
#1036 = VERTEX_POINT ( 'NONE', #6892 ) ;
#1037 = CARTESIAN_POINT ( 'NONE',  ( 27.02373522356765179, -1.718752814197137102, 6.999999999999999112 ) ) ;
#1038 = EDGE_LOOP ( 'NONE', ( #4467, #3338, #4688, #3776 ) ) ;
#1039 = ORIENTED_EDGE ( 'NONE', *, *, #2060, .F. ) ;
#1040 = CARTESIAN_POINT ( 'NONE',  ( 1.583246015799836259, 3.535889187275713219, 11.12333212799901183 ) ) ;
#1041 = AXIS2_PLACEMENT_3D ( 'NONE', #6317, #6770, #6174 ) ;
#1042 = DIRECTION ( 'NONE',  ( 1.000000000000000000, 9.714451465470117757E-16, 0.000000000000000000 ) ) ;
#1043 = ORIENTED_EDGE ( 'NONE', *, *, #144, .T. ) ;
#1044 = ORIENTED_EDGE ( 'NONE', *, *, #4905, .T. ) ;
#1045 = VECTOR ( 'NONE', #4750, 1000.000000000000000 ) ;
#1046 = CARTESIAN_POINT ( 'NONE',  ( 2.720693331971122841, 4.025086560482842302, 10.74833212799901183 ) ) ;
#1047 = CIRCLE ( 'NONE', #5257, 1.000000000000004441 ) ;
#1048 = DIRECTION ( 'NONE',  ( 0.000000000000000000, 0.000000000000000000, -1.000000000000000000 ) ) ;
#1049 = EDGE_CURVE ( 'NONE', #6504, #2965, #1338, .T. ) ;
#1050 = AXIS2_PLACEMENT_3D ( 'NONE', #6347, #3559, #6945 ) ;
#1051 = CARTESIAN_POINT ( 'NONE',  ( 1.899295661110432354, -8.166727367320568476, 14.03655704185017328 ) ) ;
#1052 = CARTESIAN_POINT ( 'NONE',  ( 2.021704316544359337, -8.101945535577449675, 17.86039006076051905 ) ) ;
#1053 = AXIS2_PLACEMENT_3D ( 'NONE', #1070, #6222, #5776 ) ;
#1054 = CARTESIAN_POINT ( 'NONE',  ( 1.198680847101487812, -8.132260364130292629, 20.74728223436937569 ) ) ;
#1055 = CARTESIAN_POINT ( 'NONE',  ( 1.037821602741807681, 3.445207956239864089, 17.09918577981446575 ) ) ;
#1056 = AXIS2_PLACEMENT_3D ( 'NONE', #4520, #6802, #3390 ) ;
#1057 = CARTESIAN_POINT ( 'NONE',  ( -0.4620593149765190866, -8.873752814197144900, 10.23185372034073204 ) ) ;
#1058 = CARTESIAN_POINT ( 'NONE',  ( -4.312998310797284240, -6.925695002571382375, 18.31499221152352064 ) ) ;
#1059 = DIRECTION ( 'NONE',  ( -4.216341781888073566E-16, 1.000000000000000000, 0.000000000000000000 ) ) ;
#1060 = CARTESIAN_POINT ( 'NONE',  ( 16.28395385150157182, -8.873752814197141348, 7.998332127999012719 ) ) ;
#1061 = CARTESIAN_POINT ( 'NONE',  ( 0.9761408625112243387, -7.996667119020861136, 20.41796741618049182 ) ) ;
#1062 = DIRECTION ( 'NONE',  ( 0.000000000000000000, 1.000000000000000000, 0.000000000000000000 ) ) ;
#1063 = ORIENTED_EDGE ( 'NONE', *, *, #658, .F. ) ;
#1064 = VECTOR ( 'NONE', #4454, 1000.000000000000000 ) ;
#1065 = CARTESIAN_POINT ( 'NONE',  ( -0.3025607775276037414, -8.872004039688025756, 6.998332127999012719 ) ) ;
#1066 = DIRECTION ( 'NONE',  ( -1.000000000000000000, 0.000000000000000000, 0.000000000000000000 ) ) ;
#1067 = ADVANCED_FACE ( 'NONE', ( #5131 ), #3530, .F. ) ;
#1068 = VERTEX_POINT ( 'NONE', #6855 ) ;
#1069 = EDGE_LOOP ( 'NONE', ( #2992, #6519, #5526, #825 ) ) ;
#1070 = CARTESIAN_POINT ( 'NONE',  ( 2.021704316544359337, -8.884007349944944565, 17.41499212799901031 ) ) ;
#1071 = LINE ( 'NONE', #2089, #3389 ) ;
#1072 = B_SPLINE_CURVE_WITH_KNOTS ( 'NONE', 3,
 ( #4945, #4909, #7230, #2085, #6669, #1524, #3815, #6109, #5547, #5061 ),
 .UNSPECIFIED., .F., .F.,
 ( 4, 2, 2, 2, 4 ),
 ( 0.0005576856245254384553, 0.0008038372029494062583, 0.001049988781373373953, 0.001296140359797341973, 0.001542291938221309559 ),
 .UNSPECIFIED. ) ;
#1073 = FACE_OUTER_BOUND ( 'NONE', #4619, .T. ) ;
#1074 = ORIENTED_EDGE ( 'NONE', *, *, #6629, .T. ) ;
#1075 = ORIENTED_EDGE ( 'NONE', *, *, #1296, .F. ) ;
#1076 = CARTESIAN_POINT ( 'NONE',  ( 12.68411367715558491, 3.913697930461687680, 8.748332128006202524 ) ) ;
#1077 = CIRCLE ( 'NONE', #5046, 0.9000000000000000222 ) ;
#1078 = ADVANCED_FACE ( 'NONE', ( #3440 ), #571, .T. ) ;
#1079 = ORIENTED_EDGE ( 'NONE', *, *, #3868, .F. ) ;
#1080 = ORIENTED_EDGE ( 'NONE', *, *, #3601, .T. ) ;
#1081 = DIRECTION ( 'NONE',  ( 1.000000000000000000, 0.000000000000000000, 0.000000000000000000 ) ) ;
#1082 = CARTESIAN_POINT ( 'NONE',  ( 16.28395385150157182, -3.875294732441113332, 7.998332127999012719 ) ) ;
#1083 = AXIS2_PLACEMENT_3D ( 'NONE', #1870, #4871, #7121 ) ;
#1084 = EDGE_CURVE ( 'NONE', #991, #3124, #3944, .T. ) ;
#1085 = ORIENTED_EDGE ( 'NONE', *, *, #1531, .F. ) ;
#1086 = ORIENTED_EDGE ( 'NONE', *, *, #6091, .T. ) ;
#1087 = CARTESIAN_POINT ( 'NONE',  ( -5.337894887994156790, -10.67529473244111315, 14.78396615689146643 ) ) ;
#1088 = DIRECTION ( 'NONE',  ( 1.000000000000000000, 0.000000000000000000, 0.000000000000000000 ) ) ;
#1089 = FACE_OUTER_BOUND ( 'NONE', #3902, .T. ) ;
#1090 = LINE ( 'NONE', #3391, #6327 ) ;
#1091 = AXIS2_PLACEMENT_3D ( 'NONE', #1092, #4597, #2261 ) ;
#1092 = CARTESIAN_POINT ( 'NONE',  ( 19.40529669821110303, 5.436247185802859150, 9.250000000000000000 ) ) ;
#1093 = CARTESIAN_POINT ( 'NONE',  ( 2.195981536954739521, 4.070952539992247488, 20.24832212799901399 ) ) ;
#1094 = DIRECTION ( 'NONE',  ( 0.000000000000000000, 0.000000000000000000, 1.000000000000000000 ) ) ;
#1095 =( BOUNDED_CURVE ( )  B_SPLINE_CURVE ( 3, ( #2323, #5216, #1191, #4701 ),
 .UNSPECIFIED., .F., .F. ) 
 B_SPLINE_CURVE_WITH_KNOTS ( ( 4, 4 ),
 ( 0.8560355308208139613, 1.160137878129374966 ),
 .UNSPECIFIED. ) 
 CURVE ( )  GEOMETRIC_REPRESENTATION_ITEM ( )  RATIONAL_B_SPLINE_CURVE ( ( 1.000000000000000000, 0.9923083163710357812, 0.9923083163710357812, 1.000000000000000000 ) ) 
 REPRESENTATION_ITEM ( '' )  );
#1096 = CIRCLE ( 'NONE', #2420, 0.9000000000000000222 ) ;
#1097 = CARTESIAN_POINT ( 'NONE',  ( -0.3020922099672417871, -8.873752814197141348, 6.999999999999999112 ) ) ;
#1098 = B_SPLINE_CURVE_WITH_KNOTS ( 'NONE', 3,
 ( #1758, #4057, #4622, #2889, #1054, #3353, #5645, #1061, #2269, #2304 ),
 .UNSPECIFIED., .F., .F.,
 ( 4, 2, 2, 2, 4 ),
 ( 0.0005053797613153657034, 0.0007592764193092639861, 0.001013173077303162160, 0.001267069735297060660, 0.001520966393290958726 ),
 .UNSPECIFIED. ) ;
#1099 = CARTESIAN_POINT ( 'NONE',  ( -2.838449116619357060, -8.217369994305059322, 19.34832994758535563 ) ) ;
#1100 = AXIS2_PLACEMENT_3D ( 'NONE', #2018, #6075, #6564 ) ;
#1101 = DIRECTION ( 'NONE',  ( 0.000000000000000000, -1.000000000000000000, 0.000000000000000000 ) ) ;
#1102 = FACE_BOUND ( 'NONE', #6582, .T. ) ;
#1103 = VERTEX_POINT ( 'NONE', #5842 ) ;
#1104 = CARTESIAN_POINT ( 'NONE',  ( -5.297318707988972974, 4.748196092373506261, 13.68206884433577386 ) ) ;
#1105 = CARTESIAN_POINT ( 'NONE',  ( -4.648969577475589254, 5.410062931144235421, 10.85054455550847408 ) ) ;
#1106 = ORIENTED_EDGE ( 'NONE', *, *, #5720, .F. ) ;
#1107 = ADVANCED_FACE ( 'NONE', ( #3730 ), #7215, .T. ) ;
#1108 = ORIENTED_EDGE ( 'NONE', *, *, #5445, .T. ) ;
#1109 = CARTESIAN_POINT ( 'NONE',  ( -12.40663181555145123, 9.934409660288995525, 22.74666425599802366 ) ) ;
#1110 = CARTESIAN_POINT ( 'NONE',  ( -5.337894887994158566, 4.393118539265072009, 16.51502310002469187 ) ) ;
#1111 = CARTESIAN_POINT ( 'NONE',  ( 1.583246015799837147, -12.57799432079165314, 13.95666212799901196 ) ) ;
#1112 = VERTEX_POINT ( 'NONE', #938 ) ;
#1113 = ORIENTED_EDGE ( 'NONE', *, *, #7332, .T. ) ;
#1114 = DIRECTION ( 'NONE',  ( 1.000000000000000000, 0.000000000000000000, 0.000000000000000000 ) ) ;
#1115 = ORIENTED_EDGE ( 'NONE', *, *, #4439, .T. ) ;
#1116 = ORIENTED_EDGE ( 'NONE', *, *, #4355, .T. ) ;
#1117 = DIRECTION ( 'NONE',  ( 0.2588112339506885018, -0.9659279192470429098, 0.000000000000000000 ) ) ;
#1118 = FACE_OUTER_BOUND ( 'NONE', #1242, .T. ) ;
#1119 = ORIENTED_EDGE ( 'NONE', *, *, #1945, .T. ) ;
#1120 = ORIENTED_EDGE ( 'NONE', *, *, #2266, .T. ) ;
#1121 = CARTESIAN_POINT ( 'NONE',  ( 2.021704316544363333, -8.875294732441114220, 11.30293419523750664 ) ) ;
#1122 = LINE ( 'NONE', #3873, #518 ) ;
#1123 = EDGE_CURVE ( 'NONE', #476, #2633, #5021, .T. ) ;
#1124 = CARTESIAN_POINT ( 'NONE',  ( -4.504573347946976725, 5.445533334156539951, 12.64604108759603207 ) ) ;
#1125 = ADVANCED_FACE ( 'NONE', ( #1431 ), #4857, .F. ) ;
#1126 = EDGE_CURVE ( 'NONE', #1300, #6021, #866, .T. ) ;
#1127 = CARTESIAN_POINT ( 'NONE',  ( 2.021704316544359337, -8.101945535577451452, 11.30293419523750487 ) ) ;
#1128 = EDGE_CURVE ( 'NONE', #3912, #3482, #5882, .T. ) ;
#1129 = CARTESIAN_POINT ( 'NONE',  ( 2.208246015799837370, 4.130547250359981604, 14.58166212799901373 ) ) ;
#1130 = CARTESIAN_POINT ( 'NONE',  ( -17.67643277480201291, 9.933113728465889025, 22.74666425599802366 ) ) ;
#1131 = CARTESIAN_POINT ( 'NONE',  ( 2.021704316544359337, -8.875294732441112444, 21.14827995495327073 ) ) ;
#1132 = CARTESIAN_POINT ( 'NONE',  ( 3.720693331971123285, 11.72974728436562408, 10.74833212799901361 ) ) ;
#1133 = ADVANCED_FACE ( 'NONE', ( #6093 ), #6436, .F. ) ;
#1134 = AXIS2_PLACEMENT_3D ( 'NONE', #6761, #7325, #1618 ) ;
#1135 = LINE ( 'NONE', #5691, #3572 ) ;
#1136 = CARTESIAN_POINT ( 'NONE',  ( -3.638524698391432555, -7.645161643112126093, 19.34832329064828116 ) ) ;
#1137 = DIRECTION ( 'NONE',  ( -1.000000000000000000, 0.000000000000000000, 0.000000000000000000 ) ) ;
#1138 = CARTESIAN_POINT ( 'NONE',  ( -5.337887297018019339, -3.884007349944944565, 13.68169303707892048 ) ) ;
#1139 = VERTEX_POINT ( 'NONE', #4154 ) ;
#1140 = CARTESIAN_POINT ( 'NONE',  ( 0.9582460157999107553, -7.984007349944995724, 14.49700377925286965 ) ) ;
#1141 = CYLINDRICAL_SURFACE ( 'NONE', #631, 0.9999999999999991118 ) ;
#1142 = AXIS2_PLACEMENT_3D ( 'NONE', #107, #180, #2482 ) ;
#1143 = ORIENTED_EDGE ( 'NONE', *, *, #5683, .F. ) ;
#1144 = CARTESIAN_POINT ( 'NONE',  ( 1.583246015787041161, 3.535889187281870516, 15.20666212800530559 ) ) ;
#1145 = CARTESIAN_POINT ( 'NONE',  ( 2.036631926890818178, 3.296651896735200982, 12.17852535856430229 ) ) ;
#1146 = CARTESIAN_POINT ( 'NONE',  ( -14.28307289072193598, 12.86592914530930720, 6.999999999999999112 ) ) ;
#1147 = ORIENTED_EDGE ( 'NONE', *, *, #2597, .T. ) ;
#1148 = STYLED_ITEM ( 'NONE', ( #5197 ), #2478 ) ;
#1149 = EDGE_LOOP ( 'NONE', ( #4698, #3378, #2502, #4269, #5033, #1106 ) ) ;
#1150 = FACE_OUTER_BOUND ( 'NONE', #123, .T. ) ;
#1151 = EDGE_LOOP ( 'NONE', ( #1691, #4319, #2940, #6798, #662 ) ) ;
#1152 = ORIENTED_EDGE ( 'NONE', *, *, #6916, .F. ) ;
#1153 = CARTESIAN_POINT ( 'NONE',  ( 1.912976276396899378, 3.390725284274772822, 17.95230720917714251 ) ) ;
#1154 = CARTESIAN_POINT ( 'NONE',  ( -5.168957062996155649, -5.174400649222202553, 21.14830851934678435 ) ) ;
#1155 = AXIS2_PLACEMENT_3D ( 'NONE', #2263, #5272, #3997 ) ;
#1156 = ORIENTED_EDGE ( 'NONE', *, *, #2214, .T. ) ;
#1157 = ORIENTED_EDGE ( 'NONE', *, *, #5623, .F. ) ;
#1158 = CARTESIAN_POINT ( 'NONE',  ( 3.519119568997592040, 3.860771948783964902, 8.748332127999013608 ) ) ;
#1159 = DIRECTION ( 'NONE',  ( 1.000000000000000000, 0.000000000000000000, 0.000000000000000000 ) ) ;
#1160 = EDGE_CURVE ( 'NONE', #3874, #5111, #1826, .T. ) ;
#1161 = AXIS2_PLACEMENT_3D ( 'NONE', #7243, #2210, #6753 ) ;
#1162 = ADVANCED_FACE ( 'NONE', ( #263 ), #6058, .F. ) ;
#1163 = CARTESIAN_POINT ( 'NONE',  ( 2.021704316544359337, -8.875294732441114220, 23.99833212799901005 ) ) ;
#1164 = CYLINDRICAL_SURFACE ( 'NONE', #5733, 2.500000000000000444 ) ;
#1165 = AXIS2_PLACEMENT_3D ( 'NONE', #4480, #1042, #5712 ) ;
#1166 = DIRECTION ( 'NONE',  ( 1.000000000000000000, 0.000000000000000000, 0.000000000000000000 ) ) ;
#1167 = CARTESIAN_POINT ( 'NONE',  ( -0.3304283836614452796, -8.875294732441112444, 19.34836430104475369 ) ) ;
#1168 = CARTESIAN_POINT ( 'NONE',  ( 2.720693331971123730, 4.184853523558589750, 20.03946176911312094 ) ) ;
#1169 = CARTESIAN_POINT ( 'NONE',  ( 12.27459189696805808, 4.796504979390733503, 11.74868539438942960 ) ) ;
#1170 = AXIS2_PLACEMENT_3D ( 'NONE', #3379, #3263, #1499 ) ;
#1171 = ADVANCED_FACE ( 'NONE', ( #7178 ), #6656, .T. ) ;
#1172 = VECTOR ( 'NONE', #4565, 1000.000000000000114 ) ;
#1173 = DIRECTION ( 'NONE',  ( 0.2015737629735342706, 0.9794733370953440099, 0.000000000000000000 ) ) ;
#1174 = CARTESIAN_POINT ( 'NONE',  ( 0.000000000000000000, 4.829747284365623727, 19.14833212799901574 ) ) ;
#1175 = VECTOR ( 'NONE', #5864, 1000.000000000000000 ) ;
#1176 = CARTESIAN_POINT ( 'NONE',  ( 3.704026288812423573, 4.829747284377331695, 11.74833212799901183 ) ) ;
#1177 = LINE ( 'NONE', #3477, #5401 ) ;
#1178 = DIRECTION ( 'NONE',  ( 4.336808689942017736E-15, -1.000000000000000000, 0.000000000000000000 ) ) ;
#1179 = CARTESIAN_POINT ( 'NONE',  ( -0.5996445524704264729, -8.873752814197141348, 21.84977418614844780 ) ) ;
#1180 = DIRECTION ( 'NONE',  ( 0.000000000000000000, 0.000000000000000000, -1.000000000000000000 ) ) ;
#1181 = ORIENTED_EDGE ( 'NONE', *, *, #2727, .F. ) ;
#1182 = LINE ( 'NONE', #4864, #2352 ) ;
#1183 = VECTOR ( 'NONE', #939, 1000.000000000000000 ) ;
#1184 = FACE_OUTER_BOUND ( 'NONE', #4855, .T. ) ;
#1185 = ORIENTED_EDGE ( 'NONE', *, *, #834, .F. ) ;
#1186 = ORIENTED_EDGE ( 'NONE', *, *, #5633, .T. ) ;
#1187 = DIRECTION ( 'NONE',  ( 1.000000000000000000, 4.163336342344336041E-16, 0.000000000000000000 ) ) ;
#1188 = VERTEX_POINT ( 'NONE', #5419 ) ;
#1189 = ORIENTED_EDGE ( 'NONE', *, *, #4933, .F. ) ;
#1190 = DIRECTION ( 'NONE',  ( -1.000000000000000000, -0.000000000000000000, -0.000000000000000000 ) ) ;
#1191 = CARTESIAN_POINT ( 'NONE',  ( 2.534094338921053069, 4.063488280847908918, 19.49586367021876043 ) ) ;
#1192 = CIRCLE ( 'NONE', #6958, 2.500000000000000444 ) ;
#1193 = ORIENTED_EDGE ( 'NONE', *, *, #3010, .T. ) ;
#1194 = CARTESIAN_POINT ( 'NONE',  ( 3.519119568997590264, 3.860771948783964902, 9.748332127999011831 ) ) ;
#1195 = CARTESIAN_POINT ( 'NONE',  ( -1.942195958572139114, -8.613760306515812815, 10.84835109410626153 ) ) ;
#1196 = VECTOR ( 'NONE', #3157, 1000.000000000000000 ) ;
#1197 = EDGE_CURVE ( 'NONE', #4474, #4262, #1711, .T. ) ;
#1198 = CARTESIAN_POINT ( 'NONE',  ( 2.208246015799837370, 4.130547250359981604, 17.41499212799901031 ) ) ;
#1199 = CARTESIAN_POINT ( 'NONE',  ( 12.03962773940497222, 3.781063941627264224, 23.99833212799901005 ) ) ;
#1200 = B_SPLINE_CURVE_WITH_KNOTS ( 'NONE', 3,
 ( #1675, #5554, #994, #6714, #3329, #7382 ),
 .UNSPECIFIED., .F., .F.,
 ( 4, 2, 4 ),
 ( 9.697399036122160616E-19, 0.0002788428122627200950, 0.0005576856245254392143 ),
 .UNSPECIFIED. ) ;
#1201 = DIRECTION ( 'NONE',  ( -0.000000000000000000, -0.000000000000000000, -1.000000000000000000 ) ) ;
#1202 = DIRECTION ( 'NONE',  ( 2.498001805406602216E-16, -1.000000000000000000, 0.000000000000000000 ) ) ;
#1203 = FACE_OUTER_BOUND ( 'NONE', #1901, .T. ) ;
#1204 = LINE ( 'NONE', #4104, #3424 ) ;
#1205 = CARTESIAN_POINT ( 'NONE',  ( 2.195981536954739521, 4.070952539992247488, 14.58166212799901373 ) ) ;
#1206 = DIRECTION ( 'NONE',  ( 0.9794733370953440099, -0.2015737629735342151, 4.247788479881591901E-16 ) ) ;
#1207 = EDGE_CURVE ( 'NONE', #616, #3295, #4888, .T. ) ;
#1208 = CARTESIAN_POINT ( 'NONE',  ( -1.942195958572139114, -8.613760306515812815, 19.34834109410627434 ) ) ;
#1209 = CARTESIAN_POINT ( 'NONE',  ( -4.913161118397629146, 5.278043985895719103, 16.51679605220855507 ) ) ;
#1210 = CARTESIAN_POINT ( 'NONE',  ( 2.021704316544359337, -8.101945535577451452, 19.80292419523750524 ) ) ;
#1211 = FACE_OUTER_BOUND ( 'NONE', #5584, .T. ) ;
#1212 = AXIS2_PLACEMENT_3D ( 'NONE', #5847, #4692, #2990 ) ;
#1213 = CARTESIAN_POINT ( 'NONE',  ( 1.667208124178702011, -8.236415657595513196, 20.87332212799901399 ) ) ;
#1214 = CARTESIAN_POINT ( 'NONE',  ( -5.177926052674455271, 5.018962149923107852, 10.84933669427478442 ) ) ;
#1215 = VECTOR ( 'NONE', #4466, 1000.000000000000000 ) ;
#1216 = ORIENTED_EDGE ( 'NONE', *, *, #153, .F. ) ;
#1218 = EDGE_CURVE ( 'NONE', #5165, #1188, #900, .T. ) ;
#1217 = DIRECTION ( 'NONE',  ( -0.9794733370953438989, 0.2015737629735343261, 0.000000000000000000 ) ) ;
#1219 = AXIS2_PLACEMENT_3D ( 'NONE', #126, #574, #5171 ) ;
#1220 = EDGE_CURVE ( 'NONE', #5289, #5993, #738, .T. ) ;
#1221 = CARTESIAN_POINT ( 'NONE',  ( -5.337894887994158566, 4.393118539265072009, 16.51502310002469187 ) ) ;
#1222 = EDGE_CURVE ( 'NONE', #5006, #4539, #2987, .T. ) ;
#1223 = PLANE ( 'NONE',  #1212 ) ;
#1224 = EDGE_CURVE ( 'NONE', #1724, #6175, #6447, .T. ) ;
#1225 = ORIENTED_EDGE ( 'NONE', *, *, #1450, .F. ) ;
#1226 = EDGE_LOOP ( 'NONE', ( #6677, #5428, #4768, #6374 ) ) ;
#1227 = CARTESIAN_POINT ( 'NONE',  ( 3.720693331971123285, 11.72974728436562408, 10.74833212799901361 ) ) ;
#1228 = EDGE_CURVE ( 'NONE', #4545, #5993, #2674, .T. ) ;
#1229 = ORIENTED_EDGE ( 'NONE', *, *, #5001, .T. ) ;
#1230 = VERTEX_POINT ( 'NONE', #405 ) ;
#1231 = CARTESIAN_POINT ( 'NONE',  ( -3.656843035363722016, -8.873752814197141348, 9.250000000000000000 ) ) ;
#1232 = CARTESIAN_POINT ( 'NONE',  ( 11.53569333197113167, 6.229747284365624083, 8.748332127999011831 ) ) ;
#1233 = ORIENTED_EDGE ( 'NONE', *, *, #4126, .F. ) ;
#1234 = CARTESIAN_POINT ( 'NONE',  ( -5.337894887994158566, -3.878198939378064480, 10.84836310002468984 ) ) ;
#1235 = CARTESIAN_POINT ( 'NONE',  ( -4.136321125020615774, 5.436247185802859150, 24.99833212799901361 ) ) ;
#1236 = LINE ( 'NONE', #2970, #918 ) ;
#1237 = CARTESIAN_POINT ( 'NONE',  ( -0.8746562824944889014, -24.72260983144137469, 24.99666425599802366 ) ) ;
#1238 = ORIENTED_EDGE ( 'NONE', *, *, #2232, .F. ) ;
#1239 = CARTESIAN_POINT ( 'NONE',  ( 1.780268959138795681, 4.244580470982204368, 21.14552301591609407 ) ) ;
#1240 = CARTESIAN_POINT ( 'NONE',  ( 3.720693331971123285, 12.72974728436562231, 10.74833212799901361 ) ) ;
#1241 = LINE ( 'NONE', #1771, #2911 ) ;
#1242 = EDGE_LOOP ( 'NONE', ( #7044, #3797, #131 ) ) ;
#1243 = CARTESIAN_POINT ( 'NONE',  ( -0.9919283371183271747, -8.842990418357855376, 16.51502463954727062 ) ) ;
#1244 = AXIS2_PLACEMENT_3D ( 'NONE', #5203, #2947, #5167 ) ;
#1245 = DIRECTION ( 'NONE',  ( 1.000000000000000000, 0.000000000000000000, 0.000000000000000000 ) ) ;
#1246 = CARTESIAN_POINT ( 'NONE',  ( -5.304436011043669907, -4.539923741060544415, 19.34834371187504587 ) ) ;
#1247 = CARTESIAN_POINT ( 'NONE',  ( -4.136321125020615774, 5.436247185802859150, 10.85040409952761209 ) ) ;
#1248 = CARTESIAN_POINT ( 'NONE',  ( -5.337894887994158566, 4.456773848707507923, 13.68171200983965896 ) ) ;
#1249 = DIRECTION ( 'NONE',  ( 0.000000000000000000, -0.000000000000000000, 1.000000000000000000 ) ) ;
#1250 = APPLICATION_PROTOCOL_DEFINITION ( 'draft international standard', 'automotive_design', 1998, #2907 ) ;
#1251 = CARTESIAN_POINT ( 'NONE',  ( -5.337894887994178106, 4.605939966993049417, 15.48151321038962891 ) ) ;
#1252 = EDGE_CURVE ( 'NONE', #7028, #3558, #2951, .T. ) ;
#1253 = ORIENTED_EDGE ( 'NONE', *, *, #1996, .F. ) ;
#1254 = DIRECTION ( 'NONE',  ( 1.000000000000000000, 7.375108878104640636E-16, -0.000000000000000000 ) ) ;
#1255 = ADVANCED_FACE ( 'NONE', ( #5684 ), #3423, .F. ) ;
#1256 = DIRECTION ( 'NONE',  ( -0.2015737629735343539, -0.9794733370953440099, 0.000000000000000000 ) ) ;
#1257 = FACE_OUTER_BOUND ( 'NONE', #2910, .T. ) ;
#1258 = VERTEX_POINT ( 'NONE', #5644 ) ;
#1259 = ORIENTED_EDGE ( 'NONE', *, *, #5822, .T. ) ;
#1260 = CARTESIAN_POINT ( 'NONE',  ( -0.3378948879941582883, -3.875294732441113332, 22.74666425599802366 ) ) ;
#1261 = EDGE_CURVE ( 'NONE', #5254, #6166, #6273, .T. ) ;
#1262 = VERTEX_POINT ( 'NONE', #2193 ) ;
#1263 = ORIENTED_EDGE ( 'NONE', *, *, #7309, .F. ) ;
#1265 = ADVANCED_FACE ( 'NONE', ( #2787 ), #3956, .F. ) ;
#1264 = DIRECTION ( 'NONE',  ( -0.000000000000000000, -0.000000000000000000, -1.000000000000000000 ) ) ;
#1266 = CARTESIAN_POINT ( 'NONE',  ( -4.102004650208492365, -7.182488613582316717, 21.14832242733715617 ) ) ;
#1267 = AXIS2_PLACEMENT_3D ( 'NONE', #2906, #2981, #4226 ) ;
#1268 = VERTEX_POINT ( 'NONE', #7293 ) ;
#1269 = CARTESIAN_POINT ( 'NONE',  ( 13.22069333197112506, 4.183336712770302945, 11.95830214371207489 ) ) ;
#1270 = LINE ( 'NONE', #5896, #5625 ) ;
#1271 = CARTESIAN_POINT ( 'NONE',  ( -5.330428383661446112, 4.393118539265072009, 11.74833212799901183 ) ) ;
#1272 = CARTESIAN_POINT ( 'NONE',  ( -5.600981179372351626, 5.808818307383874391, 22.74666425599802722 ) ) ;
#1273 = EDGE_LOOP ( 'NONE', ( #6533, #801, #4059, #5045, #1157, #4661, #4468 ) ) ;
#1274 = CARTESIAN_POINT ( 'NONE',  ( -0.4620593149765189200, -8.873752814197141348, 21.74666425599802366 ) ) ;
#1275 = LINE ( 'NONE', #4034, #6915 ) ;
#1276 = ADVANCED_FACE ( 'NONE', ( #3274 ), #4450, .F. ) ;
#1277 = LINE ( 'NONE', #1847, #978 ) ;
#1278 = AXIS2_PLACEMENT_3D ( 'NONE', #2846, #1187, #6942 ) ;
#1279 = VERTEX_POINT ( 'NONE', #444 ) ;
#1280 = DIRECTION ( 'NONE',  ( -0.2015737629735344649, -0.9794733370953438989, 0.000000000000000000 ) ) ;
#1281 = AXIS2_PLACEMENT_3D ( 'NONE', #3344, #1578, #3948 ) ;
#1282 = DIRECTION ( 'NONE',  ( 1.000000000000000000, 4.818676322157798361E-16, 0.000000000000000000 ) ) ;
#1283 = CARTESIAN_POINT ( 'NONE',  ( 1.583246015799828044, -8.236415657594555739, 16.78999212799901031 ) ) ;
#1284 = VECTOR ( 'NONE', #3814, 1000.000000000000000 ) ;
#1285 = CARTESIAN_POINT ( 'NONE',  ( -0.3354060535670047583, -8.875294732441114220, 16.51503428301719723 ) ) ;
#1286 = DIRECTION ( 'NONE',  ( 0.000000000000000000, -0.000000000000000000, -1.000000000000000000 ) ) ;
#1287 = CYLINDRICAL_SURFACE ( 'NONE', #3929, 1.100000000000000311 ) ;
#1288 = CARTESIAN_POINT ( 'NONE',  ( -0.5067474508549250078, -8.873752814197141348, 21.79852222887629054 ) ) ;
#1289 = AXIS2_PLACEMENT_3D ( 'NONE', #6402, #1859, #3661 ) ;
#1290 = VERTEX_POINT ( 'NONE', #1052 ) ;
#1291 = LINE ( 'NONE', #3623, #4175 ) ;
#1292 = CARTESIAN_POINT ( 'NONE',  ( 0.000000000000000000, 11.72974728436562408, 21.24833212799901361 ) ) ;
#1293 = CARTESIAN_POINT ( 'NONE',  ( 2.959699256560818004, 3.975899592581155328, 21.93199243238538187 ) ) ;
#1294 = TOROIDAL_SURFACE ( 'NONE', #6702, 6.000000000000000000, 1.000000000000000000 ) ;
#1295 = FACE_OUTER_BOUND ( 'NONE', #3711, .T. ) ;
#1296 = EDGE_CURVE ( 'NONE', #6524, #424, #4488, .T. ) ;
#1297 = ORIENTED_EDGE ( 'NONE', *, *, #7153, .F. ) ;
#1298 = ORIENTED_EDGE ( 'NONE', *, *, #4007, .F. ) ;
#1299 = CARTESIAN_POINT ( 'NONE',  ( 14.42226709494465631, 4.271406621224085320, 10.74833212799901361 ) ) ;
#1300 = VERTEX_POINT ( 'NONE', #3914 ) ;
#1301 = ORIENTED_EDGE ( 'NONE', *, *, #1484, .T. ) ;
#1302 = DIRECTION ( 'NONE',  ( 0.000000000000000000, 0.000000000000000000, 1.000000000000000000 ) ) ;
#1303 = DIRECTION ( 'NONE',  ( 1.000000000000000000, 0.000000000000000000, 0.000000000000000000 ) ) ;
#1304 = ORIENTED_EDGE ( 'NONE', *, *, #2460, .F. ) ;
#1305 = FACE_OUTER_BOUND ( 'NONE', #4239, .T. ) ;
#1306 = AXIS2_PLACEMENT_3D ( 'NONE', #4890, #4338, #6132 ) ;
#1307 = PLANE ( 'NONE',  #4903 ) ;
#1308 = EDGE_CURVE ( 'NONE', #3845, #2609, #6879, .T. ) ;
#1309 = CARTESIAN_POINT ( 'NONE',  ( 7.970693331971125062, 8.229747284365624083, 6.998332127999013608 ) ) ;
#1310 = CARTESIAN_POINT ( 'NONE',  ( 13.15255153359860074, 4.010101556641641807, 11.14429638474167561 ) ) ;
#1311 = ORIENTED_EDGE ( 'NONE', *, *, #1031, .F. ) ;
#1312 = DIRECTION ( 'NONE',  ( -0.000000000000000000, -0.000000000000000000, -1.000000000000000000 ) ) ;
#1313 = CARTESIAN_POINT ( 'NONE',  ( 27.02373522356765179, -1.718752814197137102, 22.74666425599802366 ) ) ;
#1314 = FACE_OUTER_BOUND ( 'NONE', #6577, .T. ) ;
#1315 = CIRCLE ( 'NONE', #1681, 0.9999999999999991118 ) ;
#1316 = ORIENTED_EDGE ( 'NONE', *, *, #2554, .F. ) ;
#1317 = SPHERICAL_SURFACE ( 'NONE', #3213, 1.000000000000000000 ) ;
#1318 = ADVANCED_FACE ( 'NONE', ( #2295 ), #6202, .F. ) ;
#1319 = CARTESIAN_POINT ( 'NONE',  ( 20.28395385150157182, 4.456773848707517693, 23.99833212799901005 ) ) ;
#1320 = DIRECTION ( 'NONE',  ( 1.000000000000000000, 0.000000000000000000, -0.000000000000000000 ) ) ;
#1321 = CARTESIAN_POINT ( 'NONE',  ( -14.28307289072193420, -16.30343477370360006, 24.99666425599802366 ) ) ;
#1322 = CARTESIAN_POINT ( 'NONE',  ( 11.53569333197113167, 6.229747284365624083, 7.998332127999012719 ) ) ;
#1323 = CARTESIAN_POINT ( 'NONE',  ( 4.157095377505037881, 3.742609536185408814, 23.99833212799901005 ) ) ;
#1324 = CARTESIAN_POINT ( 'NONE',  ( -0.4620593149765189200, -8.873752814197141348, 21.74666425599802366 ) ) ;
#1325 = VERTEX_POINT ( 'NONE', #4596 ) ;
#1326 = CARTESIAN_POINT ( 'NONE',  ( 2.347546693743778334, 4.101879433917728690, 8.748332127999013608 ) ) ;
#1327 = VECTOR ( 'NONE', #423, 1000.000000000000000 ) ;
#1328 = CARTESIAN_POINT ( 'NONE',  ( -4.136321125020615774, 5.436247185802859150, 23.99833212799901005 ) ) ;
#1329 = ORIENTED_EDGE ( 'NONE', *, *, #247, .F. ) ;
#1330 = ORIENTED_EDGE ( 'NONE', *, *, #5217, .T. ) ;
#1331 = CARTESIAN_POINT ( 'NONE',  ( 12.22069333197112151, 11.72974728436562408, 10.74833212799901361 ) ) ;
#1332 = LINE ( 'NONE', #2576, #607 ) ;
#1333 = EDGE_CURVE ( 'NONE', #4199, #4870, #5557, .T. ) ;
#1334 = VERTEX_POINT ( 'NONE', #970 ) ;
#1335 =( BOUNDED_CURVE ( )  B_SPLINE_CURVE ( 3, ( #262, #1992, #4299, #7177 ),
 .UNSPECIFIED., .F., .F. ) 
 B_SPLINE_CURVE_WITH_KNOTS ( ( 4, 4 ),
 ( 5.524029678433318935, 6.283185307179586232 ),
 .UNSPECIFIED. ) 
 CURVE ( )  GEOMETRIC_REPRESENTATION_ITEM ( )  RATIONAL_B_SPLINE_CURVE ( ( 1.000000000000000000, 0.9525474333998913412, 0.9525474333998913412, 1.000000000000000000 ) ) 
 REPRESENTATION_ITEM ( '' )  );
#1336 = ORIENTED_EDGE ( 'NONE', *, *, #1453, .F. ) ;
#1337 = CARTESIAN_POINT ( 'NONE',  ( -0.3025607775276037414, -8.872004039688025756, 6.998332127999012719 ) ) ;
#1338 = B_SPLINE_CURVE_WITH_KNOTS ( 'NONE', 3,
 ( #2308, #6368, #5657, #526, #6292, #1214, #2836, #493, #1743, #5096, #1105, #5737, #3481, #2202 ),
 .UNSPECIFIED., .F., .F.,
 ( 4, 2, 2, 2, 2, 2, 4 ),
 ( 9.858151828161176098E-08, 0.0002206729883092558491, 0.0004412473951002301195, 0.0008823962086821809372, 0.001102970615473154638, 0.001323545022264128448, 0.001764693835846078019 ),
 .UNSPECIFIED. ) ;
#1339 = AXIS2_PLACEMENT_3D ( 'NONE', #4729, #761, #1900 ) ;
#1340 = CARTESIAN_POINT ( 'NONE',  ( -0.3378948879941174877, -8.875294732441114220, 18.31495000900120473 ) ) ;
#1341 = AXIS2_PLACEMENT_3D ( 'NONE', #2130, #1570, #5589 ) ;
#1342 = ORIENTED_EDGE ( 'NONE', *, *, #5452, .T. ) ;
#1343 = CARTESIAN_POINT ( 'NONE',  ( -5.337892357666857102, -3.881103147417413801, 18.31496117697661674 ) ) ;
#1344 = CARTESIAN_POINT ( 'NONE',  ( 13.22069333197112151, 5.250879958319427665, 10.16254569037210942 ) ) ;
#1345 = CARTESIAN_POINT ( 'NONE',  ( 11.78896358600237093, 3.742609536185408814, 6.998332127999012719 ) ) ;
#1346 = AXIS2_PLACEMENT_3D ( 'NONE', #1012, #5009, #2712 ) ;
#1347 = CARTESIAN_POINT ( 'NONE',  ( 2.720693331971122841, 4.729747284365622306, 8.748332127999011831 ) ) ;
#1348 = ORIENTED_EDGE ( 'NONE', *, *, #7439, .F. ) ;
#1349 = DIRECTION ( 'NONE',  ( 0.000000000000000000, 1.000000000000000000, -3.469446951953614189E-15 ) ) ;
#1350 = CARTESIAN_POINT ( 'NONE',  ( 13.22069333197112151, 5.250879958319429441, 11.33411856562591957 ) ) ;
#1351 = DIRECTION ( 'NONE',  ( 0.2000851837340723305, 0.9797785051990590688, -0.000000000000000000 ) ) ;
#1352 = EDGE_CURVE ( 'NONE', #1839, #4139, #7366, .T. ) ;
#1353 = ORIENTED_EDGE ( 'NONE', *, *, #6275, .T. ) ;
#1354 = EDGE_CURVE ( 'NONE', #3794, #6568, #5116, .T. ) ;
#1355 = EDGE_CURVE ( 'NONE', #762, #2026, #6803, .T. ) ;
#1356 = EDGE_LOOP ( 'NONE', ( #6293, #2743, #6650, #5520, #3772, #2737 ) ) ;
#1357 = DIRECTION ( 'NONE',  ( -1.000000000000000000, 0.000000000000000000, 0.000000000000000000 ) ) ;
#1358 = DIRECTION ( 'NONE',  ( 1.020425574104003876E-16, 0.000000000000000000, 1.000000000000000000 ) ) ;
#1359 = EDGE_CURVE ( 'NONE', #3035, #2958, #1090, .T. ) ;
#1360 = CARTESIAN_POINT ( 'NONE',  ( 1.501971004210086891, 3.552615431165957016, 12.37333212799733850 ) ) ;
#1361 = FACE_OUTER_BOUND ( 'NONE', #5927, .T. ) ;
#1362 = DIRECTION ( 'NONE',  ( 0.000000000000000000, 1.000000000000000000, 0.000000000000000000 ) ) ;
#1363 = CARTESIAN_POINT ( 'NONE',  ( -4.136321125020615774, 5.436247185802859150, 24.99833212799901361 ) ) ;
#1364 = DIRECTION ( 'NONE',  ( 0.000000000000000000, 0.000000000000000000, 1.000000000000000000 ) ) ;
#1365 = B_SPLINE_CURVE_WITH_KNOTS ( 'NONE', 3,
 ( #5693, #6813, #3964, #6888 ),
 .UNSPECIFIED., .F., .F.,
 ( 4, 4 ),
 ( 0.000000000000000000, 8.712620810959589352E-06 ),
 .UNSPECIFIED. ) ;
#1366 = ORIENTED_EDGE ( 'NONE', *, *, #694, .T. ) ;
#1367 = DIRECTION ( 'NONE',  ( 1.000000000000000000, 0.000000000000000000, 0.000000000000000000 ) ) ;
#1368 = CARTESIAN_POINT ( 'NONE',  ( 2.846906941542431291, 5.199892463772036066, 21.75195110336178672 ) ) ;
#1369 = DIRECTION ( 'NONE',  ( 0.000000000000000000, 0.000000000000000000, -1.000000000000000000 ) ) ;
#1370 = VERTEX_POINT ( 'NONE', #6841 ) ;
#1371 = ORIENTED_EDGE ( 'NONE', *, *, #5309, .F. ) ;
#1372 = CARTESIAN_POINT ( 'NONE',  ( -12.91971069101994196, 10.41189563371067450, 24.99666425599802366 ) ) ;
#1373 = DIRECTION ( 'NONE',  ( -1.000000000000000000, 1.092801349243425058E-16, 0.000000000000000000 ) ) ;
#1374 = ADVANCED_FACE ( 'NONE', ( #3993 ), #1164, .F. ) ;
#1375 = ORIENTED_EDGE ( 'NONE', *, *, #6837, .F. ) ;
#1376 = VERTEX_POINT ( 'NONE', #3605 ) ;
#1377 = CARTESIAN_POINT ( 'NONE',  ( 2.720693331971122841, 4.025086560482842302, 10.74833212799901183 ) ) ;
#1378 = DIRECTION ( 'NONE',  ( 1.000000000000000000, -0.000000000000000000, -0.000000000000000000 ) ) ;
#1379 = ORIENTED_EDGE ( 'NONE', *, *, #5282, .F. ) ;
#1380 = DIRECTION ( 'NONE',  ( 0.000000000000000000, 0.000000000000000000, 1.000000000000000000 ) ) ;
#1381 =( BOUNDED_CURVE ( )  B_SPLINE_CURVE ( 3, ( #4912, #3777, #5065, #5552 ),
 .UNSPECIFIED., .F., .T. ) 
 B_SPLINE_CURVE_WITH_KNOTS ( ( 4, 4 ),
 ( 3.469446951953610245E-15, 1.570796326794896558 ),
 .UNSPECIFIED. ) 
 CURVE ( )  GEOMETRIC_REPRESENTATION_ITEM ( )  RATIONAL_B_SPLINE_CURVE ( ( 1.000000000000000000, 0.8047378541243658256, 0.8047378541243658256, 1.000000000000000000 ) ) 
 REPRESENTATION_ITEM ( '' )  );
#1382 = EDGE_LOOP ( 'NONE', ( #5003, #1423, #13, #6726 ) ) ;
#1383 = DIRECTION ( 'NONE',  ( -0.000000000000000000, 1.000000000000000000, -0.000000000000000000 ) ) ;
#1384 = CARTESIAN_POINT ( 'NONE',  ( 13.22069333197112329, 5.250879958319427665, 21.83411856562591780 ) ) ;
#1385 = CARTESIAN_POINT ( 'NONE',  ( -5.337894887994158566, 4.403727938327388181, 15.48163115597334105 ) ) ;
#1386 = VERTEX_POINT ( 'NONE', #659 ) ;
#1387 = DIRECTION ( 'NONE',  ( 0.000000000000000000, 0.000000000000000000, -1.000000000000000000 ) ) ;
#1388 = CARTESIAN_POINT ( 'NONE',  ( 0.000000000000000000, 0.000000000000000000, 7.998332127999012719 ) ) ;
#1389 = EDGE_CURVE ( 'NONE', #4442, #2958, #64, .T. ) ;
#1390 = CARTESIAN_POINT ( 'NONE',  ( 2.720693331971123730, 4.040458920442575597, 19.63125577332266403 ) ) ;
#1391 = VECTOR ( 'NONE', #945, 1000.000000000000000 ) ;
#1392 = ORIENTED_EDGE ( 'NONE', *, *, #5542, .T. ) ;
#1394 = ORIENTED_EDGE ( 'NONE', *, *, #3321, .F. ) ;
#1393 = AXIS2_PLACEMENT_3D ( 'NONE', #1388, #4746, #5939 ) ;
#1395 = FACE_OUTER_BOUND ( 'NONE', #1975, .T. ) ;
#1396 = CARTESIAN_POINT ( 'NONE',  ( 1.038255222641246922, 3.445410028235291744, 20.56503429570373953 ) ) ;
#1397 = DIRECTION ( 'NONE',  ( 0.000000000000000000, 1.000000000000000000, 0.000000000000000000 ) ) ;
#1398 = AXIS2_PLACEMENT_3D ( 'NONE', #465, #2771, #5593 ) ;
#1399 = DIRECTION ( 'NONE',  ( 0.2588112339506885018, 0.9659279192470429098, 0.000000000000000000 ) ) ;
#1400 = CARTESIAN_POINT ( 'NONE',  ( 1.037821602741806126, 3.445207956239864089, 19.93251577981447298 ) ) ;
#1401 = VERTEX_POINT ( 'NONE', #6385 ) ;
#1403 = VECTOR ( 'NONE', #2077, 1000.000000000000000 ) ;
#1402 = SPHERICAL_SURFACE ( 'NONE', #1289, 1.000000000000000000 ) ;
#1404 = DIRECTION ( 'NONE',  ( 0.000000000000000000, 1.000000000000000000, 0.000000000000000000 ) ) ;
#1405 = VECTOR ( 'NONE', #3041, 1000.000000000000000 ) ;
#1406 = CARTESIAN_POINT ( 'NONE',  ( 1.519119568997589598, 4.272368171650646751, 21.21429064668322440 ) ) ;
#1407 = VERTEX_POINT ( 'NONE', #4630 ) ;
#1408 = CARTESIAN_POINT ( 'NONE',  ( 14.42226709493671777, 4.271406621222451960, 10.48648554600541338 ) ) ;
#1409 = CARTESIAN_POINT ( 'NONE',  ( 2.021704316544359337, -8.101945535577449675, 17.86039006076051905 ) ) ;
#1410 = ORIENTED_EDGE ( 'NONE', *, *, #6235, .T. ) ;
#1411 = CIRCLE ( 'NONE', #6213, 0.9000000000000000222 ) ;
#1412 = ORIENTED_EDGE ( 'NONE', *, *, #5040, .T. ) ;
#1413 = FACE_OUTER_BOUND ( 'NONE', #2435, .T. ) ;
#1414 = CIRCLE ( 'NONE', #2608, 0.9999999999999996669 ) ;
#1415 = FACE_OUTER_BOUND ( 'NONE', #251, .T. ) ;
#1416 = AXIS2_PLACEMENT_3D ( 'NONE', #1235, #3639, #4096 ) ;
#1417 = ORIENTED_EDGE ( 'NONE', *, *, #609, .F. ) ;
#1418 = CARTESIAN_POINT ( 'NONE',  ( 1.521725275909269204, 4.271831922089275757, 10.85039112044069576 ) ) ;
#1419 = ORIENTED_EDGE ( 'NONE', *, *, #4992, .T. ) ;
#1420 = CARTESIAN_POINT ( 'NONE',  ( -4.997362660599414141, 5.637515529702660899, 9.480846430188375251 ) ) ;
#1421 = DIRECTION ( 'NONE',  ( -1.000000000000000000, 0.000000000000000000, 0.000000000000000000 ) ) ;
#1422 = VECTOR ( 'NONE', #6996, 1000.000000000000000 ) ;
#1423 = ORIENTED_EDGE ( 'NONE', *, *, #5355, .T. ) ;
#1424 = LINE ( 'NONE', #4851, #3002 ) ;
#1425 = CARTESIAN_POINT ( 'NONE',  ( 21.28395385150157182, -3.875294732441104895, 24.99666425599802366 ) ) ;
#1426 = CARTESIAN_POINT ( 'NONE',  ( -0.9938685729468674790, -8.842986446978361670, 12.64829964614038715 ) ) ;
#1427 = ADVANCED_FACE ( 'NONE', ( #699, #1842 ), #5797, .F. ) ;
#1428 = ORIENTED_EDGE ( 'NONE', *, *, #6339, .F. ) ;
#1429 = ORIENTED_EDGE ( 'NONE', *, *, #952, .F. ) ;
#1430 = DIRECTION ( 'NONE',  ( 2.498001805406602216E-16, -1.000000000000000000, 0.000000000000000000 ) ) ;
#1431 = FACE_OUTER_BOUND ( 'NONE', #4795, .T. ) ;
#1432 = CARTESIAN_POINT ( 'NONE',  ( 11.78896358600237093, 3.742609536185408814, 6.998332127999012719 ) ) ;
#1433 = CARTESIAN_POINT ( 'NONE',  ( 1.583246015799837147, -8.236415657595513196, 18.03999212799901031 ) ) ;
#1434 = DIRECTION ( 'NONE',  ( 0.9798072599803949734, 0.1999443254751453181, 0.000000000000000000 ) ) ;
#1435 = AXIS2_PLACEMENT_3D ( 'NONE', #3513, #4639, #601 ) ;
#1436 = CARTESIAN_POINT ( 'NONE',  ( -0.4620593149765189200, -8.873752814197141348, 7.998332127999012719 ) ) ;
#1437 = EDGE_LOOP ( 'NONE', ( #4288, #7223, #3346, #2744 ) ) ;
#1438 = CARTESIAN_POINT ( 'NONE',  ( 14.02160077218759504, 4.188950248685741506, 22.47742557550202491 ) ) ;
#1439 = VECTOR ( 'NONE', #6605, 1000.000000000000000 ) ;
#1440 = CARTESIAN_POINT ( 'NONE',  ( 2.290026121494436850, 4.113717059055209901, 22.84766580524219037 ) ) ;
#1441 = LINE ( 'NONE', #1328, #5184 ) ;
#1442 = EDGE_LOOP ( 'NONE', ( #4854, #5105, #4614, #1709 ) ) ;
#1443 = CARTESIAN_POINT ( 'NONE',  ( 0.9582460157997623185, -7.984007349944893583, 14.66644400749641619 ) ) ;
#1444 = DIRECTION ( 'NONE',  ( -0.000000000000000000, 1.000000000000000000, -0.000000000000000000 ) ) ;
#1445 = ADVANCED_FACE ( 'NONE', ( #591 ), #3004, .F. ) ;
#1446 = ORIENTED_EDGE ( 'NONE', *, *, #3445, .F. ) ;
#1447 = ORIENTED_EDGE ( 'NONE', *, *, #4259, .F. ) ;
#1449 = EDGE_CURVE ( 'NONE', #6445, #4093, #5226, .T. ) ;
#1448 = CARTESIAN_POINT ( 'NONE',  ( 3.598414586524614212, 4.890574755642040472, 11.74952902701170210 ) ) ;
#1450 = EDGE_CURVE ( 'NONE', #7314, #1955, #2776, .T. ) ;
#1451 = CARTESIAN_POINT ( 'NONE',  ( 2.021704316544359337, -8.875294732441114220, 23.99833212799901005 ) ) ;
#1452 = AXIS2_PLACEMENT_3D ( 'NONE', #6715, #5664, #498 ) ;
#1453 = EDGE_CURVE ( 'NONE', #2592, #783, #5336, .T. ) ;
#1454 = ORIENTED_EDGE ( 'NONE', *, *, #1197, .F. ) ;
#1455 = EDGE_CURVE ( 'NONE', #6277, #5028, #3806, .T. ) ;
#1456 = VERTEX_POINT ( 'NONE', #6417 ) ;
#1457 = LINE ( 'NONE', #6189, #6921 ) ;
#1458 = ORIENTED_EDGE ( 'NONE', *, *, #3984, .T. ) ;
#1459 = AXIS2_PLACEMENT_3D ( 'NONE', #1237, #4815, #7097 ) ;
#1460 = B_SPLINE_CURVE_WITH_KNOTS ( 'NONE', 3,
 ( #6680, #4513, #1538, #5521, #503, #5076 ),
 .UNSPECIFIED., .F., .F.,
 ( 4, 2, 4 ),
 ( 0.002526233397896610316, 0.002803602335833742416, 0.003080971273770874083 ),
 .UNSPECIFIED. ) ;
#1461 = CARTESIAN_POINT ( 'NONE',  ( -0.3025607775276037414, -8.872004039688025756, 6.998332127999012719 ) ) ;
#1462 = DIRECTION ( 'NONE',  ( -0.000000000000000000, 1.000000000000000000, -0.000000000000000000 ) ) ;
#1463 = VECTOR ( 'NONE', #5146, 1000.000000000000000 ) ;
#1464 = EDGE_LOOP ( 'NONE', ( #4653, #6539, #475, #1371 ) ) ;
#1465 = CYLINDRICAL_SURFACE ( 'NONE', #2718, 1.000000000000000888 ) ;
#1466 = CARTESIAN_POINT ( 'NONE',  ( 12.21126869353797950, 4.835404589871780345, 20.24837654089006378 ) ) ;
#1467 = ORIENTED_EDGE ( 'NONE', *, *, #693, .F. ) ;
#1468 = VERTEX_POINT ( 'NONE', #4066 ) ;
#1469 = CARTESIAN_POINT ( 'NONE',  ( -4.337894887994159454, 4.456773848707517693, 21.74666425599802366 ) ) ;
#1470 = DIRECTION ( 'NONE',  ( 0.000000000000000000, 0.000000000000000000, -1.000000000000000000 ) ) ;
#1471 = B_SPLINE_CURVE_WITH_KNOTS ( 'NONE', 3,
 ( #2250, #6272, #4998, #7283, #2142 ),
 .UNSPECIFIED., .F., .F.,
 ( 4, 1, 4 ),
 ( 0.000000000000000000, 0.3777526420860334855, 1.000000000000000000 ),
 .UNSPECIFIED. ) ;
#1472 = DIRECTION ( 'NONE',  ( 0.000000000000000000, 0.000000000000000000, -1.000000000000000000 ) ) ;
#1473 = CARTESIAN_POINT ( 'NONE',  ( 2.021704316544359337, -8.101945535577449675, 15.02706006076052070 ) ) ;
#1474 = B_SPLINE_CURVE_WITH_KNOTS ( 'NONE', 3,
 ( #6540, #5234, #1886, #5569, #7253, #6057 ),
 .UNSPECIFIED., .F., .F.,
 ( 4, 2, 4 ),
 ( 0.000000000000000000, 0.0003859538117468454916, 0.0007719076234936909833 ),
 .UNSPECIFIED. ) ;
#1475 = CARTESIAN_POINT ( 'NONE',  ( -4.829193988312216135, -6.096846978685412921, 15.48165790417297494 ) ) ;
#1476 = CARTESIAN_POINT ( 'NONE',  ( 20.08238008852802992, 5.436247185802859150, 23.99833212799901005 ) ) ;
#1477 = ORIENTED_EDGE ( 'NONE', *, *, #4259, .T. ) ;
#1478 = CARTESIAN_POINT ( 'NONE',  ( -4.136321125020615774, 5.436247185802859150, 9.250000000000000000 ) ) ;
#1479 = CARTESIAN_POINT ( 'NONE',  ( 4.410365631536280695, 6.229747284365624083, 23.99833212799901005 ) ) ;
#1480 = CARTESIAN_POINT ( 'NONE',  ( 3.720693331971123730, 11.72974728436562408, 22.24833212799901361 ) ) ;
#1481 = EDGE_LOOP ( 'NONE', ( #310, #3975, #6662, #5575, #1147, #4220 ) ) ;
#1482 = CARTESIAN_POINT ( 'NONE',  ( -5.330428383661446112, 4.393118539265072009, 13.68166212799901338 ) ) ;
#1483 = DIRECTION ( 'NONE',  ( 0.000000000000000000, -9.540979117872431131E-15, 1.000000000000000000 ) ) ;
#1484 = EDGE_CURVE ( 'NONE', #1036, #1715, #4668, .T. ) ;
#1485 = VERTEX_POINT ( 'NONE', #6953 ) ;
#1486 = EDGE_CURVE ( 'NONE', #4946, #494, #1236, .T. ) ;
#1487 = ORIENTED_EDGE ( 'NONE', *, *, #929, .T. ) ;
#1488 = DIRECTION ( 'NONE',  ( 0.000000000000000000, 0.000000000000000000, 1.000000000000000000 ) ) ;
#1489 = B_SPLINE_CURVE_WITH_KNOTS ( 'NONE', 3,
 ( #7303, #1667, #4533, #1740, #3436, #1210 ),
 .UNSPECIFIED., .F., .F.,
 ( 4, 2, 4 ),
 ( 0.002535073272971945495, 0.002786593946710812144, 0.003038114620449678793 ),
 .UNSPECIFIED. ) ;
#1490 = DIRECTION ( 'NONE',  ( -0.2015737629735344649, -0.9794733370953438989, 0.000000000000000000 ) ) ;
#1491 = AXIS2_PLACEMENT_3D ( 'NONE', #2271, #1706, #2870 ) ;
#1492 = ORIENTED_EDGE ( 'NONE', *, *, #1623, .T. ) ;
#1493 = EDGE_LOOP ( 'NONE', ( #4397, #3187, #2960, #7046 ) ) ;
#1494 = CARTESIAN_POINT ( 'NONE',  ( -12.40663181555144767, -13.37191528868327772, 22.74666425599802366 ) ) ;
#1495 = EDGE_CURVE ( 'NONE', #4810, #4589, #737, .T. ) ;
#1496 = VECTOR ( 'NONE', #3953, 1000.000000000000000 ) ;
#1497 = EDGE_CURVE ( 'NONE', #2467, #4262, #4174, .T. ) ;
#1498 = ORIENTED_EDGE ( 'NONE', *, *, #3868, .T. ) ;
#1499 = DIRECTION ( 'NONE',  ( 0.000000000000000000, 2.365532012695645428E-15, 1.000000000000000000 ) ) ;
#1500 = CARTESIAN_POINT ( 'NONE',  ( 15.57153635071808928, -8.872004039688027532, 24.99833212799901361 ) ) ;
#1501 = CARTESIAN_POINT ( 'NONE',  ( -0.3354060535670046472, -8.875294732441114220, 19.34836428301720090 ) ) ;
#1502 = ORIENTED_EDGE ( 'NONE', *, *, #2828, .T. ) ;
#1503 = CARTESIAN_POINT ( 'NONE',  ( -17.67643277480201647, -13.37061935686017655, 6.999999999999999112 ) ) ;
#1504 = AXIS2_PLACEMENT_3D ( 'NONE', #145, #1351, #6422 ) ;
#1505 = CARTESIAN_POINT ( 'NONE',  ( 12.83090693374094293, 5.090445349083115190, 20.44522545870038499 ) ) ;
#1506 = VERTEX_POINT ( 'NONE', #5268 ) ;
#1507 = VERTEX_POINT ( 'NONE', #175 ) ;
#1508 = FACE_OUTER_BOUND ( 'NONE', #1226, .T. ) ;
#1509 = CARTESIAN_POINT ( 'NONE',  ( 2.036631926890818178, 3.296651896735201870, 16.98479889743371984 ) ) ;
#1510 = FACE_OUTER_BOUND ( 'NONE', #2629, .T. ) ;
#1511 = EDGE_CURVE ( 'NONE', #2985, #783, #102, .T. ) ;
#1512 = CARTESIAN_POINT ( 'NONE',  ( -12.40663181555144767, -13.37191528868327772, 6.999999999999999112 ) ) ;
#1513 = AXIS2_PLACEMENT_3D ( 'NONE', #1174, #1703, #3397 ) ;
#1514 = CARTESIAN_POINT ( 'NONE',  ( -5.330428383661447889, 4.393118539265072009, 20.24832212799901399 ) ) ;
#1515 = EDGE_CURVE ( 'NONE', #5906, #5165, #7059, .T. ) ;
#1516 = CARTESIAN_POINT ( 'NONE',  ( 3.339784641039740265, 4.481369981519880419, 20.19355125399736295 ) ) ;
#1517 = ORIENTED_EDGE ( 'NONE', *, *, #7237, .F. ) ;
#1518 = CARTESIAN_POINT ( 'NONE',  ( 1.774529420815926795, 4.219805306504963660, 20.23552954950233485 ) ) ;
#1519 = CARTESIAN_POINT ( 'NONE',  ( -5.330428383661446112, 4.393118539265072009, 11.74833212799901183 ) ) ;
#1520 = AXIS2_PLACEMENT_3D ( 'NONE', #3910, #2670, #5082 ) ;
#1521 = DIRECTION ( 'NONE',  ( -0.000000000000000000, -0.000000000000000000, -1.000000000000000000 ) ) ;
#1522 = ORIENTED_EDGE ( 'NONE', *, *, #1515, .F. ) ;
#1523 = FACE_OUTER_BOUND ( 'NONE', #4972, .T. ) ;
#1524 = CARTESIAN_POINT ( 'NONE',  ( 1.083725061773643139, 3.466226663040250511, 14.19749719646720187 ) ) ;
#1525 = ORIENTED_EDGE ( 'NONE', *, *, #3561, .F. ) ;
#1526 = VECTOR ( 'NONE', #5998, 1000.000000000000000 ) ;
#1527 = ORIENTED_EDGE ( 'NONE', *, *, #4563, .F. ) ;
#1528 = CYLINDRICAL_SURFACE ( 'NONE', #6216, 1.000000000000000444 ) ;
#1529 = AXIS2_PLACEMENT_3D ( 'NONE', #856, #6084, #7129 ) ;
#1530 = FACE_OUTER_BOUND ( 'NONE', #5560, .T. ) ;
#1531 = EDGE_CURVE ( 'NONE', #5750, #1955, #5934, .T. ) ;
#1532 = CARTESIAN_POINT ( 'NONE',  ( -4.429940630196674611, 5.455246975022080669, 18.31269692428736562 ) ) ;
#1533 = ORIENTED_EDGE ( 'NONE', *, *, #5540, .T. ) ;
#1534 = VERTEX_POINT ( 'NONE', #4286 ) ;
#1535 = DIRECTION ( 'NONE',  ( 0.000000000000000000, -1.000000000000000000, 0.000000000000000000 ) ) ;
#1536 = ORIENTED_EDGE ( 'NONE', *, *, #14, .T. ) ;
#1537 = AXIS2_PLACEMENT_3D ( 'NONE', #7030, #4145, #4263 ) ;
#1538 = CARTESIAN_POINT ( 'NONE',  ( 1.762280412935443463, 3.477989781646235734, 20.85278571321913077 ) ) ;
#1539 = FACE_OUTER_BOUND ( 'NONE', #1595, .T. ) ;
#1540 = CYLINDRICAL_SURFACE ( 'NONE', #1767, 0.6250000000000005551 ) ;
#1541 = AXIS2_PLACEMENT_3D ( 'NONE', #1205, #4716, #4749 ) ;
#1542 = VECTOR ( 'NONE', #5473, 1000.000000000000000 ) ;
#1543 = ORIENTED_EDGE ( 'NONE', *, *, #6553, .T. ) ;
#1544 = FACE_BOUND ( 'NONE', #6269, .T. ) ;
#1545 = DIRECTION ( 'NONE',  ( -1.000000000000000000, 0.000000000000000000, 0.000000000000000000 ) ) ;
#1546 = ORIENTED_EDGE ( 'NONE', *, *, #2783, .F. ) ;
#1547 = EDGE_CURVE ( 'NONE', #4143, #4208, #1951, .T. ) ;
#1548 = CARTESIAN_POINT ( 'NONE',  ( 11.78896358600237093, 3.742609536185408814, 24.99833212799901361 ) ) ;
#1549 = EDGE_CURVE ( 'NONE', #5360, #1507, #4169, .T. ) ;
#1550 = DIRECTION ( 'NONE',  ( 0.000000000000000000, 0.000000000000000000, 1.000000000000000000 ) ) ;
#1551 = DIRECTION ( 'NONE',  ( 1.000000000000000000, 7.375108878104640636E-16, -0.000000000000000000 ) ) ;
#1552 = EDGE_CURVE ( 'NONE', #19, #4831, #1585, .T. ) ;
#1553 = CARTESIAN_POINT ( 'NONE',  ( 1.583246015799837147, -8.236415657595513196, 15.20666212799901373 ) ) ;
#1554 = CARTESIAN_POINT ( 'NONE',  ( -4.128854620687912202, 5.372591876360418794, 20.24832212799901399 ) ) ;
#1555 = PLANE ( 'NONE',  #5610 ) ;
#1556 = EDGE_CURVE ( 'NONE', #4203, #1376, #4772, .T. ) ;
#1557 = ORIENTED_EDGE ( 'NONE', *, *, #1607, .T. ) ;
#1558 = CARTESIAN_POINT ( 'NONE',  ( 3.262870491117143334, 3.913507525068320447, 20.32658413730430524 ) ) ;
#1559 = FILL_AREA_STYLE_COLOUR ( '', #2830 ) ;
#1560 = VECTOR ( 'NONE', #5734, 1000.000000000000114 ) ;
#1561 = CYLINDRICAL_SURFACE ( 'NONE', #4830, 1.000000000000000888 ) ;
#1562 = VERTEX_POINT ( 'NONE', #1983 ) ;
#1563 = EDGE_CURVE ( 'NONE', #3971, #2765, #3681, .T. ) ;
#1564 = CARTESIAN_POINT ( 'NONE',  ( -2.098089785723465717, -8.558080166329160576, 13.68167900135117598 ) ) ;
#1565 = CARTESIAN_POINT ( 'NONE',  ( -17.22255376510845792, -14.55036574546608108, 9.250000000000000000 ) ) ;
#1566 = ORIENTED_EDGE ( 'NONE', *, *, #5832, .T. ) ;
#1567 = AXIS2_PLACEMENT_3D ( 'NONE', #1337, #278, #2509 ) ;
#1568 = ORIENTED_EDGE ( 'NONE', *, *, #6134, .F. ) ;
#1569 = FACE_OUTER_BOUND ( 'NONE', #2211, .T. ) ;
#1570 = DIRECTION ( 'NONE',  ( 2.498001805406602216E-16, -1.000000000000000000, 0.000000000000000000 ) ) ;
#1571 = LINE ( 'NONE', #6186, #1327 ) ;
#1572 = ORIENTED_EDGE ( 'NONE', *, *, #3376, .F. ) ;
#1573 = ORIENTED_EDGE ( 'NONE', *, *, #5553, .F. ) ;
#1574 = DIRECTION ( 'NONE',  ( 1.000000000000000000, 0.000000000000000000, 0.000000000000000000 ) ) ;
#1575 = ORIENTED_EDGE ( 'NONE', *, *, #5129, .T. ) ;
#1576 = PLANE ( 'NONE',  #2374 ) ;
#1577 = DIRECTION ( 'NONE',  ( -0.000000000000000000, 0.000000000000000000, -1.000000000000000000 ) ) ;
#1578 = DIRECTION ( 'NONE',  ( 2.498001805406602216E-16, -1.000000000000000000, 0.000000000000000000 ) ) ;
#1579 = VERTEX_POINT ( 'NONE', #4328 ) ;
#1580 = AXIS2_PLACEMENT_3D ( 'NONE', #1347, #739, #3641 ) ;
#1581 = DIRECTION ( 'NONE',  ( 0.000000000000000000, 0.000000000000000000, -1.000000000000000000 ) ) ;
#1582 = CARTESIAN_POINT ( 'NONE',  ( 4.108004987075973169, 4.760537278722609678, 22.24833212799901361 ) ) ;
#1583 = VECTOR ( 'NONE', #2049, 1000.000000000000114 ) ;
#1584 = ORIENTED_EDGE ( 'NONE', *, *, #4737, .F. ) ;
#1585 =( BOUNDED_CURVE ( )  B_SPLINE_CURVE ( 3, ( #4848, #3787, #1384, #1915 ),
 .UNSPECIFIED., .F., .F. ) 
 B_SPLINE_CURVE_WITH_KNOTS ( ( 4, 4 ),
 ( 1.570796326794897224, 3.141592653589793116 ),
 .UNSPECIFIED. ) 
 CURVE ( )  GEOMETRIC_REPRESENTATION_ITEM ( )  RATIONAL_B_SPLINE_CURVE ( ( 1.000000000000000000, 0.8047378541243652705, 0.8047378541243652705, 1.000000000000000000 ) ) 
 REPRESENTATION_ITEM ( '' )  );
#1586 = CARTESIAN_POINT ( 'NONE',  ( -5.330428383661447889, 4.393118539265072009, 20.24832212799901399 ) ) ;
#1587 = DIRECTION ( 'NONE',  ( -0.000000000000000000, -0.000000000000000000, -1.000000000000000000 ) ) ;
#1588 = CYLINDRICAL_SURFACE ( 'NONE', #7184, 0.9000000000000000222 ) ;
#1589 = CARTESIAN_POINT ( 'NONE',  ( 1.965265365766823757, -8.133587697359429214, 15.08261965058684062 ) ) ;
#1590 = EDGE_CURVE ( 'NONE', #5433, #4203, #2486, .T. ) ;
#1591 = CARTESIAN_POINT ( 'NONE',  ( 2.720693331971122841, 12.72974728436562231, 10.74833212799901361 ) ) ;
#1592 = CARTESIAN_POINT ( 'NONE',  ( 12.60010303824934041, 4.479997620741732689, 11.80356315129113476 ) ) ;
#1593 = EDGE_CURVE ( 'NONE', #7323, #1679, #7072, .T. ) ;
#1594 = EDGE_CURVE ( 'NONE', #2609, #3718, #5614, .T. ) ;
#1595 = EDGE_LOOP ( 'NONE', ( #1918, #4549, #6890, #6852, #1946, #3939, #5816 ) ) ;
#1596 = CARTESIAN_POINT ( 'NONE',  ( 2.962890038324371034, 3.975242935719903503, 20.56083449990435952 ) ) ;
#1597 = CARTESIAN_POINT ( 'NONE',  ( -4.282710726335266394, 5.457960999510000910, 21.14608882227917164 ) ) ;
#1598 = CARTESIAN_POINT ( 'NONE',  ( -0.3378948879941183758, -8.875294732441114220, 23.99833212799901005 ) ) ;
#1599 = ORIENTED_EDGE ( 'NONE', *, *, #700, .T. ) ;
#1600 = CARTESIAN_POINT ( 'NONE',  ( 12.22069333197112151, 11.72974728436562408, 10.74833212799901361 ) ) ;
#1601 = CARTESIAN_POINT ( 'NONE',  ( 2.720693331971123730, 3.729747284365623194, 19.14833212799901574 ) ) ;
#1602 = ORIENTED_EDGE ( 'NONE', *, *, #7139, .F. ) ;
#1603 = ORIENTED_EDGE ( 'NONE', *, *, #5728, .T. ) ;
#1604 = CARTESIAN_POINT ( 'NONE',  ( 4.410365631536292241, 3.729747284365623194, 23.99833212799901005 ) ) ;
#1605 = CARTESIAN_POINT ( 'NONE',  ( 14.42226709494465808, 4.271406621224085320, 21.24833212799901361 ) ) ;
#1606 = CARTESIAN_POINT ( 'NONE',  ( -4.719215676914301660, 5.392884190626651808, 18.31281762216595510 ) ) ;
#1607 = EDGE_CURVE ( 'NONE', #5173, #4021, #325, .T. ) ;
#1608 = ORIENTED_EDGE ( 'NONE', *, *, #2631, .F. ) ;
#1609 = EDGE_LOOP ( 'NONE', ( #2422, #6155, #4370 ) ) ;
#1610 = CARTESIAN_POINT ( 'NONE',  ( 0.9760982891701158737, -7.996643645148536095, 20.07858061772878244 ) ) ;
#1611 = ORIENTED_EDGE ( 'NONE', *, *, #3853, .T. ) ;
#1612 = AXIS2_PLACEMENT_3D ( 'NONE', #4042, #638, #2913 ) ;
#1613 = CARTESIAN_POINT ( 'NONE',  ( 1.674890344502793837, 3.517028957506929121, 18.03999212800090035 ) ) ;
#1614 = CARTESIAN_POINT ( 'NONE',  ( 1.583246015799837147, -12.57799432079165314, 11.74833212799901183 ) ) ;
#1615 = ORIENTED_EDGE ( 'NONE', *, *, #2457, .T. ) ;
#1616 = ORIENTED_EDGE ( 'NONE', *, *, #3108, .T. ) ;
#1617 = LINE ( 'NONE', #6760, #1990 ) ;
#1618 = DIRECTION ( 'NONE',  ( 0.000000000000000000, 0.000000000000000000, -1.000000000000000000 ) ) ;
#1619 = ORIENTED_EDGE ( 'NONE', *, *, #5358, .F. ) ;
#1620 = CARTESIAN_POINT ( 'NONE',  ( 1.751785773140522862, -8.218418253747351798, 13.97452023071154237 ) ) ;
#1621 = CARTESIAN_POINT ( 'NONE',  ( -5.337894887994158566, -3.878198939378064480, 19.34835310002468844 ) ) ;
#1622 = CARTESIAN_POINT ( 'NONE',  ( 2.021704316544359337, -8.101945535577449675, 20.69372006076051917 ) ) ;
#1623 = EDGE_CURVE ( 'NONE', #957, #4093, #6804, .T. ) ;
#1624 = CARTESIAN_POINT ( 'NONE',  ( 0.9752219684006927514, 3.415585595647539829, 17.24907589100660843 ) ) ;
#1625 = CARTESIAN_POINT ( 'NONE',  ( 27.02373522356765179, -1.718752814197137102, 9.250000000000000000 ) ) ;
#1626 = EDGE_CURVE ( 'NONE', #6863, #3325, #3216, .T. ) ;
#1627 = CARTESIAN_POINT ( 'NONE',  ( 2.720693331971123730, 4.184853523558589750, 20.03946176911312094 ) ) ;
#1628 = CARTESIAN_POINT ( 'NONE',  ( 12.83524005572262716, 5.092228845724084962, 22.04799896662060732 ) ) ;
#1629 = CARTESIAN_POINT ( 'NONE',  ( -4.429940630196675500, 5.455246975022080669, 21.14602692428736219 ) ) ;
#1630 = LINE ( 'NONE', #3, #342 ) ;
#1631 = DIRECTION ( 'NONE',  ( 0.000000000000000000, 0.000000000000000000, -1.000000000000000000 ) ) ;
#1632 = CARTESIAN_POINT ( 'NONE',  ( 2.720693331971122841, 4.829747284365623727, 11.74833212799901183 ) ) ;
#1633 = CARTESIAN_POINT ( 'NONE',  ( 3.906431224102437927, 3.781063941627265113, 23.24833212799901361 ) ) ;
#1634 = DIRECTION ( 'NONE',  ( 1.000000000000000000, 9.714451465470117757E-16, 0.000000000000000000 ) ) ;
#1635 = EDGE_LOOP ( 'NONE', ( #695, #986, #3153, #3222, #4993, #1905 ) ) ;
#1636 = EDGE_LOOP ( 'NONE', ( #98, #1185, #3642, #7326 ) ) ;
#1637 = DIRECTION ( 'NONE',  ( -1.000000000000000000, 0.000000000000000000, 0.000000000000000000 ) ) ;
#1638 = AXIS2_PLACEMENT_3D ( 'NONE', #1880, #7026, #4852 ) ;
#1639 = DIRECTION ( 'NONE',  ( 0.000000000000000000, -1.000000000000000000, 0.000000000000000000 ) ) ;
#1640 = LINE ( 'NONE', #3293, #3739 ) ;
#1641 = ORIENTED_EDGE ( 'NONE', *, *, #4873, .T. ) ;
#1642 = AXIS2_PLACEMENT_3D ( 'NONE', #1037, #3296, #6080 ) ;
#1643 = VERTEX_POINT ( 'NONE', #6496 ) ;
#1644 = CARTESIAN_POINT ( 'NONE',  ( 12.22069333197112151, 4.839283735452746704, 9.748332127999011831 ) ) ;
#1645 = EDGE_LOOP ( 'NONE', ( #2135, #6072, #4584, #685 ) ) ;
#1646 = ORIENTED_EDGE ( 'NONE', *, *, #3935, .T. ) ;
#1647 = FACE_OUTER_BOUND ( 'NONE', #3741, .T. ) ;
#1648 = AXIS2_PLACEMENT_3D ( 'NONE', #121, #6474, #3547 ) ;
#1649 = CYLINDRICAL_SURFACE ( 'NONE', #3691, 0.6250000000000005551 ) ;
#1650 = VERTEX_POINT ( 'NONE', #3078 ) ;
#1651 = ORIENTED_EDGE ( 'NONE', *, *, #1531, .T. ) ;
#1652 = CIRCLE ( 'NONE', #5769, 0.8999999999999998002 ) ;
#1653 = DIRECTION ( 'NONE',  ( -0.2015737629735351311, 0.9794733370953438989, 0.000000000000000000 ) ) ;
#1654 = CARTESIAN_POINT ( 'NONE',  ( 13.22069333197956098, 4.024125010057988838, 21.15003379719858145 ) ) ;
#1655 = CIRCLE ( 'NONE', #5859, 5.000000000000011546 ) ;
#1656 = DIRECTION ( 'NONE',  ( -0.9794733370953438989, 0.2015737629735347147, 0.000000000000000000 ) ) ;
#1657 = DIRECTION ( 'NONE',  ( -0.000000000000000000, -0.000000000000000000, 1.000000000000000000 ) ) ;
#1658 = AXIS2_PLACEMENT_3D ( 'NONE', #9, #3405, #4644 ) ;
#1659 = CARTESIAN_POINT ( 'NONE',  ( 14.42226709494465631, 4.271406621224086209, 10.74833212799901361 ) ) ;
#1660 = CIRCLE ( 'NONE', #1780, 1.000000000000000888 ) ;
#1661 = CARTESIAN_POINT ( 'NONE',  ( 2.021704316544359337, -8.875294732441114220, 23.99833212799901005 ) ) ;
#1662 = EDGE_CURVE ( 'NONE', #4363, #6604, #160, .T. ) ;
#1663 = CARTESIAN_POINT ( 'NONE',  ( 12.31035776463642151, 4.760323476346778548, 11.75037569696068296 ) ) ;
#1664 = PLANE ( 'NONE',  #4060 ) ;
#1665 = CARTESIAN_POINT ( 'NONE',  ( -4.136321125020615774, 5.436247185802859150, 6.998332127999012719 ) ) ;
#1666 = DIRECTION ( 'NONE',  ( -0.2015737629735344649, -0.9794733370953438989, 0.000000000000000000 ) ) ;
#1667 = CARTESIAN_POINT ( 'NONE',  ( 1.668678671221236920, -8.236415657595530959, 19.62332212799898912 ) ) ;
#1668 = VERTEX_POINT ( 'NONE', #1345 ) ;
#1669 = AXIS2_PLACEMENT_3D ( 'NONE', #6169, #6095, #2153 ) ;
#1670 = CARTESIAN_POINT ( 'NONE',  ( -2.543778988445350997, -8.873752814197139571, 22.59776971163114823 ) ) ;
#1671 = DIRECTION ( 'NONE',  ( -0.000000000000000000, -0.000000000000000000, -1.000000000000000000 ) ) ;
#1672 = VERTEX_POINT ( 'NONE', #6614 ) ;
#1673 = ORIENTED_EDGE ( 'NONE', *, *, #5316, .T. ) ;
#1674 = CARTESIAN_POINT ( 'NONE',  ( 2.217642867853896416, 4.176207786254180654, 20.19277353789187046 ) ) ;
#1675 = CARTESIAN_POINT ( 'NONE',  ( 2.036631926890818178, 3.296651896735201870, 11.31813889743372137 ) ) ;
#1676 = DIRECTION ( 'NONE',  ( -1.000000000000000000, 0.000000000000000000, 0.000000000000000000 ) ) ;
#1677 = ORIENTED_EDGE ( 'NONE', *, *, #399, .T. ) ;
#1678 = EDGE_CURVE ( 'NONE', #3325, #7310, #6051, .T. ) ;
#1679 = VERTEX_POINT ( 'NONE', #5375 ) ;
#1680 = DIRECTION ( 'NONE',  ( 0.000000000000000000, 1.000000000000000000, -0.000000000000000000 ) ) ;
#1681 = AXIS2_PLACEMENT_3D ( 'NONE', #2270, #566, #2342 ) ;
#1682 = ADVANCED_FACE ( 'NONE', ( #2552 ), #4814, .T. ) ;
#1683 = ADVANCED_FACE ( 'NONE', ( #3721 ), #434, .F. ) ;
#1684 = ORIENTED_EDGE ( 'NONE', *, *, #3056, .T. ) ;
#1685 = ORIENTED_EDGE ( 'NONE', *, *, #1594, .T. ) ;
#1687 = EDGE_CURVE ( 'NONE', #3633, #3105, #2129, .T. ) ;
#1686 = DIRECTION ( 'NONE',  ( -0.2015737629735342984, -0.9794733370953438989, 0.000000000000000000 ) ) ;
#1688 = DIRECTION ( 'NONE',  ( 0.000000000000000000, 0.000000000000000000, 1.000000000000000000 ) ) ;
#1689 = EDGE_CURVE ( 'NONE', #2428, #1468, #1471, .T. ) ;
#1690 = ORIENTED_EDGE ( 'NONE', *, *, #2180, .F. ) ;
#1691 = ORIENTED_EDGE ( 'NONE', *, *, #4905, .F. ) ;
#1692 = CARTESIAN_POINT ( 'NONE',  ( 2.921026493349704101, 5.169385136207687914, 10.13378540424733565 ) ) ;
#1693 = CARTESIAN_POINT ( 'NONE',  ( -4.136321125020613998, 5.436247185802858262, 18.31292015647041183 ) ) ;
#1694 = CARTESIAN_POINT ( 'NONE',  ( -5.304756162198488667, 4.752221623441767129, 12.64793876716395005 ) ) ;
#1695 = CARTESIAN_POINT ( 'NONE',  ( 4.410365631536291353, 3.729747284365623194, 23.99833212799901005 ) ) ;
#1696 = CIRCLE ( 'NONE', #6139, 16.18099892769363990 ) ;
#1697 = CARTESIAN_POINT ( 'NONE',  ( -4.330428383661447000, 4.393118539265072897, 14.58166212799901373 ) ) ;
#1698 = CARTESIAN_POINT ( 'NONE',  ( -0.5224175244585812505, -8.873752814197143124, 10.18874548431356075 ) ) ;
#1699 = DIRECTION ( 'NONE',  ( -0.9794733370953440099, 0.2015737629735344927, 0.000000000000000000 ) ) ;
#1700 = CARTESIAN_POINT ( 'NONE',  ( 12.23583365360830832, 4.829747284365629056, 11.74833212799901183 ) ) ;
#1701 = VECTOR ( 'NONE', #2607, 1000.000000000000000 ) ;
#1702 = CARTESIAN_POINT ( 'NONE',  ( 12.42226709494465631, 3.859810398357402583, 22.24833212799901361 ) ) ;
#1703 = DIRECTION ( 'NONE',  ( 1.000000000000000000, -0.000000000000000000, 0.000000000000000000 ) ) ;
#1704 = CARTESIAN_POINT ( 'NONE',  ( -4.282425263320524422, 5.466315141537596567, 16.51725660047181066 ) ) ;
#1705 = CARTESIAN_POINT ( 'NONE',  ( 0.9761408625112251158, -7.996667119020861136, 11.91797741618048967 ) ) ;
#1706 = DIRECTION ( 'NONE',  ( -0.000000000000000000, -0.000000000000000000, -1.000000000000000000 ) ) ;
#1707 = CARTESIAN_POINT ( 'NONE',  ( -5.337894887994158566, 4.456773848707507923, 13.68171200983965896 ) ) ;
#1708 = DIRECTION ( 'NONE',  ( -9.637352644315596722E-16, 1.000000000000000000, 0.000000000000000000 ) ) ;
#1709 = ORIENTED_EDGE ( 'NONE', *, *, #6516, .T. ) ;
#1710 = CARTESIAN_POINT ( 'NONE',  ( 4.157095377505041434, 3.742609536185408370, 24.99833212799901361 ) ) ;
#1711 = CIRCLE ( 'NONE', #5317, 0.6250000000000005551 ) ;
#1712 = DIRECTION ( 'NONE',  ( -0.000000000000000000, -0.000000000000000000, -1.000000000000000000 ) ) ;
#1713 = CARTESIAN_POINT ( 'NONE',  ( -5.337894887994158566, -3.875294732441077805, 19.34835310002468844 ) ) ;
#1714 = ADVANCED_FACE ( 'NONE', ( #2851 ), #1540, .F. ) ;
#1715 = VERTEX_POINT ( 'NONE', #3416 ) ;
#1716 = ORIENTED_EDGE ( 'NONE', *, *, #2160, .T. ) ;
#1717 = CARTESIAN_POINT ( 'NONE',  ( 12.42226709494465631, 3.859810398357402583, 9.748332127999011831 ) ) ;
#1718 = ADVANCED_FACE ( 'NONE', ( #6756 ), #6724, .T. ) ;
#1719 = ORIENTED_EDGE ( 'NONE', *, *, #2235, .T. ) ;
#1720 = ORIENTED_EDGE ( 'NONE', *, *, #4665, .T. ) ;
#1721 = CARTESIAN_POINT ( 'NONE',  ( 3.720693331971123285, 11.72974728436562408, 10.74833212799901361 ) ) ;
#1722 = CARTESIAN_POINT ( 'NONE',  ( -17.22255376510846503, 11.11286011707180243, 22.74666425599802366 ) ) ;
#1723 = EDGE_CURVE ( 'NONE', #1279, #991, #2816, .T. ) ;
#1724 = VERTEX_POINT ( 'NONE', #540 ) ;
#1725 = ORIENTED_EDGE ( 'NONE', *, *, #2369, .F. ) ;
#1726 = DIRECTION ( 'NONE',  ( -0.000000000000000000, -0.000000000000000000, -1.000000000000000000 ) ) ;
#1727 = CARTESIAN_POINT ( 'NONE',  ( 13.22069333197112329, 5.250879958317716145, 21.11662272488234748 ) ) ;
#1728 = B_SPLINE_CURVE_WITH_KNOTS ( 'NONE', 3,
 ( #5037, #1613, #7357, #1153, #4657, #5255 ),
 .UNSPECIFIED., .F., .F.,
 ( 4, 2, 4 ),
 ( 0.002526233397896600341, 0.002803602335833730273, 0.003080971273770860639 ),
 .UNSPECIFIED. ) ;
#1729 = CARTESIAN_POINT ( 'NONE',  ( 1.583246015799828044, -8.236415657594555739, 13.95666212799901196 ) ) ;
#1730 = DIRECTION ( 'NONE',  ( -0.000000000000000000, 1.000000000000000000, -0.000000000000000000 ) ) ;
#1731 = VECTOR ( 'NONE', #4192, 1000.000000000000000 ) ;
#1732 = CARTESIAN_POINT ( 'NONE',  ( 1.583246015799836259, 3.535889187275713219, 16.78999212799901031 ) ) ;
#1733 = CARTESIAN_POINT ( 'NONE',  ( -1.953089181917821548, -8.618377264427520501, 15.48164340622448165 ) ) ;
#1734 = DIRECTION ( 'NONE',  ( 1.000000000000000000, 9.714451465470117757E-16, 0.000000000000000000 ) ) ;
#1735 = CARTESIAN_POINT ( 'NONE',  ( 1.583246015787041383, 3.535889187281870516, 20.87332212800530584 ) ) ;
#1736 = CIRCLE ( 'NONE', #6654, 0.9000000000000000222 ) ;
#1737 = CARTESIAN_POINT ( 'NONE',  ( -4.129744134739638639, 5.434893653624119025, 10.85039543394939088 ) ) ;
#1738 = EDGE_CURVE ( 'NONE', #7154, #7421, #4895, .T. ) ;
#1739 = CARTESIAN_POINT ( 'NONE',  ( -4.136321125020615774, 5.436247185802859150, 6.998332127999012719 ) ) ;
#1740 = CARTESIAN_POINT ( 'NONE',  ( 1.899295661110433686, -8.166727367320564923, 19.70321704185017353 ) ) ;
#1741 = EDGE_LOOP ( 'NONE', ( #2848, #1458, #2108, #7232 ) ) ;
#1742 = CARTESIAN_POINT ( 'NONE',  ( 1.265634459074676643, -8.166039084895123423, 14.03744150145245939 ) ) ;
#1743 = CARTESIAN_POINT ( 'NONE',  ( -4.849966951078676480, 5.318873863349820930, 10.85026776458610698 ) ) ;
#1744 = CIRCLE ( 'NONE', #3065, 0.9999999999999997780 ) ;
#1745 = B_SPLINE_CURVE_WITH_KNOTS ( 'NONE', 3,
 ( #2602, #4340, #2115, #2195, #4491, #6626, #7298, #1475, #4412, #6700, #6135, #2716, #2155, #5724, #7403, #1733, #3504, #5688, #554, #1769 ),
 .UNSPECIFIED., .F., .F.,
 ( 4, 2, 2, 2, 2, 2, 2, 2, 2, 4 ),
 ( 9.858096285126655911E-08, 0.0009753616761650881145, 0.001462993223766206408, 0.001950624771367324810, 0.002925887866569562481, 0.003901150961771800152, 0.004876414056974038257, 0.005851677152176275494, 0.006826940247378514466, 0.007802203342580752571 ),
 .UNSPECIFIED. ) ;
#1746 = ORIENTED_EDGE ( 'NONE', *, *, #6638, .F. ) ;
#1747 = CARTESIAN_POINT ( 'NONE',  ( 20.28395385150156827, 4.456773848707512364, 6.999999999999999112 ) ) ;
#1748 = DIRECTION ( 'NONE',  ( 0.000000000000000000, -1.000000000000000000, 0.000000000000000000 ) ) ;
#1749 = CARTESIAN_POINT ( 'NONE',  ( 15.57106778315772821, -8.873752814197141348, 24.99666425599802366 ) ) ;
#1750 = ORIENTED_EDGE ( 'NONE', *, *, #4775, .T. ) ;
#1751 = PRESENTATION_LAYER_ASSIGNMENT (  '', '', ( #1148 ) ) ;
#1752 = ORIENTED_EDGE ( 'NONE', *, *, #6173, .F. ) ;
#1753 = CARTESIAN_POINT ( 'NONE',  ( 12.94576287338952270, 3.967544840904682513, 8.800386778691340339 ) ) ;
#1754 = ORIENTED_EDGE ( 'NONE', *, *, #5001, .F. ) ;
#1755 = ORIENTED_EDGE ( 'NONE', *, *, #2597, .F. ) ;
#1756 = CARTESIAN_POINT ( 'NONE',  ( -5.337894887994158566, -3.875294732441077805, 12.64830115597333560 ) ) ;
#1757 = LINE ( 'NONE', #3598, #5073 ) ;
#1758 = CARTESIAN_POINT ( 'NONE',  ( 1.583246015799837147, -8.236415657595513196, 20.87332212799901399 ) ) ;
#1759 = AXIS2_PLACEMENT_3D ( 'NONE', #2882, #6266, #1114 ) ;
#1760 = VERTEX_POINT ( 'NONE', #7247 ) ;
#1761 = CARTESIAN_POINT ( 'NONE',  ( 5.597734721401525171, -8.875294732441114220, 17.83396615689146358 ) ) ;
#1762 = CARTESIAN_POINT ( 'NONE',  ( -5.078155705031117684, -5.498751506990035232, 10.84834193599486696 ) ) ;
#1763 = ADVANCED_FACE ( 'NONE', ( #505 ), #6236, .F. ) ;
#1764 = TOROIDAL_SURFACE ( 'NONE', #7039, 5.000000000000001776, 0.8999999999999998002 ) ;
#1765 = LINE ( 'NONE', #3464, #4666 ) ;
#1766 = DIRECTION ( 'NONE',  ( -0.000000000000000000, -0.000000000000000000, 1.000000000000000000 ) ) ;
#1767 = AXIS2_PLACEMENT_3D ( 'NONE', #1614, #4514, #4441 ) ;
#1768 = CARTESIAN_POINT ( 'NONE',  ( -4.310271007364092632, 4.491065872974608908, 11.74833212799901183 ) ) ;
#1769 = CARTESIAN_POINT ( 'NONE',  ( -0.3378948879941166550, -8.875294732441114220, 15.48162000900120638 ) ) ;
#1770 = DIRECTION ( 'NONE',  ( 1.000000000000000000, 0.000000000000000000, 0.000000000000000000 ) ) ;
#1771 = CARTESIAN_POINT ( 'NONE',  ( 11.53569333197112101, 3.729747284365623194, 23.99833212799901005 ) ) ;
#1772 = EDGE_CURVE ( 'NONE', #3075, #1068, #3907, .T. ) ;
#1773 = VECTOR ( 'NONE', #5835, 1000.000000000000000 ) ;
#1774 = ADVANCED_FACE ( 'NONE', ( #6161 ), #3265, .T. ) ;
#1775 = CARTESIAN_POINT ( 'NONE',  ( 13.22069333197112506, 4.183336712770299393, 20.03836211228595232 ) ) ;
#1776 = CIRCLE ( 'NONE', #3937, 0.8999999999999998002 ) ;
#1777 = CARTESIAN_POINT ( 'NONE',  ( 2.264416222412659607, 4.403485647226743183, 10.91482242414473447 ) ) ;
#1778 = ADVANCED_FACE ( 'NONE', ( #1118 ), #7321, .F. ) ;
#1779 = EDGE_CURVE ( 'NONE', #1139, #3549, #3360, .T. ) ;
#1780 = AXIS2_PLACEMENT_3D ( 'NONE', #698, #138, #4704 ) ;
#1781 = CARTESIAN_POINT ( 'NONE',  ( -5.084206320142425461, 5.138450269426164674, 16.51635754074992235 ) ) ;
#1782 = ADVANCED_FACE ( 'NONE', ( #6795 ), #1649, .F. ) ;
#1783 = DIRECTION ( 'NONE',  ( -0.000000000000000000, -0.000000000000000000, -1.000000000000000000 ) ) ;
#1784 = CARTESIAN_POINT ( 'NONE',  ( -5.337894887998079874, 4.531355967279716346, 13.68176152709956028 ) ) ;
#1785 = FACE_OUTER_BOUND ( 'NONE', #7055, .T. ) ;
#1786 = ORIENTED_EDGE ( 'NONE', *, *, #7231, .F. ) ;
#1787 = CARTESIAN_POINT ( 'NONE',  ( -0.3378948879941582883, -3.875294732441113332, 10.24999999999999822 ) ) ;
#1788 = CARTESIAN_POINT ( 'NONE',  ( -4.136321125020615774, 5.436247185802859150, 23.99833212799901005 ) ) ;
#1789 = AXIS2_PLACEMENT_3D ( 'NONE', #635, #3398, #1137 ) ;
#1790 = ADVANCED_FACE ( 'NONE', ( #5108 ), #798, .F. ) ;
#1791 = CYLINDRICAL_SURFACE ( 'NONE', #2183, 1.000000000000000888 ) ;
#1792 = ORIENTED_EDGE ( 'NONE', *, *, #1224, .T. ) ;
#1793 = ORIENTED_EDGE ( 'NONE', *, *, #753, .T. ) ;
#1794 = CARTESIAN_POINT ( 'NONE',  ( -5.337894887994158566, 4.456773848707508812, 21.14827224615836698 ) ) ;
#1795 = ORIENTED_EDGE ( 'NONE', *, *, #5126, .F. ) ;
#1796 = VERTEX_POINT ( 'NONE', #6869 ) ;
#1797 = FACE_OUTER_BOUND ( 'NONE', #5305, .T. ) ;
#1798 = CARTESIAN_POINT ( 'NONE',  ( 2.195981536954739521, 4.070952539992247488, 14.58166212799901373 ) ) ;
#1799 = CIRCLE ( 'NONE', #589, 0.8999999999999998002 ) ;
#1800 = ORIENTED_EDGE ( 'NONE', *, *, #6010, .T. ) ;
#1801 = CARTESIAN_POINT ( 'NONE',  ( 3.134906894344218209, 5.081352771013073699, 9.748332127999011831 ) ) ;
#1802 = CARTESIAN_POINT ( 'NONE',  ( -3.638524698391432555, -7.645161643112126093, 10.84833329064827900 ) ) ;
#1803 = TOROIDAL_SURFACE ( 'NONE', #3490, 6.000000000000000000, 1.000000000000000000 ) ;
#1804 = DIRECTION ( 'NONE',  ( 1.000000000000000000, 7.375108878104640636E-16, -0.000000000000000000 ) ) ;
#1805 = CARTESIAN_POINT ( 'NONE',  ( 11.78896358600237093, 3.742609536185408814, 24.99833212799901361 ) ) ;
#1806 = PRODUCT_DEFINITION_CONTEXT ( 'detailed design', #7408, 'design' ) ;
#1807 = CARTESIAN_POINT ( 'NONE',  ( 12.97849662561833917, 3.974281385293800817, 11.43582975609297137 ) ) ;
#1808 = CARTESIAN_POINT ( 'NONE',  ( 2.264415980530219308, 4.403484471888260643, 21.08183232061936607 ) ) ;
#1809 = CARTESIAN_POINT ( 'NONE',  ( 3.906431224102437927, 3.781063941627265113, 23.99833212799901005 ) ) ;
#1810 = CARTESIAN_POINT ( 'NONE',  ( 4.108004987075974945, 4.760537278722607901, 23.24833212799901361 ) ) ;
#1811 = EDGE_CURVE ( 'NONE', #4978, #4123, #6846, .T. ) ;
#1812 = VERTEX_POINT ( 'NONE', #4658 ) ;
#1813 = CARTESIAN_POINT ( 'NONE',  ( 13.22069333197112506, 4.086230585697280482, 19.84588307183083700 ) ) ;
#1814 = CARTESIAN_POINT ( 'NONE',  ( 2.021704316544359337, -8.101945535577449675, 15.02706006076052070 ) ) ;
#1815 = CARTESIAN_POINT ( 'NONE',  ( 4.157095377505041434, 3.742609536185408370, 6.998332127999012719 ) ) ;
#1816 = DIRECTION ( 'NONE',  ( 1.000000000000000000, 0.000000000000000000, 0.000000000000000000 ) ) ;
#1817 = EDGE_CURVE ( 'NONE', #3066, #3156, #2928, .T. ) ;
#1818 = CARTESIAN_POINT ( 'NONE',  ( -0.3378948879941183758, -8.875294732441114220, 23.99833212799901005 ) ) ;
#1819 = LINE ( 'NONE', #1363, #7159 ) ;
#1820 = EDGE_CURVE ( 'NONE', #2592, #6111, #1095, .T. ) ;
#1821 = VECTOR ( 'NONE', #1676, 1000.000000000000000 ) ;
#1822 = CARTESIAN_POINT ( 'NONE',  ( -5.208911900726146627, 4.953620798299949612, 15.48080708666958394 ) ) ;
#1823 = VECTOR ( 'NONE', #6070, 1000.000000000000000 ) ;
#1824 = ORIENTED_EDGE ( 'NONE', *, *, #2879, .F. ) ;
#1825 = DIRECTION ( 'NONE',  ( -0.000000000000000000, -0.000000000000000000, -1.000000000000000000 ) ) ;
#1826 =( BOUNDED_CURVE ( )  B_SPLINE_CURVE ( 3, ( #2032, #2637, #4337, #3588 ),
 .UNSPECIFIED., .F., .T. ) 
 B_SPLINE_CURVE_WITH_KNOTS ( ( 4, 4 ),
 ( 5.123047429050211043, 5.427149776358771049 ),
 .UNSPECIFIED. ) 
 CURVE ( )  GEOMETRIC_REPRESENTATION_ITEM ( )  RATIONAL_B_SPLINE_CURVE ( ( 1.000000000000000000, 0.9923083163710357812, 0.9923083163710357812, 1.000000000000000000 ) ) 
 REPRESENTATION_ITEM ( '' )  );
#1827 = AXIS2_PLACEMENT_3D ( 'NONE', #7017, #5892, #1303 ) ;
#1828 = CARTESIAN_POINT ( 'NONE',  ( -5.337894887994158566, 4.456773848707507923, 16.51504200983965731 ) ) ;
#1829 = B_SPLINE_CURVE_WITH_KNOTS ( 'NONE', 3,
 ( #7118, #5186, #6558, #4837, #4062, #7082, #6351, #275, #2541, #1973 ),
 .UNSPECIFIED., .F., .F.,
 ( 4, 2, 2, 2, 4 ),
 ( 0.001542291938221309559, 0.001788277303140132796, 0.002034262668058956468, 0.002280248032977779706, 0.002526233397896602943 ),
 .UNSPECIFIED. ) ;
#1830 = DIRECTION ( 'NONE',  ( 0.000000000000000000, 0.000000000000000000, -1.000000000000000000 ) ) ;
#1831 = ORIENTED_EDGE ( 'NONE', *, *, #2466, .F. ) ;
#1832 = ORIENTED_EDGE ( 'NONE', *, *, #428, .F. ) ;
#1833 = CARTESIAN_POINT ( 'NONE',  ( 13.22069333197112329, 11.72974728436562408, 9.748332127999011831 ) ) ;
#1834 = VERTEX_POINT ( 'NONE', #1837 ) ;
#1835 = EDGE_LOOP ( 'NONE', ( #2890, #3979, #1348 ) ) ;
#1836 = CARTESIAN_POINT ( 'NONE',  ( 19.36578231149358231, 5.288772716631839899, 24.99833212799901361 ) ) ;
#1837 = CARTESIAN_POINT ( 'NONE',  ( 1.521725786895037569, 4.271831816929370085, 21.14626313555732651 ) ) ;
#1838 = ADVANCED_FACE ( 'NONE', ( #5823 ), #6413, .F. ) ;
#1839 = VERTEX_POINT ( 'NONE', #2359 ) ;
#1840 = CARTESIAN_POINT ( 'NONE',  ( 3.589770040865698064, 4.894132817983667394, 9.748332127999011831 ) ) ;
#1841 = CARTESIAN_POINT ( 'NONE',  ( -5.337894887994158566, 4.403727702221074125, 13.68169310002468819 ) ) ;
#1842 = FACE_BOUND ( 'NONE', #177, .T. ) ;
#1843 = CARTESIAN_POINT ( 'NONE',  ( 12.89250853287685139, 3.956585198201332698, 11.52575446552611993 ) ) ;
#1844 = ORIENTED_EDGE ( 'NONE', *, *, #6396, .F. ) ;
#1845 = CARTESIAN_POINT ( 'NONE',  ( 3.720693331971123730, 4.840245285879308135, 22.24833212799901361 ) ) ;
#1846 = DIRECTION ( 'NONE',  ( -9.637352644315596722E-16, 1.000000000000000000, 0.000000000000000000 ) ) ;
#1847 = CARTESIAN_POINT ( 'NONE',  ( 12.22069333197112329, 3.818326898622937726, 8.748332127999011831 ) ) ;
#1848 = ORIENTED_EDGE ( 'NONE', *, *, #3495, .T. ) ;
#1849 = DIRECTION ( 'NONE',  ( 0.000000000000000000, 1.000000000000000000, 0.000000000000000000 ) ) ;
#1850 = DIRECTION ( 'NONE',  ( 0.000000000000000000, 0.000000000000000000, 1.000000000000000000 ) ) ;
#1851 = EDGE_CURVE ( 'NONE', #4870, #7079, #7111, .T. ) ;
#1852 = CARTESIAN_POINT ( 'NONE',  ( 1.583246015799828044, -8.236415657594555739, 16.78999212799901031 ) ) ;
#1853 = ADVANCED_FACE ( 'NONE', ( #582 ), #6268, .F. ) ;
#1854 = DIRECTION ( 'NONE',  ( -0.000000000000000000, 0.000000000000000000, -1.000000000000000000 ) ) ;
#1855 = DIRECTION ( 'NONE',  ( 2.498001805406602216E-16, -1.000000000000000000, 0.000000000000000000 ) ) ;
#1856 = CARTESIAN_POINT ( 'NONE',  ( -0.8746562824944945636, 21.28510420304709072, 9.250000000000000000 ) ) ;
#1857 = CARTESIAN_POINT ( 'NONE',  ( 0.000000000000000000, 0.000000000000000000, 0.000000000000000000 ) ) ;
#1858 = VERTEX_POINT ( 'NONE', #650 ) ;
#1859 = DIRECTION ( 'NONE',  ( 0.000000000000000000, 1.000000000000000000, 0.000000000000000000 ) ) ;
#1860 = DIRECTION ( 'NONE',  ( -0.000000000000000000, -0.000000000000000000, -1.000000000000000000 ) ) ;
#1861 = LINE ( 'NONE', #2388, #3027 ) ;
#1862 = CARTESIAN_POINT ( 'NONE',  ( 1.979346006133859470, 3.341984570568716340, 14.09109456439052011 ) ) ;
#1863 = ORIENTED_EDGE ( 'NONE', *, *, #2953, .F. ) ;
#1864 = ORIENTED_EDGE ( 'NONE', *, *, #1623, .F. ) ;
#1865 = CARTESIAN_POINT ( 'NONE',  ( 13.09447972239967761, 5.198930913345471971, 10.24471315263591364 ) ) ;
#1866 = EDGE_CURVE ( 'NONE', #5371, #3294, #1757, .T. ) ;
#1867 = ORIENTED_EDGE ( 'NONE', *, *, #7130, .T. ) ;
#1868 =( BOUNDED_CURVE ( )  B_SPLINE_CURVE ( 3, ( #7025, #4140, #5341, #1845 ),
 .UNSPECIFIED., .F., .F. ) 
 B_SPLINE_CURVE_WITH_KNOTS ( ( 4, 4 ),
 ( 3.141592653589793116, 4.712388980384689674 ),
 .UNSPECIFIED. ) 
 CURVE ( )  GEOMETRIC_REPRESENTATION_ITEM ( )  RATIONAL_B_SPLINE_CURVE ( ( 1.000000000000000000, 0.8047378541243649375, 0.8047378541243649375, 1.000000000000000000 ) ) 
 REPRESENTATION_ITEM ( '' )  );
#1869 = ORIENTED_EDGE ( 'NONE', *, *, #144, .F. ) ;
#1870 = CARTESIAN_POINT ( 'NONE',  ( 3.720693331971123730, 11.72974728436562408, 21.24833212799901361 ) ) ;
#1871 = CARTESIAN_POINT ( 'NONE',  ( -5.337887297018019339, -3.884007349944944565, 21.14829121891910546 ) ) ;
#1872 = ORIENTED_EDGE ( 'NONE', *, *, #2894, .F. ) ;
#1873 = CARTESIAN_POINT ( 'NONE',  ( -12.91971069101993486, -13.84940126210495492, 6.999999999999999112 ) ) ;
#1874 = EDGE_CURVE ( 'NONE', #1760, #6570, #5180, .T. ) ;
#1875 = DIRECTION ( 'NONE',  ( -0.2588112339506885018, 0.9659279192470429098, 0.000000000000000000 ) ) ;
#1876 = CIRCLE ( 'NONE', #2476, 1.100000000000000311 ) ;
#1877 = CARTESIAN_POINT ( 'NONE',  ( 12.66682483011998173, 3.910139918392899983, 12.75072592831886276 ) ) ;
#1878 = ORIENTED_EDGE ( 'NONE', *, *, #1084, .F. ) ;
#1879 = DIRECTION ( 'NONE',  ( -1.000000000000000000, 0.000000000000000000, 0.000000000000000000 ) ) ;
#1880 = CARTESIAN_POINT ( 'NONE',  ( -4.337894887994159454, 4.456773848707517693, 9.250000000000000000 ) ) ;
#1881 = DIRECTION ( 'NONE',  ( -0.000000000000000000, -0.000000000000000000, -1.000000000000000000 ) ) ;
#1882 = AXIS2_PLACEMENT_3D ( 'NONE', #1227, #1680, #2808 ) ;
#1883 = VERTEX_POINT ( 'NONE', #6348 ) ;
#1884 = CARTESIAN_POINT ( 'NONE',  ( 3.720693331971123285, 11.72974728436562408, 10.74833212799901361 ) ) ;
#1885 = AXIS2_PLACEMENT_3D ( 'NONE', #927, #7206, #2062 ) ;
#1886 = CARTESIAN_POINT ( 'NONE',  ( 2.035009093325913287, 4.291448885421774051, 10.86587495938815984 ) ) ;
#1887 = CARTESIAN_POINT ( 'NONE',  ( 1.199207447275590255, -8.132527784637218815, 16.91565614110314897 ) ) ;
#1888 = AXIS2_PLACEMENT_3D ( 'NONE', #5291, #4201, #3068 ) ;
#1889 = EDGE_CURVE ( 'NONE', #7228, #19, #7342, .T. ) ;
#1890 = CARTESIAN_POINT ( 'NONE',  ( -0.3304283836614452796, -8.875294732441112444, 16.51503430104475711 ) ) ;
#1891 = FACE_OUTER_BOUND ( 'NONE', #6227, .T. ) ;
#1892 = CARTESIAN_POINT ( 'NONE',  ( -5.337894887994158566, 4.456773848718799336, 10.84838200983966594 ) ) ;
#1893 = DIRECTION ( 'NONE',  ( 0.000000000000000000, 0.000000000000000000, 1.000000000000000000 ) ) ;
#1894 = AXIS2_PLACEMENT_3D ( 'NONE', #836, #1825, #1896 ) ;
#1895 = ORIENTED_EDGE ( 'NONE', *, *, #114, .T. ) ;
#1896 = DIRECTION ( 'NONE',  ( -1.000000000000000000, 0.000000000000000000, 0.000000000000000000 ) ) ;
#1897 = AXIS2_PLACEMENT_3D ( 'NONE', #5481, #3264, #5410 ) ;
#1898 = CARTESIAN_POINT ( 'NONE',  ( 1.519119568997588710, 4.272368171650646751, 10.74833212799901361 ) ) ;
#1899 = AXIS2_PLACEMENT_3D ( 'NONE', #461, #3253, #313 ) ;
#1900 = DIRECTION ( 'NONE',  ( 1.000000000000000000, 0.000000000000000000, 0.000000000000000000 ) ) ;
#1901 = EDGE_LOOP ( 'NONE', ( #1831, #6270, #4013, #331 ) ) ;
#1902 = EDGE_LOOP ( 'NONE', ( #4416, #2275, #4382, #1298 ) ) ;
#1903 = LINE ( 'NONE', #1833, #552 ) ;
#1904 = EDGE_LOOP ( 'NONE', ( #320, #768, #1329, #5364 ) ) ;
#1905 = ORIENTED_EDGE ( 'NONE', *, *, #5430, .F. ) ;
#1906 = CARTESIAN_POINT ( 'NONE',  ( 13.22069333197112506, 3.729747284365623194, 11.74833212799901183 ) ) ;
#1907 = DIRECTION ( 'NONE',  ( 1.000000000000000000, 0.000000000000000000, -0.000000000000000000 ) ) ;
#1908 = ADVANCED_FACE ( 'NONE', ( #25 ), #6946, .T. ) ;
#1909 = ADVANCED_FACE ( 'NONE', ( #7086 ), #1943, .F. ) ;
#1910 = ADVANCED_FACE ( 'NONE', ( #2618 ), #771, .T. ) ;
#1911 = ORIENTED_EDGE ( 'NONE', *, *, #6173, .T. ) ;
#1912 = DIRECTION ( 'NONE',  ( -0.000000000000000000, 1.000000000000000000, -0.000000000000000000 ) ) ;
#1913 = EDGE_CURVE ( 'NONE', #4744, #1034, #315, .T. ) ;
#1914 = FACE_OUTER_BOUND ( 'NONE', #876, .T. ) ;
#1915 = CARTESIAN_POINT ( 'NONE',  ( 13.22069333197112506, 5.250879958319428553, 21.24833212799901361 ) ) ;
#1916 = B_SPLINE_CURVE_WITH_KNOTS ( 'NONE', 3,
 ( #1409, #588, #2893, #3143, #5399, #241 ),
 .UNSPECIFIED., .F., .F.,
 ( 4, 2, 4 ),
 ( 4.336808689942017736E-19, 0.0002526898806576829601, 0.0005053797613153654866 ),
 .UNSPECIFIED. ) ;
#1917 = CARTESIAN_POINT ( 'NONE',  ( 13.41858256088353762, 4.064850239639453022, 12.50239009187595052 ) ) ;
#1918 = ORIENTED_EDGE ( 'NONE', *, *, #5225, .T. ) ;
#1919 = CARTESIAN_POINT ( 'NONE',  ( 2.148191582501089769, 3.838734886871903118, 14.26904298392828530 ) ) ;
#1920 = DIRECTION ( 'NONE',  ( -0.000000000000000000, -0.000000000000000000, 1.000000000000000000 ) ) ;
#1921 = CARTESIAN_POINT ( 'NONE',  ( -5.337894887994159454, 4.424946075272207402, 19.34835578731735950 ) ) ;
#1922 = AXIS2_PLACEMENT_3D ( 'NONE', #6589, #4306, #1286 ) ;
#1923 = VERTEX_POINT ( 'NONE', #4872 ) ;
#1924 = CARTESIAN_POINT ( 'NONE',  ( -4.337894887994159454, 4.456773848707517693, 23.99833212799901005 ) ) ;
#1925 = DIRECTION ( 'NONE',  ( -0.000000000000000000, -0.000000000000000000, -1.000000000000000000 ) ) ;
#1926 = CARTESIAN_POINT ( 'NONE',  ( 10.47069333197112506, 8.229747284365624083, 11.74833212799901183 ) ) ;
#1927 = ADVANCED_FACE ( 'NONE', ( #4358 ), #7053, .T. ) ;
#1928 = DIRECTION ( 'NONE',  ( 1.000000000000000000, 4.818676322157798361E-16, 0.000000000000000000 ) ) ;
#1929 = DIRECTION ( 'NONE',  ( 2.498001805406602216E-16, -1.000000000000000000, 0.000000000000000000 ) ) ;
#1930 = PLANE ( 'NONE',  #7008 ) ;
#1931 = EDGE_LOOP ( 'NONE', ( #3038, #2843, #3818, #6712, #7430, #1085 ) ) ;
#1932 = CARTESIAN_POINT ( 'NONE',  ( -12.40663181555145123, 9.934409660288995525, 9.250000000000000000 ) ) ;
#1933 = CARTESIAN_POINT ( 'NONE',  ( 3.106146608219677585, 5.093190396150533594, 22.04799896662065706 ) ) ;
#1934 = AXIS2_PLACEMENT_3D ( 'NONE', #7256, #2035, #6625 ) ;
#1935 = CARTESIAN_POINT ( 'NONE',  ( 11.53569333197113167, 6.229747284365624083, 23.24833212799901361 ) ) ;
#1936 = ORIENTED_EDGE ( 'NONE', *, *, #2820, .F. ) ;
#1937 = ORIENTED_EDGE ( 'NONE', *, *, #4431, .T. ) ;
#1938 = CARTESIAN_POINT ( 'NONE',  ( 14.16983987580191062, 4.219457576250137620, 9.741094177272875854 ) ) ;
#1939 = CARTESIAN_POINT ( 'NONE',  ( 12.22069333197112151, 11.72974728436562408, 10.74833212799901361 ) ) ;
#1940 = EDGE_LOOP ( 'NONE', ( #5403, #4249, #261 ) ) ;
#1941 = EDGE_LOOP ( 'NONE', ( #5600, #2644, #4378, #613, #2285, #6442 ) ) ;
#1942 = VECTOR ( 'NONE', #1783, 1000.000000000000000 ) ;
#1943 = PLANE ( 'NONE',  #255 ) ;
#1944 = ADVANCED_FACE ( 'NONE', ( #169 ), #210, .T. ) ;
#1945 = EDGE_CURVE ( 'NONE', #5002, #5006, #6488, .T. ) ;
#1946 = ORIENTED_EDGE ( 'NONE', *, *, #3735, .F. ) ;
#1947 = CARTESIAN_POINT ( 'NONE',  ( 2.036631926890818178, 3.296651896735201870, 11.31813889743372137 ) ) ;
#1948 = EDGE_LOOP ( 'NONE', ( #5475, #3061, #3289, #3950 ) ) ;
#1949 = AXIS2_PLACEMENT_3D ( 'NONE', #3918, #3356, #2754 ) ;
#1950 = CARTESIAN_POINT ( 'NONE',  ( -5.600978230230712285, 5.808817372790416655, 9.250000000000000000 ) ) ;
#1951 = LINE ( 'NONE', #5975, #314 ) ;
#1952 = VECTOR ( 'NONE', #5532, 1000.000000000000000 ) ;
#1953 = ADVANCED_FACE ( 'NONE', ( #1415 ), #3715, .F. ) ;
#1954 = LINE ( 'NONE', #6532, #2658 ) ;
#1955 = VERTEX_POINT ( 'NONE', #4841 ) ;
#1956 = CARTESIAN_POINT ( 'NONE',  ( -6.337894887994158566, 21.28510420304709072, 10.24999999999999822 ) ) ;
#1957 = CARTESIAN_POINT ( 'NONE',  ( 2.014565150278558203, 3.189426536606437601, 11.74833212799901183 ) ) ;
#1958 = CARTESIAN_POINT ( 'NONE',  ( 12.40341781807837052, 3.855931252776436224, 19.24842095378111395 ) ) ;
#1959 = ORIENTED_EDGE ( 'NONE', *, *, #3921, .F. ) ;
#1960 = ORIENTED_EDGE ( 'NONE', *, *, #2268, .F. ) ;
#1961 = DIRECTION ( 'NONE',  ( -1.000000000000000000, -0.000000000000000000, -0.000000000000000000 ) ) ;
#1962 = CARTESIAN_POINT ( 'NONE',  ( 1.501971004210087113, 3.552615431165957016, 20.87332212799734066 ) ) ;
#1963 = CARTESIAN_POINT ( 'NONE',  ( 2.021704316544363333, -12.57799432079165314, 16.96959419523750867 ) ) ;
#1964 = DIRECTION ( 'NONE',  ( 0.9794733370953438989, -0.2015737629735343261, -0.000000000000000000 ) ) ;
#1965 = CARTESIAN_POINT ( 'NONE',  ( 2.148191582501090213, 3.838734886871903562, 17.72761127206974052 ) ) ;
#1966 = CARTESIAN_POINT ( 'NONE',  ( 13.22069333197112506, 4.024125010056279095, 12.58204844848802217 ) ) ;
#1967 = ORIENTED_EDGE ( 'NONE', *, *, #3570, .F. ) ;
#1968 = CARTESIAN_POINT ( 'NONE',  ( 1.912976276396900710, 3.390725284274772378, 12.28564720917714403 ) ) ;
#1969 = CARTESIAN_POINT ( 'NONE',  ( -5.330428383661446112, 4.393118539265072009, 17.41499212799901031 ) ) ;
#1970 = CARTESIAN_POINT ( 'NONE',  ( 1.583246015799836259, 3.535889187275713219, 13.95666212799901196 ) ) ;
#1971 = VERTEX_POINT ( 'NONE', #4322 ) ;
#1972 = DIRECTION ( 'NONE',  ( 0.000000000000000000, -1.000000000000000000, 0.000000000000000000 ) ) ;
#1973 = CARTESIAN_POINT ( 'NONE',  ( 1.583246015787041161, 3.535889187281870516, 15.20666212800530559 ) ) ;
#1974 = ORIENTED_EDGE ( 'NONE', *, *, #170, .T. ) ;
#1975 = EDGE_LOOP ( 'NONE', ( #5441, #3496, #898, #2375 ) ) ;
#1976 = DIRECTION ( 'NONE',  ( 1.000000000000000000, 0.000000000000000000, 0.000000000000000000 ) ) ;
#1977 = DIRECTION ( 'NONE',  ( 1.000000000000000000, 9.714451465470117757E-16, 0.000000000000000000 ) ) ;
#1978 = EDGE_CURVE ( 'NONE', #4052, #1679, #810, .T. ) ;
#1979 = ORIENTED_EDGE ( 'NONE', *, *, #6984, .F. ) ;
#1980 = DIRECTION ( 'NONE',  ( 1.000000000000000000, 7.375108878104640636E-16, -0.000000000000000000 ) ) ;
#1981 = ORIENTED_EDGE ( 'NONE', *, *, #2160, .F. ) ;
#1982 = CARTESIAN_POINT ( 'NONE',  ( 15.57153635071808928, -8.872004039688027532, 6.998332127999012719 ) ) ;
#1983 = CARTESIAN_POINT ( 'NONE',  ( -0.3304283836614452796, -8.875294732441112444, 10.84837430104475509 ) ) ;
#1984 = VERTEX_POINT ( 'NONE', #6489 ) ;
#1985 = DIRECTION ( 'NONE',  ( 0.000000000000000000, 0.000000000000000000, 1.000000000000000000 ) ) ;
#1986 = ADVANCED_FACE ( 'NONE', ( #4246, #3635 ), #5474, .F. ) ;
#1987 = DIRECTION ( 'NONE',  ( -0.000000000000000000, -0.000000000000000000, 1.000000000000000000 ) ) ;
#1988 = CARTESIAN_POINT ( 'NONE',  ( 12.66682483011989291, 3.910139918392880887, 19.24593832767986257 ) ) ;
#1989 = VERTEX_POINT ( 'NONE', #3037 ) ;
#1991 = VERTEX_POINT ( 'NONE', #280 ) ;
#1990 = VECTOR ( 'NONE', #3303, 1000.000000000000000 ) ;
#1992 = CARTESIAN_POINT ( 'NONE',  ( 2.148191582501089769, 3.838734886871903118, 17.10237298392828365 ) ) ;
#1993 = CARTESIAN_POINT ( 'NONE',  ( -0.8746562824944945636, 21.28510420304709072, 9.250000000000000000 ) ) ;
#1994 = DIRECTION ( 'NONE',  ( -0.000000000000000000, -0.000000000000000000, 1.000000000000000000 ) ) ;
#1995 = CARTESIAN_POINT ( 'NONE',  ( 4.410365631536280695, 6.229747284365624083, 9.748332127999011831 ) ) ;
#1996 = EDGE_CURVE ( 'NONE', #6960, #4326, #4206, .T. ) ;
#1997 = VECTOR ( 'NONE', #3825, 1000.000000000000000 ) ;
#1998 = DIRECTION ( 'NONE',  ( 2.498001805406602216E-16, -1.000000000000000000, 0.000000000000000000 ) ) ;
#1999 = CARTESIAN_POINT ( 'NONE',  ( 1.583246015799837147, -12.57799432079165314, 17.41499212799901031 ) ) ;
#2000 = EDGE_CURVE ( 'NONE', #4748, #2087, #3114, .T. ) ;
#2001 = EDGE_CURVE ( 'NONE', #5449, #5173, #3148, .T. ) ;
#2002 = EDGE_CURVE ( 'NONE', #6166, #4474, #3674, .T. ) ;
#2003 = VERTEX_POINT ( 'NONE', #6044 ) ;
#2005 = AXIS2_PLACEMENT_3D ( 'NONE', #3926, #2039, #942 ) ;
#2004 = CARTESIAN_POINT ( 'NONE',  ( 13.09447972239968117, 5.198930913345472860, 21.75195110336211002 ) ) ;
#2006 = CIRCLE ( 'NONE', #1888, 1.000000000000000888 ) ;
#2007 = CYLINDRICAL_SURFACE ( 'NONE', #3675, 2.500000000000000444 ) ;
#2008 = EDGE_CURVE ( 'NONE', #2813, #5271, #3181, .T. ) ;
#2009 = CARTESIAN_POINT ( 'NONE',  ( 14.42226709494465808, 4.271406621224085320, 21.24833212799901361 ) ) ;
#2010 = ORIENTED_EDGE ( 'NONE', *, *, #3923, .T. ) ;
#2011 = CARTESIAN_POINT ( 'NONE',  ( -0.9919283371183271747, -8.842990418357855376, 13.68169463954727405 ) ) ;
#2012 = DIRECTION ( 'NONE',  ( 0.000000000000000000, 1.000000000000000000, -0.000000000000000000 ) ) ;
#2013 = ORIENTED_EDGE ( 'NONE', *, *, #735, .F. ) ;
#2014 = VECTOR ( 'NONE', #1264, 1000.000000000000000 ) ;
#2015 = VERTEX_POINT ( 'NONE', #5030 ) ;
#2016 = PLANE ( 'NONE',  #5292 ) ;
#2017 = VECTOR ( 'NONE', #4389, 1000.000000000000000 ) ;
#2018 = CARTESIAN_POINT ( 'NONE',  ( 2.195981536954739521, 4.070952539992247488, 17.41499212799901031 ) ) ;
#2019 = AXIS2_PLACEMENT_3D ( 'NONE', #7058, #3120, #6530 ) ;
#2020 = ORIENTED_EDGE ( 'NONE', *, *, #1497, .F. ) ;
#2021 = ORIENTED_EDGE ( 'NONE', *, *, #446, .T. ) ;
#2022 = DIRECTION ( 'NONE',  ( -0.000000000000000000, -0.000000000000000000, -1.000000000000000000 ) ) ;
#2023 = ORIENTED_EDGE ( 'NONE', *, *, #4613, .F. ) ;
#2024 = LINE ( 'NONE', #1461, #326 ) ;
#2025 = CARTESIAN_POINT ( 'NONE',  ( 1.583246015799837147, -8.236415657595513196, 12.37333212799901361 ) ) ;
#2026 = VERTEX_POINT ( 'NONE', #4430 ) ;
#2027 = DIRECTION ( 'NONE',  ( 2.498001805406602216E-16, -1.000000000000000000, 0.000000000000000000 ) ) ;
#2028 = CARTESIAN_POINT ( 'NONE',  ( -4.675606283204271740, -6.383411332971535401, 12.64832993821426399 ) ) ;
#2029 = ORIENTED_EDGE ( 'NONE', *, *, #343, .F. ) ;
#2030 = ORIENTED_EDGE ( 'NONE', *, *, #2100, .F. ) ;
#2031 = FACE_OUTER_BOUND ( 'NONE', #5142, .T. ) ;
#2032 = CARTESIAN_POINT ( 'NONE',  ( 2.720693331971122841, 4.025086560482840525, 12.58204844848802395 ) ) ;
#2033 = DIRECTION ( 'NONE',  ( 0.000000000000000000, 0.000000000000000000, 1.000000000000000000 ) ) ;
#2034 = EDGE_CURVE ( 'NONE', #2765, #4363, #2206, .T. ) ;
#2035 = DIRECTION ( 'NONE',  ( 1.000000000000000000, 0.000000000000000000, 0.000000000000000000 ) ) ;
#2036 = CARTESIAN_POINT ( 'NONE',  ( -0.3329172180384510349, -8.875294732441114220, 21.14827995495327073 ) ) ;
#2037 = CIRCLE ( 'NONE', #2516, 0.8999999999999998002 ) ;
#2038 = EDGE_CURVE ( 'NONE', #4550, #6505, #3800, .T. ) ;
#2039 = DIRECTION ( 'NONE',  ( -0.9794733370953435658, -0.2015737629735368242, 1.699115391952635972E-15 ) ) ;
#2040 = ORIENTED_EDGE ( 'NONE', *, *, #5402, .T. ) ;
#2041 = CARTESIAN_POINT ( 'NONE',  ( -5.337894887994158566, 4.393118539265072009, 21.14829115597333953 ) ) ;
#2042 = VECTOR ( 'NONE', #3111, 1000.000000000000114 ) ;
#2043 = PLANE ( 'NONE',  #5597 ) ;
#2044 = ADVANCED_FACE ( 'NONE', ( #4390 ), #497, .F. ) ;
#2045 = ADVANCED_FACE ( 'NONE', ( #6823 ), #6151, .F. ) ;
#2046 = DIRECTION ( 'NONE',  ( -0.2015737629735343539, -0.9794733370953440099, 0.000000000000000000 ) ) ;
#2047 = ORIENTED_EDGE ( 'NONE', *, *, #6115, .T. ) ;
#2048 = CARTESIAN_POINT ( 'NONE',  ( 1.264379324338374744, -8.165569653811528994, 15.12530695160408989 ) ) ;
#2049 = DIRECTION ( 'NONE',  ( -0.2588112339506885018, 0.9659279192470429098, 0.000000000000000000 ) ) ;
#2050 = ORIENTED_EDGE ( 'NONE', *, *, #2002, .T. ) ;
#2051 = ORIENTED_EDGE ( 'NONE', *, *, #1817, .F. ) ;
#2052 = DIRECTION ( 'NONE',  ( 0.000000000000000000, 1.000000000000000000, -0.000000000000000000 ) ) ;
#2053 = DIRECTION ( 'NONE',  ( -0.9794733370953440099, 0.2015737629735344927, 0.000000000000000000 ) ) ;
#2054 = ORIENTED_EDGE ( 'NONE', *, *, #2229, .T. ) ;
#2055 = ORIENTED_EDGE ( 'NONE', *, *, #6267, .F. ) ;
#2056 = CARTESIAN_POINT ( 'NONE',  ( 0.9582460157999107553, -7.984007349944995724, 20.16366377925287168 ) ) ;
#2057 = EDGE_LOOP ( 'NONE', ( #2328, #4128, #3081, #7300 ) ) ;
#2058 = AXIS2_PLACEMENT_3D ( 'NONE', #6598, #6035, #840 ) ;
#2059 = CARTESIAN_POINT ( 'NONE',  ( -0.3304283836614452796, -8.875294732441112444, 15.48161995495327048 ) ) ;
#2060 = EDGE_CURVE ( 'NONE', #6828, #6045, #1200, .T. ) ;
#2061 = CARTESIAN_POINT ( 'NONE',  ( -5.330428383661446112, -3.884007349944944565, 11.74833212799901183 ) ) ;
#2062 = DIRECTION ( 'NONE',  ( 1.000000000000000000, 4.818676322157798361E-16, 0.000000000000000000 ) ) ;
#2063 = VECTOR ( 'NONE', #4611, 1000.000000000000000 ) ;
#2064 = EDGE_CURVE ( 'NONE', #4262, #1989, #1071, .T. ) ;
#2065 = ORIENTED_EDGE ( 'NONE', *, *, #4180, .T. ) ;
#2066 = FACE_OUTER_BOUND ( 'NONE', #4283, .T. ) ;
#2067 = CARTESIAN_POINT ( 'NONE',  ( 13.64269429848448745, 4.110972011987773733, 19.64211878940199441 ) ) ;
#2068 = EDGE_LOOP ( 'NONE', ( #5274, #6334, #3648, #4702 ) ) ;
#2069 = EDGE_LOOP ( 'NONE', ( #6556, #2733, #7161, #1786 ) ) ;
#2070 = AXIS2_PLACEMENT_3D ( 'NONE', #7330, #1730, #2151 ) ;
#2071 = LINE ( 'NONE', #6731, #4662 ) ;
#2072 = DIRECTION ( 'NONE',  ( 0.000000000000000000, 0.000000000000000000, -1.000000000000000000 ) ) ;
#2073 = B_SPLINE_CURVE_WITH_KNOTS ( 'NONE', 3,
 ( #6521, #6443, #2504, #240 ),
 .UNSPECIFIED., .F., .F.,
 ( 4, 4 ),
 ( 8.673617379884035472E-19, 8.712620810958721990E-06 ),
 .UNSPECIFIED. ) ;
#2074 = CARTESIAN_POINT ( 'NONE',  ( 3.704026288812423573, 4.829747284377331695, 11.74833212799901183 ) ) ;
#2075 = CARTESIAN_POINT ( 'NONE',  ( -5.337894887994158566, 4.456773848707507923, 15.48161224615836673 ) ) ;
#2076 = CARTESIAN_POINT ( 'NONE',  ( -5.330428383661446112, -3.884007349944944565, 21.14832212799901612 ) ) ;
#2077 = DIRECTION ( 'NONE',  ( 0.000000000000000000, -1.000000000000000000, 0.000000000000000000 ) ) ;
#2078 = ADVANCED_FACE ( 'NONE', ( #1530 ), #3821, .T. ) ;
#2079 = ORIENTED_EDGE ( 'NONE', *, *, #2584, .F. ) ;
#2080 = CARTESIAN_POINT ( 'NONE',  ( 4.664559717938745464, 3.284245707946896964, 23.24833212799901361 ) ) ;
#2081 = CARTESIAN_POINT ( 'NONE',  ( -5.330428383661446112, -3.884007349944944565, 19.34832212799901185 ) ) ;
#2082 = DIRECTION ( 'NONE',  ( -4.216341781888073566E-16, 1.000000000000000000, 0.000000000000000000 ) ) ;
#2083 = EDGE_LOOP ( 'NONE', ( #4273, #1546, #2991, #277 ) ) ;
#2084 = CARTESIAN_POINT ( 'NONE',  ( -0.3025607775276037414, -8.872004039688025756, 24.99833212799901361 ) ) ;
#2085 = CARTESIAN_POINT ( 'NONE',  ( 1.264809656741815447, 3.529456912432835658, 14.03750288474244456 ) ) ;
#2086 = ORIENTED_EDGE ( 'NONE', *, *, #341, .T. ) ;
#2087 = VERTEX_POINT ( 'NONE', #4985 ) ;
#2088 = CARTESIAN_POINT ( 'NONE',  ( 15.57153635071808928, -8.872004039688027532, 24.99833212799901361 ) ) ;
#2089 = CARTESIAN_POINT ( 'NONE',  ( 2.021704316544359337, -8.875294732441114220, 23.99833212799901005 ) ) ;
#2090 = CIRCLE ( 'NONE', #4018, 0.9000000000000000222 ) ;
#2091 = CARTESIAN_POINT ( 'NONE',  ( -4.136321125020613998, 5.436247185802858262, 18.31292015647041183 ) ) ;
#2092 = ORIENTED_EDGE ( 'NONE', *, *, #3242, .T. ) ;
#2093 = EDGE_CURVE ( 'NONE', #1068, #1672, #4470, .T. ) ;
#2094 = ORIENTED_EDGE ( 'NONE', *, *, #4095, .F. ) ;
#2095 = CARTESIAN_POINT ( 'NONE',  ( 1.497131977613011644, -8.236415657595500761, 19.62332212799903530 ) ) ;
#2096 = CIRCLE ( 'NONE', #3057, 1.000000000000000888 ) ;
#2097 = EDGE_CURVE ( 'NONE', #1724, #6045, #6749, .T. ) ;
#2098 = ORIENTED_EDGE ( 'NONE', *, *, #1738, .F. ) ;
#2099 = DIRECTION ( 'NONE',  ( 0.000000000000000000, 0.000000000000000000, 1.000000000000000000 ) ) ;
#2100 = EDGE_CURVE ( 'NONE', #4916, #3660, #2587, .T. ) ;
#2101 = DIRECTION ( 'NONE',  ( -0.000000000000000000, -0.000000000000000000, -1.000000000000000000 ) ) ;
#2102 = DIRECTION ( 'NONE',  ( -1.000000000000000000, 0.000000000000000000, 0.000000000000000000 ) ) ;
#2103 = EDGE_CURVE ( 'NONE', #5210, #4831, #7350, .T. ) ;
#2104 = ORIENTED_EDGE ( 'NONE', *, *, #5950, .F. ) ;
#2105 = CARTESIAN_POINT ( 'NONE',  ( 2.732750247187468062, 4.022605270101720087, 10.55293852574984292 ) ) ;
#2106 = AXIS2_PLACEMENT_3D ( 'NONE', #5231, #2939, #6920 ) ;
#2107 = CARTESIAN_POINT ( 'NONE',  ( 14.36957811565455501, 4.260563328792831506, 20.72169787468442337 ) ) ;
#2108 = ORIENTED_EDGE ( 'NONE', *, *, #2646, .F. ) ;
#2109 = CARTESIAN_POINT ( 'NONE',  ( -17.22255376510845792, -14.55036574546608108, 22.74666425599802366 ) ) ;
#2110 = CARTESIAN_POINT ( 'NONE',  ( 1.914260082649662076, 3.389902692000513085, 16.87838005531445873 ) ) ;
#2111 = EDGE_CURVE ( 'NONE', #3832, #4964, #2303, .T. ) ;
#2112 = CARTESIAN_POINT ( 'NONE',  ( 3.629140675083490031, 4.760720240069253428, 11.75035145661304981 ) ) ;
#2113 = CARTESIAN_POINT ( 'NONE',  ( -12.40663181555144767, -13.37191528868327772, 24.99666425599802366 ) ) ;
#2114 = AXIS2_PLACEMENT_3D ( 'NONE', #2756, #3810, #3317 ) ;
#2115 = CARTESIAN_POINT ( 'NONE',  ( -5.304443363323905203, -4.537983515093833908, 15.48164051466361535 ) ) ;
#2116 = LINE ( 'NONE', #1476, #5249 ) ;
#2117 = ORIENTED_EDGE ( 'NONE', *, *, #2314, .T. ) ;
#2118 = CARTESIAN_POINT ( 'NONE',  ( 3.519119568997589820, 3.860771948783964902, 23.24833212799901005 ) ) ;
#2119 = CARTESIAN_POINT ( 'NONE',  ( 15.05895385150151711, 4.402435553298106541, 14.49833212799901005 ) ) ;
#2120 = AXIS2_PLACEMENT_3D ( 'NONE', #5156, #4633, #7438 ) ;
#2121 = CARTESIAN_POINT ( 'NONE',  ( 13.22069333197112506, 3.729747284365623194, 19.14833212799901574 ) ) ;
#2122 = ORIENTED_EDGE ( 'NONE', *, *, #4842, .F. ) ;
#2123 = CARTESIAN_POINT ( 'NONE',  ( 0.9582460157974506121, -7.984007349943287757, 14.58166212799870110 ) ) ;
#2124 = CARTESIAN_POINT ( 'NONE',  ( 0.9582460157998371475, 3.406815019553060875, 11.66573359907361151 ) ) ;
#2125 = ORIENTED_EDGE ( 'NONE', *, *, #374, .F. ) ;
#2126 = AXIS2_PLACEMENT_3D ( 'NONE', #6678, #5519, #1574 ) ;
#2127 = ORIENTED_EDGE ( 'NONE', *, *, #4198, .F. ) ;
#2128 = CARTESIAN_POINT ( 'NONE',  ( 12.42226709494465808, 3.859810398357403027, 23.24833212799901361 ) ) ;
#2129 = CIRCLE ( 'NONE', #1281, 0.8999999999999998002 ) ;
#2130 = CARTESIAN_POINT ( 'NONE',  ( -5.330428383661447889, 4.393118539265072009, 20.24832212799901399 ) ) ;
#2131 = AXIS2_PLACEMENT_3D ( 'NONE', #6146, #913, #4944 ) ;
#2132 = DIRECTION ( 'NONE',  ( -0.000000000000000000, -0.000000000000000000, 1.000000000000000000 ) ) ;
#2133 = ORIENTED_EDGE ( 'NONE', *, *, #7269, .F. ) ;
#2134 = VECTOR ( 'NONE', #3299, 1000.000000000000000 ) ;
#2135 = ORIENTED_EDGE ( 'NONE', *, *, #3166, .F. ) ;
#2136 = FACE_OUTER_BOUND ( 'NONE', #365, .T. ) ;
#2137 = ORIENTED_EDGE ( 'NONE', *, *, #6730, .F. ) ;
#2138 = VECTOR ( 'NONE', #2487, 1000.000000000000000 ) ;
#2139 = CARTESIAN_POINT ( 'NONE',  ( -4.099641231600962499, -7.185176620940487702, 16.51499182990613335 ) ) ;
#2140 = CARTESIAN_POINT ( 'NONE',  ( 2.036631926890818178, 3.296651896735200982, 17.84518535856430432 ) ) ;
#2141 = ADVANCED_FACE ( 'NONE', ( #3936 ), #6223, .F. ) ;
#2142 = CARTESIAN_POINT ( 'NONE',  ( -17.67643277480201291, 9.933113728465889025, 24.99666425599802366 ) ) ;
#2143 = CIRCLE ( 'NONE', #686, 0.9000000000000000222 ) ;
#2144 = EDGE_CURVE ( 'NONE', #6828, #5551, #4131, .T. ) ;
#2145 = EDGE_CURVE ( 'NONE', #820, #4810, #2279, .T. ) ;
#2146 = ORIENTED_EDGE ( 'NONE', *, *, #1160, .T. ) ;
#2147 = CARTESIAN_POINT ( 'NONE',  ( 7.970693331971125062, 8.229747284365624083, 9.748332127999011831 ) ) ;
#2148 = LINE ( 'NONE', #1582, #6295 ) ;
#2149 = ORIENTED_EDGE ( 'NONE', *, *, #2847, .T. ) ;
#2150 = CARTESIAN_POINT ( 'NONE',  ( -4.136321125020615774, 5.436247185802859150, 22.74666425599802366 ) ) ;
#2151 = DIRECTION ( 'NONE',  ( 0.000000000000000000, 0.000000000000000000, 1.000000000000000000 ) ) ;
#2152 = VECTOR ( 'NONE', #3915, 1000.000000000000000 ) ;
#2153 = DIRECTION ( 'NONE',  ( 0.000000000000000000, 0.000000000000000000, -1.000000000000000000 ) ) ;
#2154 = CYLINDRICAL_SURFACE ( 'NONE', #5663, 0.9000000000000000222 ) ;
#2155 = CARTESIAN_POINT ( 'NONE',  ( -3.389874902935331669, -7.849346466785145360, 15.48165934017608514 ) ) ;
#2156 = CARTESIAN_POINT ( 'NONE',  ( -0.3378948879941174877, -8.875294732441114220, 18.31495000900120473 ) ) ;
#2157 =( BOUNDED_CURVE ( )  B_SPLINE_CURVE ( 3, ( #622, #1801, #4094, #851 ),
 .UNSPECIFIED., .F., .F. ) 
 B_SPLINE_CURVE_WITH_KNOTS ( ( 4, 4 ),
 ( 1.570796326794896558, 3.141592653589793116 ),
 .UNSPECIFIED. ) 
 CURVE ( )  GEOMETRIC_REPRESENTATION_ITEM ( )  RATIONAL_B_SPLINE_CURVE ( ( 1.000000000000000000, 0.8047378541243649375, 0.8047378541243649375, 1.000000000000000000 ) ) 
 REPRESENTATION_ITEM ( '' )  );
#2158 = EDGE_LOOP ( 'NONE', ( #6425, #3140, #6086 ) ) ;
#2159 = CARTESIAN_POINT ( 'NONE',  ( 2.720693331964280315, 4.025086560483753573, 21.15003379719888343 ) ) ;
#2160 = EDGE_CURVE ( 'NONE', #6743, #6782, #7220, .T. ) ;
#2161 = CARTESIAN_POINT ( 'NONE',  ( -4.136321125020615774, 5.436247185802859150, 9.250000000000000000 ) ) ;
#2162 = AXIS2_PLACEMENT_3D ( 'NONE', #4191, #1998, #2451 ) ;
#2163 = DIRECTION ( 'NONE',  ( -0.2015737629735343539, -0.9794733370953440099, 0.000000000000000000 ) ) ;
#2164 = ORIENTED_EDGE ( 'NONE', *, *, #5259, .F. ) ;
#2165 = CARTESIAN_POINT ( 'NONE',  ( 15.57153635071808928, -8.872004039688027532, 6.998332127999012719 ) ) ;
#2166 = CARTESIAN_POINT ( 'NONE',  ( -5.337894887994158566, 4.456773848707507923, 23.99833212799901005 ) ) ;
#2167 = VERTEX_POINT ( 'NONE', #641 ) ;
#2168 = VECTOR ( 'NONE', #1312, 1000.000000000000000 ) ;
#2169 = VERTEX_POINT ( 'NONE', #2917 ) ;
#2170 = SPHERICAL_SURFACE ( 'NONE', #3945, 1.000000000000000000 ) ;
#2171 = DIRECTION ( 'NONE',  ( 0.000000000000000000, 1.000000000000000000, 0.000000000000000000 ) ) ;
#2172 = CARTESIAN_POINT ( 'NONE',  ( -5.337894887994158566, 4.446164853765942837, 15.48161928978181834 ) ) ;
#2173 = ORIENTED_EDGE ( 'NONE', *, *, #4971, .T. ) ;
#2174 = VERTEX_POINT ( 'NONE', #3485 ) ;
#2175 = CARTESIAN_POINT ( 'NONE',  ( 2.021704316544359337, -8.875294732441114220, 23.99833212799901005 ) ) ;
#2176 = ORIENTED_EDGE ( 'NONE', *, *, #2314, .F. ) ;
#2177 = CARTESIAN_POINT ( 'NONE',  ( -0.3354060526787382979, -8.875294732441114220, 15.48161997298081438 ) ) ;
#2178 = EDGE_CURVE ( 'NONE', #6982, #3297, #31, .T. ) ;
#2179 = CARTESIAN_POINT ( 'NONE',  ( 2.195981536954739521, 4.070952539992247488, 17.41499212799901031 ) ) ;
#2180 = EDGE_CURVE ( 'NONE', #1112, #3290, #3520, .T. ) ;
#2181 = ORIENTED_EDGE ( 'NONE', *, *, #170, .F. ) ;
#2182 = EDGE_LOOP ( 'NONE', ( #4911, #4323, #5140, #3459 ) ) ;
#2183 = AXIS2_PLACEMENT_3D ( 'NONE', #3553, #3446, #3486 ) ;
#2184 = CARTESIAN_POINT ( 'NONE',  ( 2.787983979699071302, 4.011238272263191185, 10.35474137735011269 ) ) ;
#2185 = DIRECTION ( 'NONE',  ( -4.216341781888073566E-16, 1.000000000000000000, 0.000000000000000000 ) ) ;
#2186 = CIRCLE ( 'NONE', #3742, 5.000000000000011546 ) ;
#2187 = B_SPLINE_CURVE_WITH_KNOTS ( 'NONE', 3,
 ( #234, #4113, #4229, #3620 ),
 .UNSPECIFIED., .F., .F.,
 ( 4, 4 ),
 ( 0.001113301643855637993, 0.001132964218624184054 ),
 .UNSPECIFIED. ) ;
#2188 = B_SPLINE_CURVE_WITH_KNOTS ( 'NONE', 3,
 ( #1890, #830, #1285, #4147 ),
 .UNSPECIFIED., .F., .F.,
 ( 4, 4 ),
 ( 0.001800912270902828597, 0.001808375498130361265 ),
 .UNSPECIFIED. ) ;
#2189 = ORIENTED_EDGE ( 'NONE', *, *, #4276, .F. ) ;
#2190 = EDGE_CURVE ( 'NONE', #2921, #2778, #2950, .T. ) ;
#2191 = AXIS2_PLACEMENT_3D ( 'NONE', #86, #1256, #3552 ) ;
#2192 = CARTESIAN_POINT ( 'NONE',  ( 13.55895385150151533, 4.093738386148094044, 15.99833212799901183 ) ) ;
#2193 = CARTESIAN_POINT ( 'NONE',  ( -0.3304283836614456682, -7.984007349944945986, 14.58166212799901373 ) ) ;
#2194 = LINE ( 'NONE', #2638, #4437 ) ;
#2195 = CARTESIAN_POINT ( 'NONE',  ( -5.208679212011682935, -5.016303108404515321, 15.48164660644257751 ) ) ;
#2196 = CARTESIAN_POINT ( 'NONE',  ( 2.819489541967971746, 4.206042478461228917, 20.05479581725190386 ) ) ;
#2197 = CARTESIAN_POINT ( 'NONE',  ( 1.519119568997589376, 4.272368171650646751, 21.24833212799901361 ) ) ;
#2198 = CARTESIAN_POINT ( 'NONE',  ( 15.57153635071808928, -8.872004039688027532, 24.99833212799901361 ) ) ;
#2199 = CARTESIAN_POINT ( 'NONE',  ( 3.906431224102437927, 3.781063941627265113, 23.99833212799901005 ) ) ;
#2200 = CARTESIAN_POINT ( 'NONE',  ( 4.410365631536287800, 4.729747284365623194, 8.748332127999011831 ) ) ;
#2201 = CARTESIAN_POINT ( 'NONE',  ( 5.470693331971125062, 8.229747284365624083, 22.24833212799901361 ) ) ;
#2202 = CARTESIAN_POINT ( 'NONE',  ( -4.136321125020615774, 5.436247185802859150, 10.85040409952761209 ) ) ;
#2203 = VERTEX_POINT ( 'NONE', #6371 ) ;
#2204 = ORIENTED_EDGE ( 'NONE', *, *, #7065, .T. ) ;
#2205 = FACE_OUTER_BOUND ( 'NONE', #3178, .T. ) ;
#2206 = LINE ( 'NONE', #5515, #6627 ) ;
#2207 = FACE_OUTER_BOUND ( 'NONE', #3412, .T. ) ;
#2208 = EDGE_LOOP ( 'NONE', ( #6975, #6793, #645, #6641, #420, #4780, #3835 ) ) ;
#2209 = EDGE_LOOP ( 'NONE', ( #4553, #3564, #4127, #703, #136, #2464 ) ) ;
#2210 = DIRECTION ( 'NONE',  ( 0.000000000000000000, 0.000000000000000000, 1.000000000000000000 ) ) ;
#2211 = EDGE_LOOP ( 'NONE', ( #4773, #2884, #1366, #586, #6187, #6462 ) ) ;
#2212 = EDGE_LOOP ( 'NONE', ( #5979, #1120, #5605, #3214, #3000, #1297 ) ) ;
#2213 = CARTESIAN_POINT ( 'NONE',  ( -0.3378948879941166550, -8.875294732441114220, 15.48162000900120638 ) ) ;
#2214 = EDGE_CURVE ( 'NONE', #3105, #1300, #976, .T. ) ;
#2215 = ORIENTED_EDGE ( 'NONE', *, *, #6546, .F. ) ;
#2216 = ORIENTED_EDGE ( 'NONE', *, *, #6688, .T. ) ;
#2217 = DIRECTION ( 'NONE',  ( -1.000000000000000000, -0.000000000000000000, 0.000000000000000000 ) ) ;
#2218 = CARTESIAN_POINT ( 'NONE',  ( 2.195981536954739521, 4.070952539992247488, 11.74833212799901183 ) ) ;
#2219 = CARTESIAN_POINT ( 'NONE',  ( 2.036631926890818178, 3.296651896735200982, 12.17852535856430229 ) ) ;
#2220 = CARTESIAN_POINT ( 'NONE',  ( 16.28395385150152919, -8.875294732441114220, 23.99833212799901005 ) ) ;
#2221 = DIRECTION ( 'NONE',  ( 1.000000000000000000, 9.714451465470117757E-16, 0.000000000000000000 ) ) ;
#2222 = CARTESIAN_POINT ( 'NONE',  ( 11.78896358600237093, 3.742609536185408814, 23.99833212799901005 ) ) ;
#2223 = CARTESIAN_POINT ( 'NONE',  ( -4.102004650208492365, -7.182488613582316717, 18.31499242733715960 ) ) ;
#2224 = CARTESIAN_POINT ( 'NONE',  ( 12.98168740738112881, 3.974938042154359863, 21.93199243238541030 ) ) ;
#2225 = AXIS2_PLACEMENT_3D ( 'NONE', #3582, #3053, #5387 ) ;
#2226 = EDGE_CURVE ( 'NONE', #1534, #1376, #10, .T. ) ;
#2227 = CARTESIAN_POINT ( 'NONE',  ( -2.551617567214619520, -8.370458121107917648, 19.34833320870985318 ) ) ;
#2228 = CARTESIAN_POINT ( 'NONE',  ( -4.136321125020615774, 5.436247185802859150, 16.51706409952761234 ) ) ;
#2229 = EDGE_CURVE ( 'NONE', #3718, #2609, #5550, .T. ) ;
#2230 = CARTESIAN_POINT ( 'NONE',  ( 1.583246015799837147, -8.236415657595513196, 12.37333212799901361 ) ) ;
#2231 = ORIENTED_EDGE ( 'NONE', *, *, #2551, .F. ) ;
#2232 = EDGE_CURVE ( 'NONE', #1883, #1562, #1861, .T. ) ;
#2233 = CARTESIAN_POINT ( 'NONE',  ( -4.136321125020615774, 5.436247185802859150, 13.68373409952761222 ) ) ;
#2234 = LINE ( 'NONE', #4608, #2782 ) ;
#2235 = EDGE_CURVE ( 'NONE', #7322, #6559, #49, .T. ) ;
#2236 = ORIENTED_EDGE ( 'NONE', *, *, #5587, .T. ) ;
#2237 = ORIENTED_EDGE ( 'NONE', *, *, #1511, .T. ) ;
#2238 = CARTESIAN_POINT ( 'NONE',  ( 19.36578231149358231, 5.288772716631839899, 7.998332127999012719 ) ) ;
#2239 = EDGE_CURVE ( 'NONE', #4474, #5254, #531, .T. ) ;
#2240 = CIRCLE ( 'NONE', #4282, 0.9000000000000000222 ) ;
#2241 = CARTESIAN_POINT ( 'NONE',  ( 1.583246015799837147, -12.57799432079165314, 11.12333212799901183 ) ) ;
#2242 = CARTESIAN_POINT ( 'NONE',  ( 3.720693331971123285, 4.840245285879309023, 8.748332127999013608 ) ) ;
#2243 = EDGE_LOOP ( 'NONE', ( #4086, #3418, #2079, #2503, #2919 ) ) ;
#2244 = AXIS2_PLACEMENT_3D ( 'NONE', #4991, #4954, #5072 ) ;
#2245 = ORIENTED_EDGE ( 'NONE', *, *, #18, .F. ) ;
#2246 = DIRECTION ( 'NONE',  ( -0.000000000000000000, -0.000000000000000000, -1.000000000000000000 ) ) ;
#2247 = ORIENTED_EDGE ( 'NONE', *, *, #2277, .T. ) ;
#2248 = ORIENTED_EDGE ( 'NONE', *, *, #583, .T. ) ;
#2249 = FACE_OUTER_BOUND ( 'NONE', #6826, .T. ) ;
#2250 = CARTESIAN_POINT ( 'NONE',  ( -12.40663181555145123, 9.934409660288995525, 24.99666425599802366 ) ) ;
#2251 = VECTOR ( 'NONE', #7151, 1000.000000000000227 ) ;
#2252 = VERTEX_POINT ( 'NONE', #6970 ) ;
#2253 = ORIENTED_EDGE ( 'NONE', *, *, #3056, .F. ) ;
#2254 = CARTESIAN_POINT ( 'NONE',  ( -4.430428383661448422, 4.393118539265072009, 11.74833212799901183 ) ) ;
#2255 = LINE ( 'NONE', #4556, #3417 ) ;
#2256 = VECTOR ( 'NONE', #4091, 1000.000000000000000 ) ;
#2257 = CARTESIAN_POINT ( 'NONE',  ( -4.429940630196671947, 5.455246975022080669, 12.64603692428736181 ) ) ;
#2258 = DIRECTION ( 'NONE',  ( -1.000000000000000000, 0.000000000000000000, 0.000000000000000000 ) ) ;
#2259 = TOROIDAL_SURFACE ( 'NONE', #1658, 0.9999999999999993339, 0.8999999999999998002 ) ;
#2260 = B_SPLINE_CURVE_WITH_KNOTS ( 'NONE', 3,
 ( #4362, #2056, #1610, #6047, #4395, #3223, #6718, #7316, #2095, #5559 ),
 .UNSPECIFIED., .F., .F.,
 ( 4, 2, 2, 2, 4 ),
 ( 0.001520966393290958726, 0.001774493113211205201, 0.002028019833131452111, 0.002281546553051698803, 0.002535073272971945495 ),
 .UNSPECIFIED. ) ;
#2261 = DIRECTION ( 'NONE',  ( -0.2588112339506885018, -0.9659279192470429098, 0.000000000000000000 ) ) ;
#2262 = LINE ( 'NONE', #5118, #3836 ) ;
#2263 = CARTESIAN_POINT ( 'NONE',  ( 19.40529669821110303, 5.436247185802859150, 22.74666425599802366 ) ) ;
#2264 = CARTESIAN_POINT ( 'NONE',  ( -3.641216819981793140, -7.642802912008154870, 18.31499098005151893 ) ) ;
#2265 = CARTESIAN_POINT ( 'NONE',  ( 2.208246015799835593, 4.130547250359976275, 12.02722809133994453 ) ) ;
#2266 = EDGE_CURVE ( 'NONE', #3290, #2286, #2363, .T. ) ;
#2267 = FACE_OUTER_BOUND ( 'NONE', #312, .T. ) ;
#2268 = EDGE_CURVE ( 'NONE', #2765, #3747, #2471, .T. ) ;
#2269 = CARTESIAN_POINT ( 'NONE',  ( 0.9582460157997613193, -7.984007349944891807, 20.33310400749640934 ) ) ;
#2270 = CARTESIAN_POINT ( 'NONE',  ( -4.337894887994159454, 4.456773848707517693, 10.24999999999999822 ) ) ;
#2271 = CARTESIAN_POINT ( 'NONE',  ( 4.410365631536280695, 6.229747284365624083, 23.99833212799901005 ) ) ;
#2272 = VECTOR ( 'NONE', #3618, 1000.000000000000000 ) ;
#2273 = DIRECTION ( 'NONE',  ( 1.000000000000000000, 0.000000000000000000, 0.000000000000000000 ) ) ;
#2274 = CARTESIAN_POINT ( 'NONE',  ( 2.720693331971122841, 3.729747284365623194, 12.84833212799901325 ) ) ;
#2275 = ORIENTED_EDGE ( 'NONE', *, *, #4464, .F. ) ;
#2276 = CARTESIAN_POINT ( 'NONE',  ( 1.912976276396899822, 3.390725284274772822, 15.11897720917714061 ) ) ;
#2277 = EDGE_CURVE ( 'NONE', #1534, #7200, #2426, .T. ) ;
#2278 = EDGE_CURVE ( 'NONE', #5993, #141, #5135, .T. ) ;
#2279 = LINE ( 'NONE', #4119, #6503 ) ;
#2280 = DIRECTION ( 'NONE',  ( 0.2015737629735344927, 0.9794733370953440099, 0.000000000000000000 ) ) ;
#2281 = ORIENTED_EDGE ( 'NONE', *, *, #6458, .T. ) ;
#2282 = ORIENTED_EDGE ( 'NONE', *, *, #7400, .T. ) ;
#2283 = CARTESIAN_POINT ( 'NONE',  ( -5.337894887994158566, 4.446164853765945502, 21.14827928978181504 ) ) ;
#2284 = AXIS2_PLACEMENT_3D ( 'NONE', #5949, #6544, #2418 ) ;
#2285 = ORIENTED_EDGE ( 'NONE', *, *, #1031, .T. ) ;
#2286 = VERTEX_POINT ( 'NONE', #4047 ) ;
#2287 = CARTESIAN_POINT ( 'NONE',  ( 14.42226709494465631, 4.271406621224085320, 10.74833212799901361 ) ) ;
#2288 = DIRECTION ( 'NONE',  ( 0.9794733370953440099, 0.2015737629735351033, 0.000000000000000000 ) ) ;
#2289 = VERTEX_POINT ( 'NONE', #6337 ) ;
#2290 = ORIENTED_EDGE ( 'NONE', *, *, #2612, .F. ) ;
#2291 = FACE_OUTER_BOUND ( 'NONE', #3574, .T. ) ;
#2292 = LINE ( 'NONE', #4484, #3656 ) ;
#2293 = EDGE_CURVE ( 'NONE', #2399, #4512, #1182, .T. ) ;
#2294 = FACE_OUTER_BOUND ( 'NONE', #5471, .T. ) ;
#2295 = FACE_OUTER_BOUND ( 'NONE', #7185, .T. ) ;
#2296 = CIRCLE ( 'NONE', #5420, 1.500000000000001332 ) ;
#2297 = CARTESIAN_POINT ( 'NONE',  ( -5.337894887994158566, -3.875294732441112444, 10.24999999999999822 ) ) ;
#2298 = CARTESIAN_POINT ( 'NONE',  ( -1.474705100096395105, -8.873752814197144900, 9.761009441300753764 ) ) ;
#2299 = FACE_OUTER_BOUND ( 'NONE', #83, .T. ) ;
#2300 = CARTESIAN_POINT ( 'NONE',  ( -5.304443363323904315, -4.537983515093834797, 18.31497051466360659 ) ) ;
#2301 = CARTESIAN_POINT ( 'NONE',  ( 12.56050819430812915, 3.888260155528169726, 22.22155437685572821 ) ) ;
#2302 = CARTESIAN_POINT ( 'NONE',  ( -5.337887297018019339, -3.884007349944944565, 12.64830121891910508 ) ) ;
#2303 = CIRCLE ( 'NONE', #1341, 0.8999999999999998002 ) ;
#2304 = CARTESIAN_POINT ( 'NONE',  ( 0.9582460157974503900, -7.984007349943287757, 20.24832212799870135 ) ) ;
#2305 = PLANE ( 'NONE',  #4567 ) ;
#2306 = ORIENTED_EDGE ( 'NONE', *, *, #3429, .F. ) ;
#2307 = CARTESIAN_POINT ( 'NONE',  ( -4.432384610162944938, 5.463343191038570801, 13.68399279180167305 ) ) ;
#2308 = CARTESIAN_POINT ( 'NONE',  ( -5.337894887994158566, 4.456773848718799336, 10.84838200983966594 ) ) ;
#2309 = EDGE_CURVE ( 'NONE', #7274, #6492, #7147, .T. ) ;
#2310 = ORIENTED_EDGE ( 'NONE', *, *, #1866, .F. ) ;
#2311 = LINE ( 'NONE', #4081, #2860 ) ;
#2312 = AXIS2_PLACEMENT_3D ( 'NONE', #3199, #5495, #334 ) ;
#2313 = CARTESIAN_POINT ( 'NONE',  ( 7.970693331971125062, 8.229747284365624083, 11.74833212799901183 ) ) ;
#2314 = EDGE_CURVE ( 'NONE', #5754, #6079, #5713, .T. ) ;
#2315 = FACE_OUTER_BOUND ( 'NONE', #1382, .T. ) ;
#2316 = VERTEX_POINT ( 'NONE', #4156 ) ;
#2317 = ORIENTED_EDGE ( 'NONE', *, *, #3166, .T. ) ;
#2318 = CARTESIAN_POINT ( 'NONE',  ( 13.42950504596015016, 4.067098066440379078, 9.000759347261539034 ) ) ;
#2319 = PRODUCT_RELATED_PRODUCT_CATEGORY ( 'part', '', ( #3097 ) ) ;
#2320 = ORIENTED_EDGE ( 'NONE', *, *, #1497, .T. ) ;
#2321 = ORIENTED_EDGE ( 'NONE', *, *, #6305, .T. ) ;
#2322 = CARTESIAN_POINT ( 'NONE',  ( 2.021704316544359337, -8.875294732441112444, 15.48161995495327048 ) ) ;
#2323 = CARTESIAN_POINT ( 'NONE',  ( 2.208246015799835149, 4.130547250359976275, 19.73783203613318449 ) ) ;
#2324 = CARTESIAN_POINT ( 'NONE',  ( -4.136321125020615774, 5.436247185802859150, 7.998332127999012719 ) ) ;
#2325 = ADVANCED_FACE ( 'NONE', ( #3626 ), #2007, .F. ) ;
#2326 = EDGE_CURVE ( 'NONE', #1325, #6758, #5956, .T. ) ;
#2327 = ORIENTED_EDGE ( 'NONE', *, *, #3013, .F. ) ;
#2328 = ORIENTED_EDGE ( 'NONE', *, *, #7006, .T. ) ;
#2329 = CARTESIAN_POINT ( 'NONE',  ( 2.208246015799835149, 4.130547250359976275, 16.51705112044069779 ) ) ;
#2330 = CARTESIAN_POINT ( 'NONE',  ( -0.3025607775276037414, -8.872004039688025756, 23.99833212799901005 ) ) ;
#2331 = EDGE_CURVE ( 'NONE', #717, #5851, #841, .T. ) ;
#2332 = DIRECTION ( 'NONE',  ( 0.000000000000000000, 0.000000000000000000, -1.000000000000000000 ) ) ;
#2333 = EDGE_CURVE ( 'NONE', #6782, #7279, #418, .T. ) ;
#2334 = CARTESIAN_POINT ( 'NONE',  ( 1.501971004210086891, 3.552615431165957904, 18.03999212799734053 ) ) ;
#2335 = CARTESIAN_POINT ( 'NONE',  ( 2.021704316544359337, -8.884007349944944565, 20.24832212799901399 ) ) ;
#2336 = CARTESIAN_POINT ( 'NONE',  ( -2.539413324547791007, -8.873752814197141348, 9.400052307457521295 ) ) ;
#2337 = DIRECTION ( 'NONE',  ( -0.2015737629735342984, -0.9794733370953438989, 0.000000000000000000 ) ) ;
#2338 = CARTESIAN_POINT ( 'NONE',  ( 3.720693331971123730, 11.72974728436562408, 21.24833212799901716 ) ) ;
#2339 = CARTESIAN_POINT ( 'NONE',  ( -4.123167137600544763, 5.433540120033991450, 19.35038112044069436 ) ) ;
#2340 = ADVANCED_FACE ( 'NONE', ( #797 ), #4271, .F. ) ;
#2341 = CARTESIAN_POINT ( 'NONE',  ( -5.337894887994158566, 4.446164853765944613, 18.31494928978182557 ) ) ;
#2342 = DIRECTION ( 'NONE',  ( -1.000000000000000000, 2.515349040166372496E-14, 0.000000000000000000 ) ) ;
#2343 = DIRECTION ( 'NONE',  ( -0.2015737629735342984, -0.9794733370953438989, 0.000000000000000000 ) ) ;
#2344 = CARTESIAN_POINT ( 'NONE',  ( 1.199207447275589145, -8.132527784637215262, 14.08232614110314884 ) ) ;
#2345 = DIRECTION ( 'NONE',  ( -0.000000000000000000, -0.000000000000000000, -1.000000000000000000 ) ) ;
#2346 = ORIENTED_EDGE ( 'NONE', *, *, #794, .T. ) ;
#2347 = CARTESIAN_POINT ( 'NONE',  ( 1.762280412935443685, 3.477989781646234846, 15.18612571321913229 ) ) ;
#2348 =( BOUNDED_CURVE ( )  B_SPLINE_CURVE ( 3, ( #5228, #5828, #5270, #995 ),
 .UNSPECIFIED., .F., .F. ) 
 B_SPLINE_CURVE_WITH_KNOTS ( ( 4, 4 ),
 ( 5.524029678433318935, 7.042340935925853529 ),
 .UNSPECIFIED. ) 
 CURVE ( )  GEOMETRIC_REPRESENTATION_ITEM ( )  RATIONAL_B_SPLINE_CURVE ( ( 1.000000000000000000, 0.8169449718303788410, 0.8169449718303788410, 1.000000000000000000 ) ) 
 REPRESENTATION_ITEM ( '' )  );
#2349 = CARTESIAN_POINT ( 'NONE',  ( -5.337894887994158566, 4.446164562192423730, 16.51503496602262544 ) ) ;
#2350 = CARTESIAN_POINT ( 'NONE',  ( 15.57106778315772821, -8.873752814197141348, 22.74666425599802366 ) ) ;
#2351 = ORIENTED_EDGE ( 'NONE', *, *, #5992, .F. ) ;
#2352 = VECTOR ( 'NONE', #4196, 1000.000000000000000 ) ;
#2353 = ORIENTED_EDGE ( 'NONE', *, *, #6856, .F. ) ;
#2354 = DIRECTION ( 'NONE',  ( -1.000000000000000000, -0.000000000000000000, 0.000000000000000000 ) ) ;
#2355 = ORIENTED_EDGE ( 'NONE', *, *, #4356, .T. ) ;
#2356 = CIRCLE ( 'NONE', #6796, 0.8999999999999998002 ) ;
#2357 = EDGE_LOOP ( 'NONE', ( #3373, #4260, #7213, #3863, #6630, #2806 ) ) ;
#2358 = CARTESIAN_POINT ( 'NONE',  ( 12.42226709494465453, 3.859810398357402583, 8.748332127999013608 ) ) ;
#2359 = CARTESIAN_POINT ( 'NONE',  ( 16.28395385150152919, -8.875294732441114220, 23.99833212799901005 ) ) ;
#2360 = CIRCLE ( 'NONE', #2722, 4.100000000000002309 ) ;
#2361 = VERTEX_POINT ( 'NONE', #195 ) ;
#2362 = CARTESIAN_POINT ( 'NONE',  ( 12.22069333197112329, 12.72974728436562231, 21.24833212799901361 ) ) ;
#2363 = B_SPLINE_CURVE_WITH_KNOTS ( 'NONE', 3,
 ( #1221, #2840, #4646, #2349, #1828 ),
 .UNSPECIFIED., .F., .F.,
 ( 4, 1, 4 ),
 ( 0.006305576480686831721, 0.006338266719974091148, 0.006370956959261350576 ),
 .UNSPECIFIED. ) ;
#2364 = CARTESIAN_POINT ( 'NONE',  ( -4.672349158720131790, -6.389290630176335917, 10.84833427851818932 ) ) ;
#2365 = CARTESIAN_POINT ( 'NONE',  ( -5.337894887994158566, 4.456773848707507923, 23.99833212799901005 ) ) ;
#2366 = ADVANCED_FACE ( 'NONE', ( #7041 ), #5668, .F. ) ;
#2367 = DIRECTION ( 'NONE',  ( -1.000000000000000000, 0.000000000000000000, 0.000000000000000000 ) ) ;
#2368 = AXIS2_PLACEMENT_3D ( 'NONE', #34, #3500, #625 ) ;
#2369 = EDGE_CURVE ( 'NONE', #762, #95, #181, .T. ) ;
#2370 = CARTESIAN_POINT ( 'NONE',  ( 12.93052525632897165, 3.964408968090876506, 12.70052000053977714 ) ) ;
#2371 = LINE ( 'NONE', #5647, #3359 ) ;
#2372 = DIRECTION ( 'NONE',  ( 1.000000000000000000, 0.000000000000000000, 0.000000000000000000 ) ) ;
#2373 = DIRECTION ( 'NONE',  ( 1.000000000000000000, 4.818676322157798361E-16, 0.000000000000000000 ) ) ;
#2374 = AXIS2_PLACEMENT_3D ( 'NONE', #1002, #396, #7319 ) ;
#2375 = ORIENTED_EDGE ( 'NONE', *, *, #4812, .T. ) ;
#2376 = CARTESIAN_POINT ( 'NONE',  ( -0.6676620390903934554, -8.875294732441899370, 16.51502947434608615 ) ) ;
#2377 = AXIS2_PLACEMENT_3D ( 'NONE', #2150, #4448, #969 ) ;
#2378 = DIRECTION ( 'NONE',  ( 2.498001805406602216E-16, -1.000000000000000000, 0.000000000000000000 ) ) ;
#2379 = CARTESIAN_POINT ( 'NONE',  ( -5.337312669317465286, -4.213774396442231840, 19.34834827458399076 ) ) ;
#2380 = AXIS2_PLACEMENT_3D ( 'NONE', #3533, #1804, #2474 ) ;
#2381 = CARTESIAN_POINT ( 'NONE',  ( 5.470693331971125062, 8.229747284365624083, 6.998332127999013608 ) ) ;
#2382 = DIRECTION ( 'NONE',  ( -0.000000000000000000, -0.000000000000000000, 1.000000000000000000 ) ) ;
#2383 = CARTESIAN_POINT ( 'NONE',  ( 2.021704316544363333, -12.57799432079165314, 19.80292419523750524 ) ) ;
#2384 = CARTESIAN_POINT ( 'NONE',  ( -4.429940630196675500, 5.455246975022081557, 15.47936692428736549 ) ) ;
#2385 = EDGE_CURVE ( 'NONE', #5294, #2813, #3770, .T. ) ;
#2386 = ORIENTED_EDGE ( 'NONE', *, *, #6381, .T. ) ;
#2387 = DIRECTION ( 'NONE',  ( 0.000000000000000000, -1.000000000000000000, 0.000000000000000000 ) ) ;
#2388 = CARTESIAN_POINT ( 'NONE',  ( -0.3304283836614452796, -8.875294732441114220, 10.84837430104475509 ) ) ;
#2389 = CIRCLE ( 'NONE', #697, 1.000000000000000888 ) ;
#2390 = DIRECTION ( 'NONE',  ( -0.000000000000000000, -0.000000000000000000, -1.000000000000000000 ) ) ;
#2391 = VERTEX_POINT ( 'NONE', #2081 ) ;
#2392 = ORIENTED_EDGE ( 'NONE', *, *, #2920, .F. ) ;
#2393 = CARTESIAN_POINT ( 'NONE',  ( -0.3025607775276037414, -8.872004039688025756, 24.99833212799901361 ) ) ;
#2394 = ORIENTED_EDGE ( 'NONE', *, *, #2000, .T. ) ;
#2395 = ORIENTED_EDGE ( 'NONE', *, *, #3396, .T. ) ;
#2396 = CARTESIAN_POINT ( 'NONE',  ( -5.337894887994158566, 4.403727938327390845, 12.64830115597333915 ) ) ;
#2397 = CARTESIAN_POINT ( 'NONE',  ( -2.553668632915654158, -8.369294201029720881, 21.14831106985148423 ) ) ;
#2398 = CIRCLE ( 'NONE', #2284, 5.000000000000000888 ) ;
#2399 = VERTEX_POINT ( 'NONE', #5505 ) ;
#2400 = CARTESIAN_POINT ( 'NONE',  ( 2.959699256561175051, 3.975899592580696584, 10.06467182361284429 ) ) ;
#2401 = EDGE_CURVE ( 'NONE', #3586, #4161, #122, .T. ) ;
#2402 = EDGE_CURVE ( 'NONE', #3305, #5110, #4938, .T. ) ;
#2403 = DIRECTION ( 'NONE',  ( -0.000000000000000000, -0.000000000000000000, -1.000000000000000000 ) ) ;
#2404 = DIRECTION ( 'NONE',  ( 0.9794733370953438989, -0.2015737629735347147, -0.000000000000000000 ) ) ;
#2405 = CARTESIAN_POINT ( 'NONE',  ( -4.730116410319063824, 5.569533394172345275, 22.32616446813792876 ) ) ;
#2406 = ORIENTED_EDGE ( 'NONE', *, *, #3237, .F. ) ;
#2407 = CYLINDRICAL_SURFACE ( 'NONE', #472, 1.000000000000000888 ) ;
#2408 = DIRECTION ( 'NONE',  ( -0.2015737629735342984, -0.9794733370953438989, 0.000000000000000000 ) ) ;
#2409 = CARTESIAN_POINT ( 'NONE',  ( -5.337312670008241611, -4.213774000388534446, 12.64830598140831697 ) ) ;
#2410 = ADVANCED_FACE ( 'NONE', ( #6212 ), #3283, .T. ) ;
#2411 = EDGE_LOOP ( 'NONE', ( #7207, #6976, #157, #6619, #6253, #4626, #1229, #6834 ) ) ;
#2412 = CARTESIAN_POINT ( 'NONE',  ( 13.22069333197112506, 4.024125010056279095, 19.41461580751000682 ) ) ;
#2413 = CARTESIAN_POINT ( 'NONE',  ( -4.136321125020615774, 5.436247185802859150, 10.24999999999999822 ) ) ;
#2414 = VECTOR ( 'NONE', #2898, 1000.000000000000000 ) ;
#2415 = CARTESIAN_POINT ( 'NONE',  ( 1.198254432287299664, 3.508614384660480479, 12.24726151349311110 ) ) ;
#2416 = CARTESIAN_POINT ( 'NONE',  ( -0.8746562824944945636, 21.28510420304709072, 6.999999999999999112 ) ) ;
#2417 = EDGE_CURVE ( 'NONE', #1268, #4247, #781, .T. ) ;
#2418 = DIRECTION ( 'NONE',  ( -1.000000000000000000, 0.000000000000000000, 0.000000000000000000 ) ) ;
#2419 = LINE ( 'NONE', #4077, #5850 ) ;
#2420 = AXIS2_PLACEMENT_3D ( 'NONE', #2536, #7149, #3104 ) ;
#2421 = CARTESIAN_POINT ( 'NONE',  ( -0.3304283836614461678, -3.884007349944943677, 11.74833212799901183 ) ) ;
#2422 = ORIENTED_EDGE ( 'NONE', *, *, #5134, .T. ) ;
#2423 = DIRECTION ( 'NONE',  ( -0.000000000000000000, 1.000000000000000000, -0.000000000000000000 ) ) ;
#2424 = CARTESIAN_POINT ( 'NONE',  ( 1.899295661110431910, -8.166727367320568476, 11.20322704185017315 ) ) ;
#2425 = VECTOR ( 'NONE', #3218, 999.9999999999998863 ) ;
#2426 = LINE ( 'NONE', #6935, #4152 ) ;
#2427 = LINE ( 'NONE', #1111, #484 ) ;
#2428 = VERTEX_POINT ( 'NONE', #7225 ) ;
#2429 = ORIENTED_EDGE ( 'NONE', *, *, #1811, .T. ) ;
#2430 = CARTESIAN_POINT ( 'NONE',  ( 13.15340268424363579, 4.010276721837080061, 10.35474137734968636 ) ) ;
#2431 = ORIENTED_EDGE ( 'NONE', *, *, #6449, .T. ) ;
#2432 = ORIENTED_EDGE ( 'NONE', *, *, #4581, .T. ) ;
#2433 = FACE_OUTER_BOUND ( 'NONE', #3712, .T. ) ;
#2434 = CARTESIAN_POINT ( 'NONE',  ( -14.28307289072193598, 12.86592914530930720, 22.74666425599802366 ) ) ;
#2435 = EDGE_LOOP ( 'NONE', ( #814, #2133, #4708, #5824, #1616, #7048 ) ) ;
#2436 = LINE ( 'NONE', #4171, #194 ) ;
#2437 = ADVANCED_FACE ( 'NONE', ( #5616 ), #381, .F. ) ;
#2438 = CARTESIAN_POINT ( 'NONE',  ( -4.136321125020615774, 5.436247185802859150, 23.99833212799901005 ) ) ;
#2439 = CARTESIAN_POINT ( 'NONE',  ( 1.265884682270839168, 3.529666789526793469, 17.95967666238999882 ) ) ;
#2440 = CARTESIAN_POINT ( 'NONE',  ( 14.36957811565432408, 4.260563328792784432, 11.27496638131352213 ) ) ;
#2441 = ORIENTED_EDGE ( 'NONE', *, *, #6263, .F. ) ;
#2442 = CARTESIAN_POINT ( 'NONE',  ( 2.021704316544363333, -8.875294732441114220, 15.02706006076051892 ) ) ;
#2443 = CARTESIAN_POINT ( 'NONE',  ( 12.03962773940497222, 3.781063941627264224, 23.99833212799901005 ) ) ;
#2444 = CARTESIAN_POINT ( 'NONE',  ( 19.36578231149358231, 5.288772716631839899, 6.998332127999012719 ) ) ;
#2445 = EDGE_LOOP ( 'NONE', ( #1410, #5594, #5311, #3135 ) ) ;
#2446 = CARTESIAN_POINT ( 'NONE',  ( -4.648969577478695214, 5.410062931143256648, 19.35053455550846735 ) ) ;
#2447 = B_SPLINE_CURVE_WITH_KNOTS ( 'NONE', 3,
 ( #5060, #1140, #4607, #5130, #45, #2344, #1742, #4005, #525, #6367 ),
 .UNSPECIFIED., .F., .F.,
 ( 4, 2, 2, 2, 4 ),
 ( 0.001520966393290953738, 0.001774493113211200431, 0.002028019833131447340, 0.002281546553051693599, 0.002535073272971940291 ),
 .UNSPECIFIED. ) ;
#2448 = DIRECTION ( 'NONE',  ( -0.000000000000000000, -0.000000000000000000, -1.000000000000000000 ) ) ;
#2449 = CARTESIAN_POINT ( 'NONE',  ( 1.751785773140523084, -8.218418253747351798, 16.80785023071154427 ) ) ;
#2450 = CARTESIAN_POINT ( 'NONE',  ( 11.53569333197113167, 6.229747284365624083, 23.99833212799901005 ) ) ;
#2451 = DIRECTION ( 'NONE',  ( 1.000000000000000000, 0.000000000000000000, 0.000000000000000000 ) ) ;
#2452 = AXIS2_PLACEMENT_3D ( 'NONE', #5005, #6279, #5113 ) ;
#2453 = DIRECTION ( 'NONE',  ( 1.000000000000000000, 0.000000000000000000, 0.000000000000000000 ) ) ;
#2454 = FACE_OUTER_BOUND ( 'NONE', #7137, .T. ) ;
#2455 = EDGE_LOOP ( 'NONE', ( #3723, #3117, #6301, #5624, #5035 ) ) ;
#2457 = EDGE_CURVE ( 'NONE', #3903, #7389, #903, .T. ) ;
#2456 = CARTESIAN_POINT ( 'NONE',  ( -0.3378948879941174877, -8.875294732441114220, 18.31495000900120473 ) ) ;
#2458 = EDGE_CURVE ( 'NONE', #1485, #3075, #6105, .T. ) ;
#2459 = CARTESIAN_POINT ( 'NONE',  ( -5.330428383661447889, 4.393118539265072009, 17.41499212799901031 ) ) ;
#2460 = EDGE_CURVE ( 'NONE', #6188, #1650, #6789, .T. ) ;
#2461 = EDGE_CURVE ( 'NONE', #3144, #6639, #642, .T. ) ;
#2462 = VECTOR ( 'NONE', #1048, 1000.000000000000000 ) ;
#2463 = ORIENTED_EDGE ( 'NONE', *, *, #1687, .T. ) ;
#2464 = ORIENTED_EDGE ( 'NONE', *, *, #4809, .F. ) ;
#2465 = CARTESIAN_POINT ( 'NONE',  ( -17.22255376510846503, 11.11286011707180243, 24.99666425599802366 ) ) ;
#2466 = EDGE_CURVE ( 'NONE', #1258, #2849, #6190, .T. ) ;
#2467 = VERTEX_POINT ( 'NONE', #5091 ) ;
#2468 = ORIENTED_EDGE ( 'NONE', *, *, #5267, .F. ) ;
#2469 = LINE ( 'NONE', #1906, #1439 ) ;
#2470 = CARTESIAN_POINT ( 'NONE',  ( -0.3304283836614452796, -8.884007349944946341, 14.58166212799901373 ) ) ;
#2471 = CIRCLE ( 'NONE', #2715, 0.8999999999999998002 ) ;
#2472 = ORIENTED_EDGE ( 'NONE', *, *, #5992, .T. ) ;
#2473 = CARTESIAN_POINT ( 'NONE',  ( -17.22255376510845792, -14.55036574546608108, 6.999999999999999112 ) ) ;
#2474 = DIRECTION ( 'NONE',  ( -7.228014483236697541E-16, 1.000000000000000000, 0.000000000000000000 ) ) ;
#2475 = CARTESIAN_POINT ( 'NONE',  ( 2.208246015799835149, 4.130547250359976275, 19.35038112044069791 ) ) ;
#2476 = AXIS2_PLACEMENT_3D ( 'NONE', #5004, #2217, #5486 ) ;
#2477 = LINE ( 'NONE', #4214, #5895 ) ;
#2478 = MANIFOLD_SOLID_BREP ( 'Fillet5', #82 ) ;
#2479 = VERTEX_POINT ( 'NONE', #2302 ) ;
#2480 = CARTESIAN_POINT ( 'NONE',  ( 2.195981536954739521, 4.070952539992247488, 11.74833212799901183 ) ) ;
#2481 = DIRECTION ( 'NONE',  ( 0.000000000000000000, 0.000000000000000000, 1.000000000000000000 ) ) ;
#2482 = DIRECTION ( 'NONE',  ( 1.000000000000000000, 0.000000000000000000, 0.000000000000000000 ) ) ;
#2483 = AXIS2_PLACEMENT_3D ( 'NONE', #4739, #1912, #5862 ) ;
#2484 = EDGE_LOOP ( 'NONE', ( #802, #1074, #3602, #7376 ) ) ;
#2485 = CARTESIAN_POINT ( 'NONE',  ( -5.337894887994158566, -3.875294732441076917, 21.74666425599802366 ) ) ;
#2486 = CIRCLE ( 'NONE', #6085, 1.000000000000000888 ) ;
#2487 = DIRECTION ( 'NONE',  ( -0.000000000000000000, -0.000000000000000000, 1.000000000000000000 ) ) ;
#2488 = CARTESIAN_POINT ( 'NONE',  ( 0.9582460157998373695, 3.406815019553060875, 20.33086488238459211 ) ) ;
#2489 = CARTESIAN_POINT ( 'NONE',  ( -17.22255376510845792, -14.55036574546608108, 24.99666425599802366 ) ) ;
#2490 = PLANE ( 'NONE',  #1922 ) ;
#2491 = CARTESIAN_POINT ( 'NONE',  ( -5.337894887994158566, 4.403727702222955287, 10.84836310002468807 ) ) ;
#2492 =( NAMED_UNIT ( * ) SI_UNIT ( $, .STERADIAN. ) SOLID_ANGLE_UNIT ( ) );
#2493 = TOROIDAL_SURFACE ( 'NONE', #2971, 5.000000000000001776, 0.8999999999999998002 ) ;
#2494 = ADVANCED_FACE ( 'NONE', ( #5804 ), #2043, .F. ) ;
#2495 = VERTEX_POINT ( 'NONE', #6323 ) ;
#2496 = DIRECTION ( 'NONE',  ( -0.000000000000000000, -0.000000000000000000, -1.000000000000000000 ) ) ;
#2497 = CIRCLE ( 'NONE', #1541, 0.9000000000000000222 ) ;
#2498 = ADVANCED_FACE ( 'NONE', ( #2267 ), #6848, .F. ) ;
#2499 = CARTESIAN_POINT ( 'NONE',  ( 3.589770040865613243, 4.894132817983630979, 22.24833212799901005 ) ) ;
#2500 = AXIS2_PLACEMENT_3D ( 'NONE', #7271, #1637, #4354 ) ;
#2501 = CARTESIAN_POINT ( 'NONE',  ( -0.3020922099672417871, -8.873752814197141348, 22.74666425599802366 ) ) ;
#2502 = ORIENTED_EDGE ( 'NONE', *, *, #3892, .T. ) ;
#2503 = ORIENTED_EDGE ( 'NONE', *, *, #523, .F. ) ;
#2504 = CARTESIAN_POINT ( 'NONE',  ( -5.337894887994158566, -3.878198939378064480, 16.51502310002469187 ) ) ;
#2505 = CARTESIAN_POINT ( 'NONE',  ( 1.083725061773643139, 3.466226663040250511, 11.36416719646719820 ) ) ;
#2506 = ORIENTED_EDGE ( 'NONE', *, *, #760, .F. ) ;
#2507 = EDGE_CURVE ( 'NONE', #3660, #4831, #6550, .T. ) ;
#2508 = ORIENTED_EDGE ( 'NONE', *, *, #2828, .F. ) ;
#2509 = DIRECTION ( 'NONE',  ( -1.000000000000000000, 1.092801349243425181E-16, 0.000000000000000000 ) ) ;
#2510 = VECTOR ( 'NONE', #1551, 1000.000000000000000 ) ;
#2511 = DIRECTION ( 'NONE',  ( -0.000000000000000000, -0.000000000000000000, -1.000000000000000000 ) ) ;
#2512 = ORIENTED_EDGE ( 'NONE', *, *, #2672, .T. ) ;
#2513 = CARTESIAN_POINT ( 'NONE',  ( -5.337894887994158566, -3.878198939378064480, 18.31496115597333585 ) ) ;
#2514 = CARTESIAN_POINT ( 'NONE',  ( -5.337894887994159454, 4.424946075272207402, 13.68169578731736813 ) ) ;
#2515 = CARTESIAN_POINT ( 'NONE',  ( -0.3304283836614452796, -8.875294732441112444, 19.34836430104475369 ) ) ;
#2516 = AXIS2_PLACEMENT_3D ( 'NONE', #1514, #4455, #3278 ) ;
#2517 = DIRECTION ( 'NONE',  ( -1.000000000000000000, -5.204170427930416550E-15, 0.000000000000000000 ) ) ;
#2518 = VERTEX_POINT ( 'NONE', #5160 ) ;
#2519 = DIRECTION ( 'NONE',  ( 0.000000000000000000, -1.000000000000000000, 0.000000000000000000 ) ) ;
#2520 = CARTESIAN_POINT ( 'NONE',  ( -0.4620593149765189200, -8.873752814197141348, 23.99833212799901005 ) ) ;
#2521 = CARTESIAN_POINT ( 'NONE',  ( -0.6676624351433219084, -8.875294732441263434, 12.64829478165767007 ) ) ;
#2522 = VECTOR ( 'NONE', #1879, 1000.000000000000000 ) ;
#2523 = VERTEX_POINT ( 'NONE', #4001 ) ;
#2524 = VERTEX_POINT ( 'NONE', #1665 ) ;
#2525 = CARTESIAN_POINT ( 'NONE',  ( -6.337894887994158566, -3.875294732441077805, 22.74666425599802366 ) ) ;
#2526 = DIRECTION ( 'NONE',  ( 0.000000000000000000, -0.000000000000000000, 1.000000000000000000 ) ) ;
#2527 = DIRECTION ( 'NONE',  ( -0.000000000000000000, -0.000000000000000000, 1.000000000000000000 ) ) ;
#2528 = CARTESIAN_POINT ( 'NONE',  ( -5.330428383661446112, -3.884007349944944565, 20.24832212799901399 ) ) ;
#2529 = DIRECTION ( 'NONE',  ( -0.2588112339506883908, 0.9659279192470430209, 0.000000000000000000 ) ) ;
#2530 = CARTESIAN_POINT ( 'NONE',  ( -0.5680231169427062410, -8.873752814197143124, 21.83391232380527569 ) ) ;
#2531 = VERTEX_POINT ( 'NONE', #6361 ) ;
#2532 = DIRECTION ( 'NONE',  ( -7.228014483236697541E-16, 1.000000000000000000, 0.000000000000000000 ) ) ;
#2533 = EDGE_CURVE ( 'NONE', #2174, #4502, #4528, .T. ) ;
#2534 = CARTESIAN_POINT ( 'NONE',  ( 2.720693331963754513, 4.025086560484315790, 21.34604735220706573 ) ) ;
#2535 = CIRCLE ( 'NONE', #3501, 2.500000000000000444 ) ;
#2536 = CARTESIAN_POINT ( 'NONE',  ( 2.195981536954739521, 4.070952539992247488, 14.58166212799901373 ) ) ;
#2537 = EDGE_LOOP ( 'NONE', ( #1824, #5997, #91, #1044, #506, #5467 ) ) ;
#2538 = CIRCLE ( 'NONE', #6026, 1.000000000000000888 ) ;
#2539 = B_SPLINE_CURVE_WITH_KNOTS ( 'NONE', 3,
 ( #524, #2834, #6330, #4640 ),
 .UNSPECIFIED., .F., .F.,
 ( 4, 4 ),
 ( 0.001800912270902829682, 0.001808375498130362349 ),
 .UNSPECIFIED. ) ;
#2540 = DIRECTION ( 'NONE',  ( -0.000000000000000000, 1.000000000000000000, -0.000000000000000000 ) ) ;
#2541 = CARTESIAN_POINT ( 'NONE',  ( 1.501971004210086669, 3.552615431165957016, 15.20666212799733685 ) ) ;
#2542 = VERTEX_POINT ( 'NONE', #3962 ) ;
#2543 = ORIENTED_EDGE ( 'NONE', *, *, #5865, .T. ) ;
#2544 = CARTESIAN_POINT ( 'NONE',  ( 1.571808548287693119, 4.261524879219394712, 11.27496638131360918 ) ) ;
#2545 = CARTESIAN_POINT ( 'NONE',  ( 21.28395385150157182, 21.28510420304709072, 6.999999999999999112 ) ) ;
#2546 = EDGE_CURVE ( 'NONE', #6604, #7028, #4425, .T. ) ;
#2547 = VERTEX_POINT ( 'NONE', #4682 ) ;
#2548 = CARTESIAN_POINT ( 'NONE',  ( 2.021704316544359337, -8.101945535577449675, 12.19373006076051880 ) ) ;
#2549 = EDGE_LOOP ( 'NONE', ( #5, #2773, #162, #2441 ) ) ;
#2550 = DIRECTION ( 'NONE',  ( 9.392764624727896197E-16, -1.000000000000000000, 0.000000000000000000 ) ) ;
#2551 = EDGE_CURVE ( 'NONE', #6140, #19, #6887, .T. ) ;
#2552 = FACE_OUTER_BOUND ( 'NONE', #2581, .T. ) ;
#2553 = PRODUCT_DEFINITION_SHAPE ( 'NONE', 'NONE',  #3646 ) ;
#2554 = EDGE_CURVE ( 'NONE', #3268, #6729, #62, .T. ) ;
#2555 = EDGE_CURVE ( 'NONE', #763, #286, #4519, .T. ) ;
#2556 = ORIENTED_EDGE ( 'NONE', *, *, #1811, .F. ) ;
#2557 = CYLINDRICAL_SURFACE ( 'NONE', #6725, 1.050000000000000488 ) ;
#2558 = CARTESIAN_POINT ( 'NONE',  ( 4.157095377505041434, 3.742609536185408370, 6.998332127999012719 ) ) ;
#2559 = EDGE_CURVE ( 'NONE', #2518, #7310, #4783, .T. ) ;
#2560 = CARTESIAN_POINT ( 'NONE',  ( -4.102004650208493253, -7.182488613582319381, 12.64833242733716467 ) ) ;
#2561 = ORIENTED_EDGE ( 'NONE', *, *, #3383, .T. ) ;
#2562 = EDGE_CURVE ( 'NONE', #5110, #7274, #5470, .T. ) ;
#2563 = VERTEX_POINT ( 'NONE', #4146 ) ;
#2564 = CARTESIAN_POINT ( 'NONE',  ( -17.67643277480201647, -13.37061935686017655, 22.74666425599802366 ) ) ;
#2565 = CARTESIAN_POINT ( 'NONE',  ( 1.583246015799837147, -8.875294732441114220, 14.58166212799901373 ) ) ;
#2566 = FACE_OUTER_BOUND ( 'NONE', #6815, .T. ) ;
#2567 = CARTESIAN_POINT ( 'NONE',  ( 1.498882927495583717, -8.236415657595514972, 18.03999212799901031 ) ) ;
#2568 = LINE ( 'NONE', #232, #3239 ) ;
#2569 = CARTESIAN_POINT ( 'NONE',  ( -0.3378948879941166550, -8.875294732441114220, 12.64829000900120626 ) ) ;
#2570 = EDGE_LOOP ( 'NONE', ( #4554, #6599 ) ) ;
#2571 = CYLINDRICAL_SURFACE ( 'NONE', #1894, 2.500000000000000444 ) ;
#2572 = CARTESIAN_POINT ( 'NONE',  ( 2.720693331971123730, 5.251841508745992648, 21.24833212799901361 ) ) ;
#2573 = DIRECTION ( 'NONE',  ( 1.000000000000000000, 0.000000000000000000, 0.000000000000000000 ) ) ;
#2574 = ORIENTED_EDGE ( 'NONE', *, *, #3342, .F. ) ;
#2575 = CARTESIAN_POINT ( 'NONE',  ( 11.53569333197113167, 6.229747284365624083, 8.748332127999011831 ) ) ;
#2576 = CARTESIAN_POINT ( 'NONE',  ( -4.136321125020615774, 5.436247185802859150, 23.99833212799901005 ) ) ;
#2577 = EDGE_LOOP ( 'NONE', ( #4394, #2574, #5775, #6032 ) ) ;
#2578 = ORIENTED_EDGE ( 'NONE', *, *, #2239, .T. ) ;
#2579 = CARTESIAN_POINT ( 'NONE',  ( 1.519119569005740633, 4.272368171648971646, 11.01175093423258211 ) ) ;
#2580 = DIRECTION ( 'NONE',  ( 0.000000000000000000, 1.000000000000000000, 0.000000000000000000 ) ) ;
#2581 = EDGE_LOOP ( 'NONE', ( #6042, #2010, #5243, #1502, #7196, #5631 ) ) ;
#2582 = CARTESIAN_POINT ( 'NONE',  ( 13.22069333197112506, 4.024125010056279095, 12.58204844848802217 ) ) ;
#2583 = ORIENTED_EDGE ( 'NONE', *, *, #5780, .T. ) ;
#2584 = EDGE_CURVE ( 'NONE', #328, #6520, #4189, .T. ) ;
#2585 = CARTESIAN_POINT ( 'NONE',  ( 3.720693331971123285, 11.72974728436562408, 11.74833212799901183 ) ) ;
#2586 = CARTESIAN_POINT ( 'NONE',  ( -6.337894887994158566, 4.456773848707507923, 21.74666425599802366 ) ) ;
#2587 =( BOUNDED_CURVE ( )  B_SPLINE_CURVE ( 3, ( #7272, #3292, #5066, #1605 ),
 .UNSPECIFIED., .F., .F. ) 
 B_SPLINE_CURVE_WITH_KNOTS ( ( 4, 4 ),
 ( 5.123047429050211043, 6.283185307179584456 ),
 .UNSPECIFIED. ) 
 CURVE ( )  GEOMETRIC_REPRESENTATION_ITEM ( )  RATIONAL_B_SPLINE_CURVE ( ( 1.000000000000000000, 0.8909499117799359880, 0.8909499117799359880, 1.000000000000000000 ) ) 
 REPRESENTATION_ITEM ( '' )  );
#2588 = ADVANCED_FACE ( 'NONE', ( #2566 ), #4858, .T. ) ;
#2589 = EDGE_LOOP ( 'NONE', ( #2543, #3454, #4615 ) ) ;
#2590 = DIRECTION ( 'NONE',  ( -0.000000000000000000, -0.000000000000000000, -1.000000000000000000 ) ) ;
#2591 = CARTESIAN_POINT ( 'NONE',  ( 2.720693331971123730, 4.184853523558589750, 20.03946176911312094 ) ) ;
#2592 = VERTEX_POINT ( 'NONE', #4265 ) ;
#2593 = EDGE_CURVE ( 'NONE', #1668, #5868, #6541, .T. ) ;
#2595 = ORIENTED_EDGE ( 'NONE', *, *, #6812, .T. ) ;
#2594 = CIRCLE ( 'NONE', #7148, 0.9999999999999997780 ) ;
#2596 = DIRECTION ( 'NONE',  ( 0.000000000000000000, -1.000000000000000000, 0.000000000000000000 ) ) ;
#2597 = EDGE_CURVE ( 'NONE', #2169, #1668, #6586, .T. ) ;
#2598 = DIRECTION ( 'NONE',  ( 0.000000000000000000, 1.000000000000000000, 0.000000000000000000 ) ) ;
#2599 = CARTESIAN_POINT ( 'NONE',  ( 12.22069333197112329, 11.72974728436562408, 21.24833212799901716 ) ) ;
#2600 = CARTESIAN_POINT ( 'NONE',  ( 2.195981536954739521, 4.070952539992247488, 17.41499212799901031 ) ) ;
#2601 = VECTOR ( 'NONE', #2246, 1000.000000000000000 ) ;
#2602 = CARTESIAN_POINT ( 'NONE',  ( -5.337887297018019339, -3.884007349944944565, 15.48163121891910521 ) ) ;
#2603 = CARTESIAN_POINT ( 'NONE',  ( -5.337894887994158566, -3.875294732441077805, 15.48163115597333750 ) ) ;
#2604 = EDGE_LOOP ( 'NONE', ( #4436, #7010, #2653 ) ) ;
#2605 = VECTOR ( 'NONE', #1249, 1000.000000000000000 ) ;
#2606 = DIRECTION ( 'NONE',  ( 1.000000000000000000, 0.000000000000000000, 0.000000000000000000 ) ) ;
#2607 = DIRECTION ( 'NONE',  ( -0.000000000000000000, -0.000000000000000000, -1.000000000000000000 ) ) ;
#2608 = AXIS2_PLACEMENT_3D ( 'NONE', #6923, #1206, #1173 ) ;
#2609 = VERTEX_POINT ( 'NONE', #1926 ) ;
#2610 = CARTESIAN_POINT ( 'NONE',  ( -4.099641231600962499, -7.185176620940487702, 13.68166182990614033 ) ) ;
#2611 = LINE ( 'NONE', #2726, #252 ) ;
#2612 = EDGE_CURVE ( 'NONE', #4502, #3067, #3165, .T. ) ;
#2613 = ORIENTED_EDGE ( 'NONE', *, *, #341, .F. ) ;
#2614 = CIRCLE ( 'NONE', #3817, 1.000000000000000888 ) ;
#2615 = ORIENTED_EDGE ( 'NONE', *, *, #2333, .T. ) ;
#2616 = CARTESIAN_POINT ( 'NONE',  ( -4.337894887994159454, 4.456773848707517693, 10.24999999999999822 ) ) ;
#2617 = CIRCLE ( 'NONE', #2500, 1.049999999999998934 ) ;
#2618 = FACE_OUTER_BOUND ( 'NONE', #2182, .T. ) ;
#2619 = AXIS2_PLACEMENT_3D ( 'NONE', #4065, #6416, #4776 ) ;
#2620 = ORIENTED_EDGE ( 'NONE', *, *, #3383, .F. ) ;
#2621 = ORIENTED_EDGE ( 'NONE', *, *, #3016, .T. ) ;
#2622 = CARTESIAN_POINT ( 'NONE',  ( 0.000000000000000000, 3.729747284365623194, 12.84833212799901325 ) ) ;
#2623 = ORIENTED_EDGE ( 'NONE', *, *, #5818, .F. ) ;
#2624 = B_SPLINE_CURVE_WITH_KNOTS ( 'NONE', 3,
 ( #2975, #5273, #1921, #7027, #4181 ),
 .UNSPECIFIED., .F., .F.,
 ( 4, 1, 4 ),
 ( 0.006305576480686823915, 0.006338266719974083342, 0.006370956959261342770 ),
 .UNSPECIFIED. ) ;
#2625 = CYLINDRICAL_SURFACE ( 'NONE', #6693, 0.9000000000000000222 ) ;
#2626 = CARTESIAN_POINT ( 'NONE',  ( 2.208246015799835149, 4.130547250359976275, 23.99833212799901005 ) ) ;
#2627 = CARTESIAN_POINT ( 'NONE',  ( 1.899992864411726989, -8.166483265202609587, 12.29314434279442914 ) ) ;
#2628 = TOROIDAL_SURFACE ( 'NONE', #1306, 0.9999999999999993339, 0.8999999999999998002 ) ;
#2629 = EDGE_LOOP ( 'NONE', ( #94, #2762, #128, #4194, #2814 ) ) ;
#2630 = PLANE ( 'NONE',  #6078 ) ;
#2631 = EDGE_CURVE ( 'NONE', #4012, #361, #4250, .T. ) ;
#2632 = CARTESIAN_POINT ( 'NONE',  ( 13.41858256088343460, 4.064850239639432594, 19.49427416412227032 ) ) ;
#2633 = VERTEX_POINT ( 'NONE', #711 ) ;
#2634 = ORIENTED_EDGE ( 'NONE', *, *, #2554, .T. ) ;
#2635 =( BOUNDED_SURFACE ( )  B_SPLINE_SURFACE ( 3, 2, ( 
 ( #1958, #823, #1466 ),
 ( #1988, #6019, #6054 ),
 ( #862, #3758, #7101 ),
 ( #2632, #780, #7210 ),
 ( #2067, #4369, #1505 ),
 ( #3793, #3834, #6088 ),
 ( #934, #3231, #7250 ),
 ( #2107, #3084, #5382 ),
 ( #225, #1654, #1727 ),
 ( #4593, #3304, #6199 ) ),
 .UNSPECIFIED., .F., .F., .T. ) 
 B_SPLINE_SURFACE_WITH_KNOTS ( ( 4, 2, 2, 2, 4 ),
 ( 3, 3 ),
 ( 4.702964202423919993, 5.098019478612837219, 5.493074754801753556, 5.888130030990669894, 6.283185307179586232 ),
 ( 0.000000000000000000, 1.000000000000000000 ),
 .UNSPECIFIED. ) 
 GEOMETRIC_REPRESENTATION_ITEM ( )  RATIONAL_B_SPLINE_SURFACE ( (
 ( 1.000000000000000000, 0.7077781290184211871, 1.000000000000000000),
 ( 1.000000000000000000, 0.6984047204365448902, 1.000000000000000000),
 ( 1.000000000000000000, 0.6888170579976010677, 1.000000000000000000),
 ( 1.000000000000000000, 0.6707265110485922666, 1.000000000000000000),
 ( 1.000000000000000000, 0.6622312850232461301, 1.000000000000000000),
 ( 1.000000000000000000, 0.6478367146453851699, 1.000000000000000000),
 ( 1.000000000000000000, 0.6419502525993092679, 1.000000000000000000),
 ( 1.000000000000000000, 0.6339434711998421790, 1.000000000000000000),
 ( 1.000000000000000000, 0.6318199295440422025, 1.000000000000000000),
 ( 1.000000000000000000, 0.6318331413539752806, 1.000000000000000000) ) ) 
 REPRESENTATION_ITEM ( '' )  SURFACE ( )  );
#2636 = DIRECTION ( 'NONE',  ( -0.9794733370953438989, 0.2015737629735347147, 0.000000000000000000 ) ) ;
#2637 = CARTESIAN_POINT ( 'NONE',  ( 2.534094338921053513, 4.063488280847908918, 12.50080058577927034 ) ) ;
#2638 = CARTESIAN_POINT ( 'NONE',  ( 11.53569333197112101, 4.729747284365622306, 22.24833212799901361 ) ) ;
#2639 = CARTESIAN_POINT ( 'NONE',  ( 1.751084036740373939, -8.218663944361779272, 15.18909880307108473 ) ) ;
#2640 = CARTESIAN_POINT ( 'NONE',  ( -4.129744134739635975, 5.434893653624119025, 18.31292882204863304 ) ) ;
#2641 = VECTOR ( 'NONE', #1399, 1000.000000000000114 ) ;
#2642 = ADVANCED_FACE ( 'NONE', ( #4718 ), #3694, .T. ) ;
#2643 = CARTESIAN_POINT ( 'NONE',  ( 3.720693331971123285, 4.840245285879309023, 11.74833212799901183 ) ) ;
#2644 = ORIENTED_EDGE ( 'NONE', *, *, #2533, .T. ) ;
#2645 = FACE_OUTER_BOUND ( 'NONE', #6908, .T. ) ;
#2646 = EDGE_CURVE ( 'NONE', #6504, #15, #5314, .T. ) ;
#2647 = DIRECTION ( 'NONE',  ( 0.000000000000000000, 0.000000000000000000, -1.000000000000000000 ) ) ;
#2648 = B_SPLINE_CURVE_WITH_KNOTS ( 'NONE', 3,
 ( #1138, #5164, #5239, #4076 ),
 .UNSPECIFIED., .F., .F.,
 ( 4, 4 ),
 ( 8.673617379884035472E-19, 8.712620810958721990E-06 ),
 .UNSPECIFIED. ) ;
#2649 = DIRECTION ( 'NONE',  ( 1.000000000000000000, -3.469446951953611033E-15, 0.000000000000000000 ) ) ;
#2650 = ORIENTED_EDGE ( 'NONE', *, *, #5852, .F. ) ;
#2651 = CARTESIAN_POINT ( 'NONE',  ( 1.413965883628310216, -8.218325354206799105, 15.18876170632876921 ) ) ;
#2652 = CARTESIAN_POINT ( 'NONE',  ( -6.337894887994158566, 4.456773848707498153, 10.24999999999999822 ) ) ;
#2653 = ORIENTED_EDGE ( 'NONE', *, *, #1455, .T. ) ;
#2654 = ORIENTED_EDGE ( 'NONE', *, *, #1123, .T. ) ;
#2655 = CARTESIAN_POINT ( 'NONE',  ( 4.410365631536287800, 4.729747284365622306, 22.24833212799901361 ) ) ;
#2656 = EDGE_CURVE ( 'NONE', #3067, #269, #6122, .T. ) ;
#2657 = CARTESIAN_POINT ( 'NONE',  ( 12.25783873345693031, 4.815888009284663873, 20.24833212799901361 ) ) ;
#2658 = VECTOR ( 'NONE', #3502, 1000.000000000000000 ) ;
#2659 = DIRECTION ( 'NONE',  ( 1.000000000000000000, 9.714451465470117757E-16, 0.000000000000000000 ) ) ;
#2660 = ORIENTED_EDGE ( 'NONE', *, *, #4873, .F. ) ;
#2661 = ORIENTED_EDGE ( 'NONE', *, *, #643, .T. ) ;
#2662 = CYLINDRICAL_SURFACE ( 'NONE', #2244, 5.000000000000000000 ) ;
#2663 = ORIENTED_EDGE ( 'NONE', *, *, #4350, .T. ) ;
#2664 = CIRCLE ( 'NONE', #971, 1.000000000000000888 ) ;
#2665 = CARTESIAN_POINT ( 'NONE',  ( -5.078155705031117684, -5.498751506990035232, 16.51500193599486721 ) ) ;
#2666 = DIRECTION ( 'NONE',  ( 2.498001805406602216E-16, -1.000000000000000000, 0.000000000000000000 ) ) ;
#2667 = DIRECTION ( 'NONE',  ( 0.000000000000000000, 0.000000000000000000, 1.000000000000000000 ) ) ;
#2668 = AXIS2_PLACEMENT_3D ( 'NONE', #2470, #6007, #5330 ) ;
#2669 = ORIENTED_EDGE ( 'NONE', *, *, #2034, .F. ) ;
#2670 = DIRECTION ( 'NONE',  ( -0.000000000000000000, 1.000000000000000000, -0.000000000000000000 ) ) ;
#2671 = CARTESIAN_POINT ( 'NONE',  ( 15.57153635071808928, -8.872004039688027532, 24.99833212799901361 ) ) ;
#2672 = EDGE_CURVE ( 'NONE', #3586, #3297, #7179, .T. ) ;
#2673 = VERTEX_POINT ( 'NONE', #7255 ) ;
#2674 = CIRCLE ( 'NONE', #1346, 5.000000000000000000 ) ;
#2675 = DIRECTION ( 'NONE',  ( 0.000000000000000000, -1.000000000000000000, 0.000000000000000000 ) ) ;
#2676 = CARTESIAN_POINT ( 'NONE',  ( 10.34865194254071596, -12.57799432079165314, 17.83396615689146358 ) ) ;
#2677 = CARTESIAN_POINT ( 'NONE',  ( -14.28307289072193420, -16.30343477370360006, 24.99666425599802366 ) ) ;
#2678 = CARTESIAN_POINT ( 'NONE',  ( 19.36578231149358231, 5.288772716631839899, 6.998332127999012719 ) ) ;
#2679 = CARTESIAN_POINT ( 'NONE',  ( -5.337892357666857102, -3.881103147417413801, 15.48163117697662017 ) ) ;
#2680 =( BOUNDED_CURVE ( )  B_SPLINE_CURVE ( 3, ( #977, #2717, #1965, #5501 ),
 .UNSPECIFIED., .F., .F. ) 
 B_SPLINE_CURVE_WITH_KNOTS ( ( 4, 4 ),
 ( 0.000000000000000000, 0.7591556287462676300 ),
 .UNSPECIFIED. ) 
 CURVE ( )  GEOMETRIC_REPRESENTATION_ITEM ( )  RATIONAL_B_SPLINE_CURVE ( ( 1.000000000000000000, 0.9525474333998913412, 0.9525474333998913412, 1.000000000000000000 ) ) 
 REPRESENTATION_ITEM ( '' )  );
#2681 = ORIENTED_EDGE ( 'NONE', *, *, #2001, .T. ) ;
#2682 = CARTESIAN_POINT ( 'NONE',  ( -4.504573347946979389, 5.445533334156539951, 21.14603108759603245 ) ) ;
#2683 = SPHERICAL_SURFACE ( 'NONE', #5543, 1.000000000000000000 ) ;
#2684 = EDGE_LOOP ( 'NONE', ( #4478, #3613, #4371, #7355 ) ) ;
#2685 = CARTESIAN_POINT ( 'NONE',  ( -2.551617567214619520, -8.370458121107917648, 13.68167320870984760 ) ) ;
#2686 = CARTESIAN_POINT ( 'NONE',  ( -17.67643277480201647, -13.37061935686017655, 9.250000000000000000 ) ) ;
#2687 = ADVANCED_FACE ( 'NONE', ( #6059 ), #3308, .F. ) ;
#2688 = ORIENTED_EDGE ( 'NONE', *, *, #3954, .T. ) ;
#2689 = ORIENTED_EDGE ( 'NONE', *, *, #7009, .T. ) ;
#2691 = EDGE_CURVE ( 'NONE', #4482, #1485, #406, .T. ) ;
#2690 = DIRECTION ( 'NONE',  ( 0.9794733370953441209, 0.2015737629735342429, -0.000000000000000000 ) ) ;
#2692 = EDGE_CURVE ( 'NONE', #6689, #3970, #2389, .T. ) ;
#2693 = EDGE_CURVE ( 'NONE', #4800, #6893, #2194, .T. ) ;
#2694 = DIRECTION ( 'NONE',  ( 0.000000000000000000, -0.000000000000000000, 1.000000000000000000 ) ) ;
#2695 = CARTESIAN_POINT ( 'NONE',  ( -5.337894887994158566, 4.456773848707508812, 18.31494224615836686 ) ) ;
#2696 = VERTEX_POINT ( 'NONE', #4451 ) ;
#2697 = ORIENTED_EDGE ( 'NONE', *, *, #1001, .F. ) ;
#2698 = CARTESIAN_POINT ( 'NONE',  ( 13.22069333197112506, 3.729747284365623194, 11.74833212799901183 ) ) ;
#2699 = AXIS2_PLACEMENT_3D ( 'NONE', #3270, #5567, #1088 ) ;
#2700 = ORIENTED_EDGE ( 'NONE', *, *, #1772, .F. ) ;
#2701 = B_SPLINE_CURVE_WITH_KNOTS ( 'NONE', 3,
 ( #4041, #6929, #6218, #7345, #1213, #3480 ),
 .UNSPECIFIED., .F., .F.,
 ( 4, 2, 4 ),
 ( 4.336808689942017736E-19, 0.0002526898806576830686, 0.0005053797613153657034 ),
 .UNSPECIFIED. ) ;
#2702 = CARTESIAN_POINT ( 'NONE',  ( 2.195981536954739521, 4.070952539992247488, 11.74833212799901183 ) ) ;
#2703 = DIRECTION ( 'NONE',  ( -0.000000000000000000, -0.000000000000000000, -1.000000000000000000 ) ) ;
#2704 = DIRECTION ( 'NONE',  ( -1.000000000000000000, 0.000000000000000000, 0.000000000000000000 ) ) ;
#2705 = ORIENTED_EDGE ( 'NONE', *, *, #7036, .T. ) ;
#2706 = DIRECTION ( 'NONE',  ( 1.000000000000000000, -2.775557561562890957E-15, 0.000000000000000000 ) ) ;
#2707 = AXIS2_PLACEMENT_3D ( 'NONE', #3687, #1545, #5982 ) ;
#2708 = CYLINDRICAL_SURFACE ( 'NONE', #5338, 0.8999999999999998002 ) ;
#2709 = EDGE_CURVE ( 'NONE', #3030, #577, #3700, .T. ) ;
#2710 = ORIENTED_EDGE ( 'NONE', *, *, #337, .T. ) ;
#2711 = CARTESIAN_POINT ( 'NONE',  ( 0.9582460157974503900, -7.984007349943287757, 20.24832212799870135 ) ) ;
#2712 = DIRECTION ( 'NONE',  ( 1.000000000000000000, 0.000000000000000000, 0.000000000000000000 ) ) ;
#2713 = CARTESIAN_POINT ( 'NONE',  ( 3.558327478648071640, 4.687810077081084437, 11.75691541376437144 ) ) ;
#2714 = CARTESIAN_POINT ( 'NONE',  ( -4.136321125020613998, 5.436247185802858262, 21.14625015647041195 ) ) ;
#2715 = AXIS2_PLACEMENT_3D ( 'NONE', #6404, #682, #2988 ) ;
#2716 = CARTESIAN_POINT ( 'NONE',  ( -3.641216819981794028, -7.642802912008153093, 15.48166098005152236 ) ) ;
#2717 = CARTESIAN_POINT ( 'NONE',  ( 2.208246015799837370, 4.130547250359986045, 17.57706995675702899 ) ) ;
#2718 = AXIS2_PLACEMENT_3D ( 'NONE', #5902, #6018, #3757 ) ;
#2719 = ORIENTED_EDGE ( 'NONE', *, *, #2097, .T. ) ;
#2720 = FACE_OUTER_BOUND ( 'NONE', #1069, .T. ) ;
#2721 = SURFACE_SIDE_STYLE ('',( #412 ) ) ;
#2722 = AXIS2_PLACEMENT_3D ( 'NONE', #5034, #5632, #7202 ) ;
#2723 = DIRECTION ( 'NONE',  ( 0.000000000000000000, -1.000000000000000000, 0.000000000000000000 ) ) ;
#2724 = ORIENTED_EDGE ( 'NONE', *, *, #5865, .F. ) ;
#2725 = CARTESIAN_POINT ( 'NONE',  ( -2.838449116619357060, -8.217369994305059322, 13.68166994758535537 ) ) ;
#2726 = CARTESIAN_POINT ( 'NONE',  ( 2.720693331971122841, 11.72974728436562408, 11.74833212799901183 ) ) ;
#2727 = EDGE_CURVE ( 'NONE', #3229, #4874, #1013, .T. ) ;
#2728 = ORIENTED_EDGE ( 'NONE', *, *, #7236, .F. ) ;
#2729 = ORIENTED_EDGE ( 'NONE', *, *, #3100, .F. ) ;
#2730 = VECTOR ( 'NONE', #3640, 1000.000000000000000 ) ;
#2731 = CARTESIAN_POINT ( 'NONE',  ( 12.23583365360800279, 4.829747284365672577, 20.24833212799901361 ) ) ;
#2732 = CARTESIAN_POINT ( 'NONE',  ( -5.337894887994158566, 4.456773848707507923, 15.48161224615836673 ) ) ;
#2733 = ORIENTED_EDGE ( 'NONE', *, *, #1228, .F. ) ;
#2734 = AXIS2_PLACEMENT_3D ( 'NONE', #4438, #2099, #4398 ) ;
#2735 = ORIENTED_EDGE ( 'NONE', *, *, #5942, .T. ) ;
#2736 = DIRECTION ( 'NONE',  ( 0.9797785051990590688, -0.2000851837340723305, 0.000000000000000000 ) ) ;
#2737 = ORIENTED_EDGE ( 'NONE', *, *, #7329, .T. ) ;
#2738 = VECTOR ( 'NONE', #3920, 1000.000000000000000 ) ;
#2739 = DIRECTION ( 'NONE',  ( -0.9794733370953440099, 0.2015737629735344927, 0.000000000000000000 ) ) ;
#2740 = DIRECTION ( 'NONE',  ( 1.000000000000000000, 9.714451465470117757E-16, 0.000000000000000000 ) ) ;
#2741 = DIRECTION ( 'NONE',  ( -0.9794733370953438989, 0.2015737629735347147, 0.000000000000000000 ) ) ;
#2742 = CIRCLE ( 'NONE', #5265, 0.8999999999999998002 ) ;
#2743 = ORIENTED_EDGE ( 'NONE', *, *, #583, .F. ) ;
#2744 = ORIENTED_EDGE ( 'NONE', *, *, #7241, .F. ) ;
#2745 = CARTESIAN_POINT ( 'NONE',  ( 2.208246015799835149, 4.130547250359976275, 21.14626313555732651 ) ) ;
#2746 = CARTESIAN_POINT ( 'NONE',  ( 2.208246015799835149, 4.130547250359976275, 23.99833212799901005 ) ) ;
#2747 = ORIENTED_EDGE ( 'NONE', *, *, #2190, .T. ) ;
#2748 = CARTESIAN_POINT ( 'NONE',  ( 2.021704316544359337, -8.101945535577451452, 14.13626419523750499 ) ) ;
#2749 = CARTESIAN_POINT ( 'NONE',  ( -5.337892357666857102, -3.881103147417413801, 19.34835307902141111 ) ) ;
#2750 = VECTOR ( 'NONE', #264, 1000.000000000000000 ) ;
#2751 = PLANE ( 'NONE',  #4678 ) ;
#2752 = CARTESIAN_POINT ( 'NONE',  ( -12.40663181555144767, -13.37191528868327772, 6.999999999999999112 ) ) ;
#2753 = DIRECTION ( 'NONE',  ( -0.000000000000000000, -0.000000000000000000, -1.000000000000000000 ) ) ;
#2754 = DIRECTION ( 'NONE',  ( 1.000000000000000000, 0.000000000000000000, -0.000000000000000000 ) ) ;
#2755 = CARTESIAN_POINT ( 'NONE',  ( 2.923373373525155028, 5.168419169191841966, 20.63057663759803262 ) ) ;
#2756 = CARTESIAN_POINT ( 'NONE',  ( -0.8746562824944945636, 21.28510420304709072, 9.250000000000000000 ) ) ;
#2757 = AXIS2_PLACEMENT_3D ( 'NONE', #5840, #189, #3021 ) ;
#2758 = CARTESIAN_POINT ( 'NONE',  ( -0.3378948879941166550, -8.875294732441114220, 12.64829000900120626 ) ) ;
#2759 = DIRECTION ( 'NONE',  ( -0.9794733370953440099, 0.2015737629735344927, 0.000000000000000000 ) ) ;
#2760 = CARTESIAN_POINT ( 'NONE',  ( -5.329654670401549055, 4.604535563897901085, 13.68184587857338919 ) ) ;
#2761 = CARTESIAN_POINT ( 'NONE',  ( -14.28307289072193420, -16.30343477370360006, 9.250000000000000000 ) ) ;
#2762 = ORIENTED_EDGE ( 'NONE', *, *, #2562, .F. ) ;
#2763 = AXIS2_PLACEMENT_3D ( 'NONE', #2480, #5901, #105 ) ;
#2764 = ADVANCED_FACE ( 'NONE', ( #4374, #447 ), #2751, .T. ) ;
#2765 = VERTEX_POINT ( 'NONE', #5011 ) ;
#2766 = DIRECTION ( 'NONE',  ( 0.000000000000000000, 0.000000000000000000, 1.000000000000000000 ) ) ;
#2767 = DIRECTION ( 'NONE',  ( -0.000000000000000000, 1.000000000000000000, -0.000000000000000000 ) ) ;
#2768 = CARTESIAN_POINT ( 'NONE',  ( -5.208911900726146627, 4.953620798299948724, 18.31413708666957518 ) ) ;
#2769 = ORIENTED_EDGE ( 'NONE', *, *, #3519, .T. ) ;
#2770 = ORIENTED_EDGE ( 'NONE', *, *, #5223, .T. ) ;
#2771 = DIRECTION ( 'NONE',  ( 1.000000000000000000, -3.469446951953613794E-15, 0.000000000000000000 ) ) ;
#2772 = ORIENTED_EDGE ( 'NONE', *, *, #3790, .F. ) ;
#2773 = ORIENTED_EDGE ( 'NONE', *, *, #1486, .F. ) ;
#2774 = CARTESIAN_POINT ( 'NONE',  ( -2.838449116619357060, -8.217369994305059322, 16.51499994758535550 ) ) ;
#2775 = CARTESIAN_POINT ( 'NONE',  ( 2.720693331971122841, 5.251841508745991760, 20.66254569037210942 ) ) ;
#2776 = B_SPLINE_CURVE_WITH_KNOTS ( 'NONE', 3,
 ( #4705, #3571, #4777, #5302, #139, #5866, #2439, #4741, #2334, #6914 ),
 .UNSPECIFIED., .F., .F.,
 ( 4, 2, 2, 2, 4 ),
 ( 0.001542291938221310860, 0.001788277303140133230, 0.002034262668058955600, 0.002280248032977777971, 0.002526233397896600341 ),
 .UNSPECIFIED. ) ;
#2777 = ORIENTED_EDGE ( 'NONE', *, *, #6775, .T. ) ;
#2778 = VERTEX_POINT ( 'NONE', #1622 ) ;
#2779 = TOROIDAL_SURFACE ( 'NONE', #6978, 1.500000000000000444, 1.000000000000000000 ) ;
#2780 = CARTESIAN_POINT ( 'NONE',  ( 2.720693331971122841, 5.251841508745991760, 11.33411856562591957 ) ) ;
#2781 = CARTESIAN_POINT ( 'NONE',  ( 2.208246015799835149, 4.130547250359976275, 15.47960313555732981 ) ) ;
#2782 = VECTOR ( 'NONE', #3402, 1000.000000000000000 ) ;
#2783 = EDGE_CURVE ( 'NONE', #2524, #7425, #4409, .T. ) ;
#2784 = VECTOR ( 'NONE', #4807, 1000.000000000000000 ) ;
#2785 = DIRECTION ( 'NONE',  ( -0.9794733370953440099, -0.2015737629735339653, 0.000000000000000000 ) ) ;
#2786 = EDGE_CURVE ( 'NONE', #763, #1262, #3228, .T. ) ;
#2787 = FACE_OUTER_BOUND ( 'NONE', #5384, .T. ) ;
#2788 = ADVANCED_FACE ( 'NONE', ( #6697 ), #2628, .F. ) ;
#2789 = ADVANCED_FACE ( 'NONE', ( #1510 ), #6624, .F. ) ;
#2790 = CARTESIAN_POINT ( 'NONE',  ( -4.116590141842817019, 5.432186586728145805, 18.31293313555732993 ) ) ;
#2791 = DIRECTION ( 'NONE',  ( -0.9794733370953438989, 0.2015737629735347147, 0.000000000000000000 ) ) ;
#2792 = CARTESIAN_POINT ( 'NONE',  ( 5.597734721401525171, -12.57799432079165314, 13.83396615689146714 ) ) ;
#2793 = ADVANCED_FACE ( 'NONE', ( #7295 ), #1588, .F. ) ;
#2794 = FACE_OUTER_BOUND ( 'NONE', #1481, .T. ) ;
#2795 = CARTESIAN_POINT ( 'NONE',  ( 13.55895385150151533, 4.093738386148094044, 14.49833212799901005 ) ) ;
#2796 = CARTESIAN_POINT ( 'NONE',  ( -5.177926052678723856, 5.018962149916988302, 16.51599669427476869 ) ) ;
#2797 = CARTESIAN_POINT ( 'NONE',  ( 1.413965883628308884, -8.218325354206799105, 12.35543170632876731 ) ) ;
#2798 = VERTEX_POINT ( 'NONE', #480 ) ;
#2799 = CARTESIAN_POINT ( 'NONE',  ( -5.330428383661446112, 4.393118539265072009, 17.41499212799901031 ) ) ;
#2800 = CARTESIAN_POINT ( 'NONE',  ( -4.337894887994159454, 4.456773848707517693, 23.99833212799901005 ) ) ;
#2801 = ORIENTED_EDGE ( 'NONE', *, *, #2691, .F. ) ;
#2802 = ORIENTED_EDGE ( 'NONE', *, *, #54, .T. ) ;
#2803 = CARTESIAN_POINT ( 'NONE',  ( 2.195981536954739521, 4.070952539992247488, 17.41499212799901031 ) ) ;
#2804 = CARTESIAN_POINT ( 'NONE',  ( 12.76033626824069778, 4.364561465290725195, 20.14707947494332174 ) ) ;
#2805 = CARTESIAN_POINT ( 'NONE',  ( -5.170096865981501644, 5.016125330270518212, 18.31397215907325560 ) ) ;
#2806 = ORIENTED_EDGE ( 'NONE', *, *, #6102, .T. ) ;
#2807 = ORIENTED_EDGE ( 'NONE', *, *, #1549, .F. ) ;
#2808 = DIRECTION ( 'NONE',  ( 0.000000000000000000, 0.000000000000000000, 1.000000000000000000 ) ) ;
#2809 = ORIENTED_EDGE ( 'NONE', *, *, #5494, .T. ) ;
#2810 = EDGE_LOOP ( 'NONE', ( #7429, #678, #4516 ) ) ;
#2811 = CARTESIAN_POINT ( 'NONE',  ( 2.195981536954739521, 4.070952539992247488, 17.41499212799901031 ) ) ;
#2812 = CARTESIAN_POINT ( 'NONE',  ( 1.583246015799837147, -12.57799432079165314, 20.24832212799901399 ) ) ;
#2813 = VERTEX_POINT ( 'NONE', #2324 ) ;
#2814 = ORIENTED_EDGE ( 'NONE', *, *, #5261, .T. ) ;
#2815 = DIRECTION ( 'NONE',  ( -1.000000000000000000, 0.000000000000000000, 0.000000000000000000 ) ) ;
#2816 = B_SPLINE_CURVE_WITH_KNOTS ( 'NONE', 3,
 ( #4401, #398, #5598, #6683 ),
 .UNSPECIFIED., .F., .F.,
 ( 4, 4 ),
 ( 0.0001728020807050636477, 0.0001929461982881175257 ),
 .UNSPECIFIED. ) ;
#2817 = DIRECTION ( 'NONE',  ( -7.228014483236697541E-16, 1.000000000000000000, 0.000000000000000000 ) ) ;
#2818 = EDGE_CURVE ( 'NONE', #47, #5385, #1098, .T. ) ;
#2819 = B_SPLINE_CURVE_WITH_KNOTS ( 'NONE', 3,
 ( #2564, #2109, #404, #3130, #865 ),
 .UNSPECIFIED., .F., .F.,
 ( 4, 1, 4 ),
 ( 0.000000000000000000, 0.6222473579139662370, 1.000000000000000000 ),
 .UNSPECIFIED. ) ;
#2820 = EDGE_CURVE ( 'NONE', #4203, #6639, #1630, .T. ) ;
#2821 = DIRECTION ( 'NONE',  ( -0.000000000000000000, 1.000000000000000000, -0.000000000000000000 ) ) ;
#2822 = DIRECTION ( 'NONE',  ( 0.000000000000000000, -0.000000000000000000, -1.000000000000000000 ) ) ;
#2823 = CIRCLE ( 'NONE', #5347, 2.500000000000000444 ) ;
#2824 = CARTESIAN_POINT ( 'NONE',  ( 2.195981536954739521, 4.070952539992247488, 20.24832212799901399 ) ) ;
#2825 = DIRECTION ( 'NONE',  ( 0.000000000000000000, 0.000000000000000000, -1.000000000000000000 ) ) ;
#2826 = PLANE ( 'NONE',  #1949 ) ;
#2827 = ADVANCED_FACE ( 'NONE', ( #3361 ), #5652, .T. ) ;
#2828 = EDGE_CURVE ( 'NONE', #6231, #2479, #1365, .T. ) ;
#2829 = CARTESIAN_POINT ( 'NONE',  ( 12.68554622394532316, 3.913992745885443103, 22.16639470935088241 ) ) ;
#2830 = COLOUR_RGB ( '',0.7921568627450980005, 0.8196078431372548767, 0.9333333333333333481 ) ;
#2831 = CARTESIAN_POINT ( 'NONE',  ( -5.078155705031117684, -5.498751506990035232, 19.34833193599486734 ) ) ;
#2832 = LINE ( 'NONE', #4568, #3957 ) ;
#2833 = CARTESIAN_POINT ( 'NONE',  ( -4.136321125020615774, 5.436247185802859150, 24.99666425599802366 ) ) ;
#2834 = CARTESIAN_POINT ( 'NONE',  ( -0.3329172189645434043, -8.875294732441114220, 10.84837430104475509 ) ) ;
#2835 = CARTESIAN_POINT ( 'NONE',  ( -5.177926052678723856, 5.018962149916988302, 13.68266669427476323 ) ) ;
#2836 = CARTESIAN_POINT ( 'NONE',  ( -5.084206320137934831, 5.138450269430883566, 10.84969754074993809 ) ) ;
#2837 = ORIENTED_EDGE ( 'NONE', *, *, #4449, .F. ) ;
#2838 = DIRECTION ( 'NONE',  ( -7.228014483236697541E-16, 1.000000000000000000, 0.000000000000000000 ) ) ;
#2839 = AXIS2_PLACEMENT_3D ( 'NONE', #4923, #7288, #7209 ) ;
#2840 = CARTESIAN_POINT ( 'NONE',  ( -5.337894887994158566, 4.403727702221073237, 16.51502310002468832 ) ) ;
#2841 = LINE ( 'NONE', #6340, #6 ) ;
#2842 = EDGE_CURVE ( 'NONE', #2286, #4886, #5498, .T. ) ;
#2843 = ORIENTED_EDGE ( 'NONE', *, *, #2612, .T. ) ;
#2844 = CIRCLE ( 'NONE', #6801, 1.100000000000000311 ) ;
#2845 = ORIENTED_EDGE ( 'NONE', *, *, #1820, .F. ) ;
#2846 = CARTESIAN_POINT ( 'NONE',  ( -0.3304283836614452796, -8.884007349944946341, 14.58166212799901373 ) ) ;
#2847 = EDGE_CURVE ( 'NONE', #322, #577, #1003, .T. ) ;
#2848 = ORIENTED_EDGE ( 'NONE', *, *, #5690, .T. ) ;
#2849 = VERTEX_POINT ( 'NONE', #6362 ) ;
#2850 = CARTESIAN_POINT ( 'NONE',  ( 5.597734721401525171, -12.57799432079165314, 17.83396615689146358 ) ) ;
#2851 = FACE_OUTER_BOUND ( 'NONE', #6444, .T. ) ;
#2852 = ORIENTED_EDGE ( 'NONE', *, *, #5747, .T. ) ;
#2853 = EDGE_LOOP ( 'NONE', ( #7083, #1641, #199, #6466, #5075 ) ) ;
#2854 = VECTOR ( 'NONE', #1358, 1000.000000000000000 ) ;
#2855 = CARTESIAN_POINT ( 'NONE',  ( 1.919785891754606677, 4.189911799112312707, 9.519238680495774929 ) ) ;
#2856 = CARTESIAN_POINT ( 'NONE',  ( -0.3025607775276044631, -8.872004039688025756, 23.99833212799901005 ) ) ;
#2857 = AXIS2_PLACEMENT_3D ( 'NONE', #4994, #3341, #3865 ) ;
#2858 = DIRECTION ( 'NONE',  ( -0.000000000000000000, -0.000000000000000000, -1.000000000000000000 ) ) ;
#2859 = DIRECTION ( 'NONE',  ( -9.637352644315596722E-16, 1.000000000000000000, 0.000000000000000000 ) ) ;
#2860 = VECTOR ( 'NONE', #1217, 1000.000000000000114 ) ;
#2861 = EDGE_CURVE ( 'NONE', #4503, #2524, #4002, .T. ) ;
#2862 = LINE ( 'NONE', #3916, #4823 ) ;
#2863 = LINE ( 'NONE', #2222, #4447 ) ;
#2864 = LINE ( 'NONE', #6356, #6195 ) ;
#2865 = CARTESIAN_POINT ( 'NONE',  ( -5.017606031512336529, -5.643646821551062231, 18.31498366847015546 ) ) ;
#2866 = CARTESIAN_POINT ( 'NONE',  ( 13.65136054244790920, 4.112755508628668011, 22.84766580524219393 ) ) ;
#2867 = CARTESIAN_POINT ( 'NONE',  ( 14.22069333197112329, 5.250879958319428553, 21.24833212799901361 ) ) ;
#2868 = FACE_OUTER_BOUND ( 'NONE', #2684, .T. ) ;
#2869 = CARTESIAN_POINT ( 'NONE',  ( 12.22069333197112151, 12.72974728436562231, 10.74833212799901361 ) ) ;
#2870 = DIRECTION ( 'NONE',  ( -1.000000000000000000, 0.000000000000000000, 0.000000000000000000 ) ) ;
#2871 = CARTESIAN_POINT ( 'NONE',  ( -3.372151293505455172, -8.873752814197143124, 22.74666425599802722 ) ) ;
#2872 = DIRECTION ( 'NONE',  ( -4.336808689942013792E-15, 0.000000000000000000, -1.000000000000000000 ) ) ;
#2873 = ORIENTED_EDGE ( 'NONE', *, *, #146, .T. ) ;
#2875 = EDGE_CURVE ( 'NONE', #7421, #4916, #2832, .T. ) ;
#2874 = DIRECTION ( 'NONE',  ( 1.000000000000000000, 7.375108878104640636E-16, -0.000000000000000000 ) ) ;
#2876 = EDGE_CURVE ( 'NONE', #5708, #6738, #5805, .T. ) ;
#2877 = CARTESIAN_POINT ( 'NONE',  ( 2.036631926890818178, 3.296651896735201870, 11.31813889743372137 ) ) ;
#2878 = DIRECTION ( 'NONE',  ( 0.000000000000000000, 0.000000000000000000, -1.000000000000000000 ) ) ;
#2879 = EDGE_CURVE ( 'NONE', #6238, #4247, #563, .T. ) ;
#2880 = ORIENTED_EDGE ( 'NONE', *, *, #3878, .F. ) ;
#2881 = ORIENTED_EDGE ( 'NONE', *, *, #473, .F. ) ;
#2882 = CARTESIAN_POINT ( 'NONE',  ( 12.22069333197112329, 11.72974728436562408, 21.24833212799901361 ) ) ;
#2883 = AXIS2_PLACEMENT_3D ( 'NONE', #450, #7257, #5461 ) ;
#2884 = ORIENTED_EDGE ( 'NONE', *, *, #5623, .T. ) ;
#2885 = ADVANCED_FACE ( 'NONE', ( #2868 ), #6592, .F. ) ;
#2886 = ORIENTED_EDGE ( 'NONE', *, *, #890, .F. ) ;
#2887 = CARTESIAN_POINT ( 'NONE',  ( 2.720693331971123730, 11.72974728436562408, 22.24833212799901361 ) ) ;
#2888 = CARTESIAN_POINT ( 'NONE',  ( -1.639205548044022409, -8.714184379051483020, 21.14829899900944099 ) ) ;
#2889 = CARTESIAN_POINT ( 'NONE',  ( 1.264379324338373634, -8.165569653811528994, 20.79196695160408481 ) ) ;
#2890 = ORIENTED_EDGE ( 'NONE', *, *, #4586, .T. ) ;
#2891 = VERTEX_POINT ( 'NONE', #77 ) ;
#2892 = CARTESIAN_POINT ( 'NONE',  ( 2.511881617982105741, 4.068059616866940509, 9.000759347261586996 ) ) ;
#2893 = CARTESIAN_POINT ( 'NONE',  ( 1.899992864411728322, -8.166483265202609587, 17.95980434279443116 ) ) ;
#2894 = EDGE_CURVE ( 'NONE', #2891, #6863, #4497, .T. ) ;
#2895 = DIRECTION ( 'NONE',  ( -0.000000000000000000, -0.000000000000000000, -1.000000000000000000 ) ) ;
#2896 = DIRECTION ( 'NONE',  ( 0.000000000000000000, -1.000000000000000000, 0.000000000000000000 ) ) ;
#2897 = CIRCLE ( 'NONE', #4098, 1.000000000000000444 ) ;
#2898 = DIRECTION ( 'NONE',  ( 0.000000000000000000, -1.000000000000000000, -0.000000000000000000 ) ) ;
#2899 = CARTESIAN_POINT ( 'NONE',  ( -0.5071467222940508890, -8.873752814197144900, 10.19788060732735069 ) ) ;
#2900 = FACE_OUTER_BOUND ( 'NONE', #5071, .T. ) ;
#2901 = DIRECTION ( 'NONE',  ( 1.000000000000000000, -0.000000000000000000, -0.000000000000000000 ) ) ;
#2902 = ADVANCED_BREP_SHAPE_REPRESENTATION ( 'V3 Outer phalange (1)', ( #2478, #4884 ), #671 ) ;
#2903 = AXIS2_PLACEMENT_3D ( 'NONE', #1022, #7189, #7343 ) ;
#2904 = DIRECTION ( 'NONE',  ( 1.000000000000000000, 0.000000000000000000, -0.000000000000000000 ) ) ;
#2905 = B_SPLINE_CURVE_WITH_KNOTS ( 'NONE', 3,
 ( #3393, #1057, #2936, #2899, #1698, #593, #4068, #3996, #7437, #3426, #68, #2298, #4598, #36, #2336, #4632, #6355, #627 ),
 .UNSPECIFIED., .F., .F.,
 ( 4, 2, 2, 2, 2, 2, 2, 2, 4 ),
 ( 0.000000000000000000, 5.351452921452182410E-05, 0.0001070290584290437837, 0.0002140581168580902780, 0.0004281162337161829412, 0.0008562324674323704360, 0.001712464934864743257, 0.002568697402297117054, 0.003424929869729491719 ),
 .UNSPECIFIED. ) ;
#2906 = CARTESIAN_POINT ( 'NONE',  ( -5.330428383661446112, -3.884007349944944565, 14.58166212799901373 ) ) ;
#2907 = APPLICATION_CONTEXT ( 'automotive_design' ) ;
#2908 = CARTESIAN_POINT ( 'NONE',  ( 2.021704316544363333, -8.875294732441114220, 20.69372006076051917 ) ) ;
#2909 = FACE_OUTER_BOUND ( 'NONE', #7385, .T. ) ;
#2910 = EDGE_LOOP ( 'NONE', ( #3259, #4955, #5463, #6667 ) ) ;
#2911 = VECTOR ( 'NONE', #6357, 1000.000000000000000 ) ;
#2912 = LINE ( 'NONE', #1065, #3931 ) ;
#2913 = DIRECTION ( 'NONE',  ( 1.000000000000000000, 0.000000000000000000, 0.000000000000000000 ) ) ;
#2914 = EDGE_LOOP ( 'NONE', ( #5753, #6383, #2355, #5889, #4725, #4445 ) ) ;
#2915 = CARTESIAN_POINT ( 'NONE',  ( -0.3304283836614452796, -8.884007349944946341, 17.41499212799901031 ) ) ;
#2916 = B_SPLINE_CURVE_WITH_KNOTS ( 'NONE', 3,
 ( #5394, #270, #793, #7114 ),
 .UNSPECIFIED., .F., .F.,
 ( 4, 4 ),
 ( 0.0001728020807050636477, 0.0001929461982881175528 ),
 .UNSPECIFIED. ) ;
#2917 = CARTESIAN_POINT ( 'NONE',  ( 4.157095377505041434, 3.742609536185408370, 6.998332127999012719 ) ) ;
#2918 = DIRECTION ( 'NONE',  ( 0.000000000000000000, 0.000000000000000000, -1.000000000000000000 ) ) ;
#2919 = ORIENTED_EDGE ( 'NONE', *, *, #2593, .T. ) ;
#2920 = EDGE_CURVE ( 'NONE', #3150, #437, #4559, .T. ) ;
#2921 = VERTEX_POINT ( 'NONE', #2908 ) ;
#2922 = CARTESIAN_POINT ( 'NONE',  ( 14.02160077218764300, 4.188950248685750388, 9.519238680495778482 ) ) ;
#2923 = EDGE_CURVE ( 'NONE', #639, #3912, #5050, .T. ) ;
#2924 = ORIENTED_EDGE ( 'NONE', *, *, #560, .F. ) ;
#2925 =( BOUNDED_CURVE ( )  B_SPLINE_CURVE ( 3, ( #1418, #3717, #6012, #959 ),
 .UNSPECIFIED., .F., .T. ) 
 B_SPLINE_CURVE_WITH_KNOTS ( ( 4, 4 ),
 ( 6.232133638084611960, 6.283185307179586232 ),
 .UNSPECIFIED. ) 
 CURVE ( )  GEOMETRIC_REPRESENTATION_ITEM ( )  RATIONAL_B_SPLINE_CURVE ( ( 1.000000000000000000, 0.9997828223827719407, 0.9997828223827719407, 1.000000000000000000 ) ) 
 REPRESENTATION_ITEM ( '' )  );
#2926 = EDGE_LOOP ( 'NONE', ( #6110, #3410, #1039, #1063, #4089, #1075, #2802 ) ) ;
#2927 = ADVANCED_FACE ( 'NONE', ( #2982 ), #3583, .T. ) ;
#2928 = LINE ( 'NONE', #6905, #3991 ) ;
#2929 = CIRCLE ( 'NONE', #4849, 0.8999999999999998002 ) ;
#2930 = ORIENTED_EDGE ( 'NONE', *, *, #2097, .F. ) ;
#2931 = CARTESIAN_POINT ( 'NONE',  ( 3.257272986786664770, 3.914659480888248666, 8.748332128007128006 ) ) ;
#2932 = CARTESIAN_POINT ( 'NONE',  ( -5.337887297018019339, -3.884007349944944565, 10.84836303707892036 ) ) ;
#2933 = CARTESIAN_POINT ( 'NONE',  ( -0.3304283836614459458, -7.984007349944945986, 20.24832212799901399 ) ) ;
#2934 = DIRECTION ( 'NONE',  ( -0.000000000000000000, -0.000000000000000000, -1.000000000000000000 ) ) ;
#2935 = DIRECTION ( 'NONE',  ( -0.9794733370953442320, 0.2015737629735341874, 0.000000000000000000 ) ) ;
#2936 = CARTESIAN_POINT ( 'NONE',  ( -0.4786774852231748256, -8.873752814197141348, 10.21912984419341619 ) ) ;
#2937 = DIRECTION ( 'NONE',  ( 0.000000000000000000, 0.000000000000000000, -1.000000000000000000 ) ) ;
#2938 = EDGE_CURVE ( 'NONE', #4870, #2428, #6397, .T. ) ;
#2939 = DIRECTION ( 'NONE',  ( -1.092801349243425181E-16, -1.000000000000000000, 0.000000000000000000 ) ) ;
#2940 = ORIENTED_EDGE ( 'NONE', *, *, #3333, .F. ) ;
#2941 = LINE ( 'NONE', #4221, #806 ) ;
#2942 = DIRECTION ( 'NONE',  ( -0.9794733370953440099, 0.2015737629735344927, 0.000000000000000000 ) ) ;
#2943 = CARTESIAN_POINT ( 'NONE',  ( -0.6676620390903934554, -8.875294732441899370, 19.34835947434609338 ) ) ;
#2944 = CARTESIAN_POINT ( 'NONE',  ( -4.648969577478695214, 5.410062931143256648, 16.51720455550846722 ) ) ;
#2945 = CARTESIAN_POINT ( 'NONE',  ( -17.67643277480201647, -13.37061935686017655, 22.74666425599802366 ) ) ;
#2946 = DIRECTION ( 'NONE',  ( -0.9794733370953438989, 0.2015737629735347147, 0.000000000000000000 ) ) ;
#2947 = DIRECTION ( 'NONE',  ( 0.000000000000000000, 0.000000000000000000, 1.000000000000000000 ) ) ;
#2948 = ORIENTED_EDGE ( 'NONE', *, *, #4198, .T. ) ;
#2949 = CARTESIAN_POINT ( 'NONE',  ( -0.3304283836614452796, -8.884007349944946341, 20.24832212799901399 ) ) ;
#2950 = LINE ( 'NONE', #5246, #2063 ) ;
#2951 = B_SPLINE_CURVE_WITH_KNOTS ( 'NONE', 3,
 ( #5722, #2749, #1621, #5048 ),
 .UNSPECIFIED., .F., .F.,
 ( 4, 4 ),
 ( 8.673617379884035472E-19, 8.712620810958721990E-06 ),
 .UNSPECIFIED. ) ;
#2952 = CYLINDRICAL_SURFACE ( 'NONE', #604, 0.9999999999999996669 ) ;
#2953 = EDGE_CURVE ( 'NONE', #4177, #4786, #2188, .T. ) ;
#2954 = ORIENTED_EDGE ( 'NONE', *, *, #7112, .F. ) ;
#2955 = ORIENTED_EDGE ( 'NONE', *, *, #1359, .F. ) ;
#2956 = ADVANCED_FACE ( 'NONE', ( #7107 ), #20, .T. ) ;
#2957 = CARTESIAN_POINT ( 'NONE',  ( -5.337894887994158566, 4.403727938327389069, 21.14829115597334308 ) ) ;
#2958 = VERTEX_POINT ( 'NONE', #672 ) ;
#2959 = VECTOR ( 'NONE', #965, 1000.000000000000227 ) ;
#2960 = ORIENTED_EDGE ( 'NONE', *, *, #4264, .F. ) ;
#2961 = CARTESIAN_POINT ( 'NONE',  ( 4.108004987075972281, 4.760537278722608789, 22.24833212799901361 ) ) ;
#2962 = CARTESIAN_POINT ( 'NONE',  ( -2.844334080500919182, -8.214123119587712907, 21.14831437342440168 ) ) ;
#2963 = VECTOR ( 'NONE', #3752, 1000.000000000000000 ) ;
#2964 = ADVANCED_FACE ( 'NONE', ( #1361 ), #3054, .F. ) ;
#2965 = VERTEX_POINT ( 'NONE', #1247 ) ;
#2966 = CARTESIAN_POINT ( 'NONE',  ( 3.380878469634687189, 3.889221705955449693, 9.775109879144174840 ) ) ;
#2967 = VECTOR ( 'NONE', #5319, 1000.000000000000000 ) ;
#2968 = AXIS2_PLACEMENT_3D ( 'NONE', #3401, #570, #2273 ) ;
#2969 = PLANE ( 'NONE',  #1416 ) ;
#2970 = CARTESIAN_POINT ( 'NONE',  ( -4.136321125020615774, 5.436247185802859150, 24.99666425599802366 ) ) ;
#2971 = AXIS2_PLACEMENT_3D ( 'NONE', #5277, #1850, #4717 ) ;
#2972 = ORIENTED_EDGE ( 'NONE', *, *, #7278, .F. ) ;
#2973 = CARTESIAN_POINT ( 'NONE',  ( 16.40811827848397186, -8.873752814197141348, 6.999999999999999112 ) ) ;
#2974 = CYLINDRICAL_SURFACE ( 'NONE', #2120, 0.7500000000000006661 ) ;
#2975 = CARTESIAN_POINT ( 'NONE',  ( -5.337894887994158566, 4.393118539265072009, 19.34835310002468844 ) ) ;
#2976 = VECTOR ( 'NONE', #1117, 1000.000000000000114 ) ;
#2977 = ORIENTED_EDGE ( 'NONE', *, *, #1123, .F. ) ;
#2978 = CARTESIAN_POINT ( 'NONE',  ( -1.628580593088098549, -8.708613295541924870, 16.51501544232401031 ) ) ;
#2979 = AXIS2_PLACEMENT_3D ( 'NONE', #2803, #6294, #6858 ) ;
#2980 = DIRECTION ( 'NONE',  ( -0.000000000000000000, -0.000000000000000000, 1.000000000000000000 ) ) ;
#2981 = DIRECTION ( 'NONE',  ( 2.498001805406602216E-16, -1.000000000000000000, 0.000000000000000000 ) ) ;
#2982 = FACE_OUTER_BOUND ( 'NONE', #3286, .T. ) ;
#2983 = DIRECTION ( 'NONE',  ( 1.000000000000000000, 0.000000000000000000, 0.000000000000000000 ) ) ;
#2984 = FACE_OUTER_BOUND ( 'NONE', #2926, .T. ) ;
#2985 = VERTEX_POINT ( 'NONE', #4719 ) ;
#2986 = CARTESIAN_POINT ( 'NONE',  ( -0.3304283836614452796, -8.875294732441112444, 18.31494995495327416 ) ) ;
#2987 = LINE ( 'NONE', #3234, #1952 ) ;
#2988 = DIRECTION ( 'NONE',  ( -9.637352644315596722E-16, 1.000000000000000000, 0.000000000000000000 ) ) ;
#2989 = AXIS2_PLACEMENT_3D ( 'NONE', #5987, #186, #1320 ) ;
#2990 = DIRECTION ( 'NONE',  ( 1.000000000000000000, 0.000000000000000000, 0.000000000000000000 ) ) ;
#2991 = ORIENTED_EDGE ( 'NONE', *, *, #2861, .F. ) ;
#2992 = ORIENTED_EDGE ( 'NONE', *, *, #2507, .T. ) ;
#2993 = DIRECTION ( 'NONE',  ( -0.000000000000000000, -0.000000000000000000, 1.000000000000000000 ) ) ;
#2994 = EDGE_CURVE ( 'NONE', #4247, #4978, #6830, .T. ) ;
#2995 = ORIENTED_EDGE ( 'NONE', *, *, #4025, .T. ) ;
#2996 = ORIENTED_EDGE ( 'NONE', *, *, #4150, .T. ) ;
#2997 = CARTESIAN_POINT ( 'NONE',  ( 11.53569333197112101, 3.729747284365623194, 23.24833212799901361 ) ) ;
#2998 = CARTESIAN_POINT ( 'NONE',  ( -0.6676624351433232407, -8.875294732441261658, 21.14828478165766867 ) ) ;
#2999 = VECTOR ( 'NONE', #5193, 1000.000000000000000 ) ;
#3000 = ORIENTED_EDGE ( 'NONE', *, *, #1126, .T. ) ;
#3001 = CARTESIAN_POINT ( 'NONE',  ( -14.28307289072193420, -16.30343477370360006, 6.999999999999999112 ) ) ;
#3002 = VECTOR ( 'NONE', #3724, 1000.000000000000000 ) ;
#3003 = CYLINDRICAL_SURFACE ( 'NONE', #2380, 0.8999999999999998002 ) ;
#3004 = CYLINDRICAL_SURFACE ( 'NONE', #7285, 0.8999999999999998002 ) ;
#3005 = CARTESIAN_POINT ( 'NONE',  ( 12.47482241266332004, 4.943882305186234838, 11.72442606426938561 ) ) ;
#3006 = ORIENTED_EDGE ( 'NONE', *, *, #6912, .F. ) ;
#3007 = CARTESIAN_POINT ( 'NONE',  ( 1.521725786895037569, 4.271831816929370085, 21.14626313555732651 ) ) ;
#3008 = CARTESIAN_POINT ( 'NONE',  ( -4.128854620687912202, 5.372591876360418794, 14.58166212799901373 ) ) ;
#3009 = CARTESIAN_POINT ( 'NONE',  ( 2.021704316544359337, -8.875294732441112444, 12.64828995495327035 ) ) ;
#3010 = EDGE_CURVE ( 'NONE', #3987, #2252, #6997, .T. ) ;
#3011 = ORIENTED_EDGE ( 'NONE', *, *, #3012, .F. ) ;
#3012 = EDGE_CURVE ( 'NONE', #1796, #3035, #5388, .T. ) ;
#3013 = EDGE_CURVE ( 'NONE', #269, #7011, #4827, .T. ) ;
#3014 = LINE ( 'NONE', #4107, #1773 ) ;
#3015 = CARTESIAN_POINT ( 'NONE',  ( -5.337894887994158566, -3.875294732441076917, 23.99833212799901005 ) ) ;
#3016 = EDGE_CURVE ( 'NONE', #3451, #1971, #819, .T. ) ;
#3017 = AXIS2_PLACEMENT_3D ( 'NONE', #2335, #2221, #3995 ) ;
#3018 = CARTESIAN_POINT ( 'NONE',  ( 1.668678671221235810, -8.236415657595529183, 16.78999212799899254 ) ) ;
#3019 = CARTESIAN_POINT ( 'NONE',  ( 10.34865194254071596, -12.57799432079165314, 13.83396615689146714 ) ) ;
#3020 = EDGE_CURVE ( 'NONE', #141, #4978, #6571, .T. ) ;
#3021 = DIRECTION ( 'NONE',  ( 1.000000000000000000, 0.000000000000000000, 0.000000000000000000 ) ) ;
#3022 = PLANE ( 'NONE',  #4293 ) ;
#3023 = AXIS2_PLACEMENT_3D ( 'NONE', #6633, #7263, #6742 ) ;
#3024 =( NAMED_UNIT ( * ) PLANE_ANGLE_UNIT ( ) SI_UNIT ( $, .RADIAN. ) );
#3025 = EDGE_LOOP ( 'NONE', ( #284, #3882, #6373, #2055 ) ) ;
#3026 = CARTESIAN_POINT ( 'NONE',  ( -5.330428383661446112, 4.393118539265072009, 19.34832212799901185 ) ) ;
#3027 = VECTOR ( 'NONE', #6896, 1000.000000000000000 ) ;
#3028 = CARTESIAN_POINT ( 'NONE',  ( 2.732750247187244685, 4.022605270102061148, 21.44372573024797290 ) ) ;
#3029 = CARTESIAN_POINT ( 'NONE',  ( 3.720693331971123730, 12.72974728436562231, 22.24833212799901361 ) ) ;
#3030 = VERTEX_POINT ( 'NONE', #5913 ) ;
#3031 = VERTEX_POINT ( 'NONE', #3133 ) ;
#3032 = DIRECTION ( 'NONE',  ( 0.000000000000000000, -1.000000000000000000, 0.000000000000000000 ) ) ;
#3033 = ORIENTED_EDGE ( 'NONE', *, *, #428, .T. ) ;
#3034 = VECTOR ( 'NONE', #1587, 1000.000000000000000 ) ;
#3035 = VERTEX_POINT ( 'NONE', #3653 ) ;
#3036 = CARTESIAN_POINT ( 'NONE',  ( 2.720693331971122841, 5.251841508744278464, 10.88004153111581118 ) ) ;
#3037 = CARTESIAN_POINT ( 'NONE',  ( 2.021704316544359337, -8.875294732441112444, 13.68170430104475521 ) ) ;
#3038 = ORIENTED_EDGE ( 'NONE', *, *, #3145, .T. ) ;
#3039 = FACE_OUTER_BOUND ( 'NONE', #2484, .T. ) ;
#3040 = CARTESIAN_POINT ( 'NONE',  ( 1.583246015799836259, 3.535889187275713219, 13.95666212799901196 ) ) ;
#3041 = DIRECTION ( 'NONE',  ( 0.000000000000000000, 0.000000000000000000, -1.000000000000000000 ) ) ;
#3042 = CARTESIAN_POINT ( 'NONE',  ( 12.21126869353797773, 4.835404589871780345, 11.74828771510796344 ) ) ;
#3043 = EDGE_LOOP ( 'NONE', ( #110, #5855, #5880, #5658, #167, #1412, #3824, #4816, #53 ) ) ;
#3044 = CARTESIAN_POINT ( 'NONE',  ( 2.036631926890818178, 3.296651896735201870, 14.15146889743372149 ) ) ;
#3045 = LINE ( 'NONE', #2520, #5238 ) ;
#3046 = EDGE_CURVE ( 'NONE', #7393, #3908, #6468, .T. ) ;
#3047 = CARTESIAN_POINT ( 'NONE',  ( 2.036631926890818178, 3.296651896735201870, 16.98479889743371984 ) ) ;
#3048 = EDGE_CURVE ( 'NONE', #4336, #7393, #5948, .T. ) ;
#3049 = ORIENTED_EDGE ( 'NONE', *, *, #3382, .T. ) ;
#3050 = CARTESIAN_POINT ( 'NONE',  ( -5.272760515541547122, 4.819338697175971298, 19.34886947723967410 ) ) ;
#3051 = CARTESIAN_POINT ( 'NONE',  ( -6.337894887994158566, -3.875294732441069812, 22.74666425599802366 ) ) ;
#3052 = CIRCLE ( 'NONE', #5696, 1.000000000000000000 ) ;
#3053 = DIRECTION ( 'NONE',  ( 2.498001805406602216E-16, -1.000000000000000000, 0.000000000000000000 ) ) ;
#3054 = CYLINDRICAL_SURFACE ( 'NONE', #100, 2.500000000000000444 ) ;
#3055 = LINE ( 'NONE', #3134, #353 ) ;
#3056 = EDGE_CURVE ( 'NONE', #7014, #6376, #787, .T. ) ;
#3057 = AXIS2_PLACEMENT_3D ( 'NONE', #477, #4518, #3388 ) ;
#3058 = DIRECTION ( 'NONE',  ( 0.000000000000000000, 0.000000000000000000, -1.000000000000000000 ) ) ;
#3059 = B_SPLINE_CURVE_WITH_KNOTS ( 'NONE', 3,
 ( #350, #5025, #2651, #2048, #6744, #1024, #4348, #416, #1443, #2123 ),
 .UNSPECIFIED., .F., .F.,
 ( 4, 2, 2, 2, 4 ),
 ( 0.0005053797613153644024, 0.0007592764193092617093, 0.001013173077303159125, 0.001267069735297056323, 0.001520966393290953522 ),
 .UNSPECIFIED. ) ;
#3060 = CARTESIAN_POINT ( 'NONE',  ( 3.720693331971123730, 11.72974728436562408, 21.24833212799901361 ) ) ;
#3061 = ORIENTED_EDGE ( 'NONE', *, *, #2938, .F. ) ;
#3062 = DIRECTION ( 'NONE',  ( -0.000000000000000000, 0.000000000000000000, 1.000000000000000000 ) ) ;
#3063 = DIRECTION ( 'NONE',  ( -0.000000000000000000, -0.000000000000000000, 1.000000000000000000 ) ) ;
#3064 = CARTESIAN_POINT ( 'NONE',  ( 2.021704316544359337, -8.101945535577451452, 19.80292419523750524 ) ) ;
#3065 = AXIS2_PLACEMENT_3D ( 'NONE', #4747, #4142, #5801 ) ;
#3066 = VERTEX_POINT ( 'NONE', #3545 ) ;
#3067 = VERTEX_POINT ( 'NONE', #5838 ) ;
#3068 = DIRECTION ( 'NONE',  ( 3.469446951953611033E-15, 0.000000000000000000, 1.000000000000000000 ) ) ;
#3069 = CARTESIAN_POINT ( 'NONE',  ( 1.264809656741815669, 3.529456912432835658, 11.20417288474244444 ) ) ;
#3070 = EDGE_LOOP ( 'NONE', ( #1517, #533, #3224, #5138, #852, #7248 ) ) ;
#3071 = ORIENTED_EDGE ( 'NONE', *, *, #6959, .F. ) ;
#3072 = DIRECTION ( 'NONE',  ( 0.000000000000000000, 0.000000000000000000, 1.000000000000000000 ) ) ;
#3073 = CARTESIAN_POINT ( 'NONE',  ( 27.02373522356765179, -1.718752814197137102, 9.250000000000000000 ) ) ;
#3074 = EDGE_CURVE ( 'NONE', #1262, #4758, #4304, .T. ) ;
#3075 = VERTEX_POINT ( 'NONE', #6698 ) ;
#3076 = CARTESIAN_POINT ( 'NONE',  ( -12.40663181555144767, -13.37191528868327595, 6.999999999999999112 ) ) ;
#3077 = CARTESIAN_POINT ( 'NONE',  ( 2.036631926890818178, 3.296651896735201870, 19.81812889743372352 ) ) ;
#3078 = CARTESIAN_POINT ( 'NONE',  ( -6.337894887994158566, -3.875294732441069812, 9.250000000000000000 ) ) ;
#3079 = AXIS2_PLACEMENT_3D ( 'NONE', #5381, #2481, #7062 ) ;
#3080 = CARTESIAN_POINT ( 'NONE',  ( 12.71885106494051954, 5.044323576734783821, 11.62536110993749183 ) ) ;
#3081 = ORIENTED_EDGE ( 'NONE', *, *, #989, .F. ) ;
#3082 = CARTESIAN_POINT ( 'NONE',  ( 2.034752083891022689, 4.291348368046083550, 21.13081070720046029 ) ) ;
#3083 = DIRECTION ( 'NONE',  ( 1.000000000000000000, 0.000000000000000000, 0.000000000000000000 ) ) ;
#3084 = CARTESIAN_POINT ( 'NONE',  ( 13.20849839885955745, 4.021615315852691275, 21.05176618457106130 ) ) ;
#3085 = TOROIDAL_SURFACE ( 'NONE', #1161, 5.000000000000001776, 0.8999999999999998002 ) ;
#3086 = B_SPLINE_CURVE_WITH_KNOTS ( 'NONE', 3,
 ( #3702, #5881, #5920, #1968, #757, #4796 ),
 .UNSPECIFIED., .F., .F.,
 ( 4, 2, 4 ),
 ( 0.002526233397896603377, 0.002803602335833735044, 0.003080971273770866711 ),
 .UNSPECIFIED. ) ;
#3087 = ORIENTED_EDGE ( 'NONE', *, *, #3276, .F. ) ;
#3088 = ORIENTED_EDGE ( 'NONE', *, *, #6263, .T. ) ;
#3089 = FACE_OUTER_BOUND ( 'NONE', #6538, .T. ) ;
#3090 = VECTOR ( 'NONE', #5897, 1000.000000000000000 ) ;
#3091 = LINE ( 'NONE', #149, #2854 ) ;
#3092 = CARTESIAN_POINT ( 'NONE',  ( 1.417719702571785811, 3.552573535720908282, 12.35660879009707180 ) ) ;
#3093 = VECTOR ( 'NONE', #4641, 1000.000000000000000 ) ;
#3094 = CARTESIAN_POINT ( 'NONE',  ( -12.40663181555144767, -13.37191528868327595, 22.74666425599802366 ) ) ;
#3095 = CIRCLE ( 'NONE', #1170, 1.100000000000000311 ) ;
#3096 = CARTESIAN_POINT ( 'NONE',  ( -5.330428383661446112, -3.884007349944944565, 16.51499212799900818 ) ) ;
#3097 = PRODUCT ( 'V3 Outer phalange (1)', 'V3 Outer phalange (1)', '', ( #4193 ) ) ;
#3098 = DIRECTION ( 'NONE',  ( 0.000000000000000000, 0.000000000000000000, 1.000000000000000000 ) ) ;
#3099 = CIRCLE ( 'NONE', #5136, 1.050000000000000488 ) ;
#3100 = EDGE_CURVE ( 'NONE', #5254, #3101, #3529, .T. ) ;
#3101 = VERTEX_POINT ( 'NONE', #3277 ) ;
#3102 = CYLINDRICAL_SURFACE ( 'NONE', #5256, 0.8999999999999998002 ) ;
#3103 = CARTESIAN_POINT ( 'NONE',  ( 3.519119568997589820, 3.860771948783965790, 23.24833212799901005 ) ) ;
#3104 = DIRECTION ( 'NONE',  ( -0.2015737629735342984, -0.9794733370953438989, 0.000000000000000000 ) ) ;
#3105 = VERTEX_POINT ( 'NONE', #6734 ) ;
#3106 = DIRECTION ( 'NONE',  ( 2.498001805406602216E-16, -1.000000000000000000, 0.000000000000000000 ) ) ;
#3107 = CARTESIAN_POINT ( 'NONE',  ( -4.430428383661446645, -3.884007349944944121, 14.58166212799901373 ) ) ;
#3108 = EDGE_CURVE ( 'NONE', #7242, #1672, #3309, .T. ) ;
#3109 = ORIENTED_EDGE ( 'NONE', *, *, #6931, .F. ) ;
#3110 = ORIENTED_EDGE ( 'NONE', *, *, #7309, .T. ) ;
#3112 = EDGE_CURVE ( 'NONE', #1103, #1010, #3982, .T. ) ;
#3111 = DIRECTION ( 'NONE',  ( 0.2588112339506885018, 0.9659279192470429098, 0.000000000000000000 ) ) ;
#3113 = ADVANCED_FACE ( 'NONE', ( #4931 ), #2154, .F. ) ;
#3114 = LINE ( 'NONE', #2545, #4714 ) ;
#3115 = EDGE_CURVE ( 'NONE', #395, #2495, #7368, .T. ) ;
#3116 = EDGE_CURVE ( 'NONE', #6568, #3294, #4693, .T. ) ;
#3117 = ORIENTED_EDGE ( 'NONE', *, *, #7320, .T. ) ;
#3118 = CARTESIAN_POINT ( 'NONE',  ( -5.337894887994158566, -3.875294732441077805, 18.31496115597333585 ) ) ;
#3119 = ORIENTED_EDGE ( 'NONE', *, *, #3601, .F. ) ;
#3120 = DIRECTION ( 'NONE',  ( -0.000000000000000000, 0.000000000000000000, 1.000000000000000000 ) ) ;
#3121 = DIRECTION ( 'NONE',  ( -1.000000000000000000, 0.000000000000000000, 0.000000000000000000 ) ) ;
#3122 = CIRCLE ( 'NONE', #2757, 4.100000000000002309 ) ;
#3123 = EDGE_CURVE ( 'NONE', #5592, #1984, #281, .T. ) ;
#3124 = VERTEX_POINT ( 'NONE', #2075 ) ;
#3125 = DIRECTION ( 'NONE',  ( -0.9794733370953438989, 0.2015737629735347147, 0.000000000000000000 ) ) ;
#3126 = CARTESIAN_POINT ( 'NONE',  ( -5.168957062996156537, -5.174400649222203441, 12.64831851934678753 ) ) ;
#3127 = CIRCLE ( 'NONE', #1083, 1.000000000000000000 ) ;
#3128 = ORIENTED_EDGE ( 'NONE', *, *, #5911, .F. ) ;
#3129 = ORIENTED_EDGE ( 'NONE', *, *, #4494, .T. ) ;
#3130 = CARTESIAN_POINT ( 'NONE',  ( -12.91971069101993486, -13.84940126210495492, 22.74666425599802366 ) ) ;
#3131 = CARTESIAN_POINT ( 'NONE',  ( 1.979346006133860136, 3.341984570568716340, 16.92442456439052378 ) ) ;
#3132 = CARTESIAN_POINT ( 'NONE',  ( 0.9582460157998368144, 3.406815019553060875, 11.83087488238458818 ) ) ;
#3133 = CARTESIAN_POINT ( 'NONE',  ( -19.17010649814349676, -1.718752814197137102, 6.999999999999999112 ) ) ;
#3134 = CARTESIAN_POINT ( 'NONE',  ( 16.86839872700685561, -4.031891199311632867, 23.99833212799901005 ) ) ;
#3135 = ORIENTED_EDGE ( 'NONE', *, *, #153, .T. ) ;
#3136 = CARTESIAN_POINT ( 'NONE',  ( -0.3020922099672417871, -8.873752814197141348, 24.99666425599802366 ) ) ;
#3137 = CARTESIAN_POINT ( 'NONE',  ( 3.044517509622962859, 3.958444156285495730, 22.02166900190958643 ) ) ;
#3138 = CIRCLE ( 'NONE', #366, 0.9000000000000000222 ) ;
#3139 = DIRECTION ( 'NONE',  ( -1.000000000000000000, 0.000000000000000000, 0.000000000000000000 ) ) ;
#3140 = ORIENTED_EDGE ( 'NONE', *, *, #2692, .T. ) ;
#3141 = VECTOR ( 'NONE', #1373, 1000.000000000000000 ) ;
#3142 = DIRECTION ( 'NONE',  ( 0.000000000000000000, -0.000000000000000000, -1.000000000000000000 ) ) ;
#3143 = CARTESIAN_POINT ( 'NONE',  ( 1.751084036740374383, -8.218663944361779272, 18.02242880307108308 ) ) ;
#3144 = VERTEX_POINT ( 'NONE', #2714 ) ;
#3145 = EDGE_CURVE ( 'NONE', #5750, #4502, #6031, .T. ) ;
#3146 = ORIENTED_EDGE ( 'NONE', *, *, #1662, .F. ) ;
#3147 = CARTESIAN_POINT ( 'NONE',  ( 3.730117970404267513, 4.836366140298343552, 11.74828771510796344 ) ) ;
#3148 = LINE ( 'NONE', #7158, #6981 ) ;
#3149 = EDGE_CURVE ( 'NONE', #3970, #5745, #721, .T. ) ;
#3150 = VERTEX_POINT ( 'NONE', #6061 ) ;
#3151 = CARTESIAN_POINT ( 'NONE',  ( 13.22069333197112329, 4.094231104679979971, 12.15769568226982500 ) ) ;
#3152 = EDGE_CURVE ( 'NONE', #1989, #2467, #7208, .T. ) ;
#3153 = ORIENTED_EDGE ( 'NONE', *, *, #3599, .T. ) ;
#3154 = CARTESIAN_POINT ( 'NONE',  ( 3.720693331971123730, 11.72974728436562408, 21.24833212799901361 ) ) ;
#3155 = CARTESIAN_POINT ( 'NONE',  ( -14.28307289072193598, 12.86592914530930720, 6.999999999999999112 ) ) ;
#3156 = VERTEX_POINT ( 'NONE', #940 ) ;
#3157 = DIRECTION ( 'NONE',  ( -0.000000000000000000, -0.000000000000000000, -1.000000000000000000 ) ) ;
#3158 = CARTESIAN_POINT ( 'NONE',  ( -4.116590141842817019, 5.432186586728145805, 10.85039112044069576 ) ) ;
#3159 = CARTESIAN_POINT ( 'NONE',  ( -5.073557735825917625, -5.487850255025268353, 12.64832204908852731 ) ) ;
#3160 = ORIENTED_EDGE ( 'NONE', *, *, #4431, .F. ) ;
#3161 = ORIENTED_EDGE ( 'NONE', *, *, #4581, .F. ) ;
#3162 = CYLINDRICAL_SURFACE ( 'NONE', #7297, 0.8999999999999998002 ) ;
#3163 = DIRECTION ( 'NONE',  ( 1.000000000000000000, 0.000000000000000000, 0.000000000000000000 ) ) ;
#3164 = B_SPLINE_CURVE_WITH_KNOTS ( 'NONE', 3,
 ( #2213, #2177, #362, #2059 ),
 .UNSPECIFIED., .F., .F.,
 ( 4, 4 ),
 ( 0.001800939922389189866, 0.001808403033252061354 ),
 .UNSPECIFIED. ) ;
#3165 = B_SPLINE_CURVE_WITH_KNOTS ( 'NONE', 3,
 ( #786, #867, #4790, #3731, #6470, #1887, #4303, #7141, #6025, #1852 ),
 .UNSPECIFIED., .F., .F.,
 ( 4, 2, 2, 2, 4 ),
 ( 0.001520966393290958292, 0.001774493113211205418, 0.002028019833131452544, 0.002281546553051700104, 0.002535073272971947230 ),
 .UNSPECIFIED. ) ;
#3166 = EDGE_CURVE ( 'NONE', #2542, #4326, #759, .T. ) ;
#3167 = CARTESIAN_POINT ( 'NONE',  ( 1.264379324338373856, -8.165569653811532547, 17.95863695160408113 ) ) ;
#3168 = CARTESIAN_POINT ( 'NONE',  ( -5.762886430835527207, 5.860126656390095334, 22.74666425599802366 ) ) ;
#3169 = DIRECTION ( 'NONE',  ( -9.714451465470117757E-16, 1.000000000000000000, 0.000000000000000000 ) ) ;
#3170 = AXIS2_PLACEMENT_3D ( 'NONE', #1993, #1860, #3799 ) ;
#3171 = VERTEX_POINT ( 'NONE', #4410 ) ;
#3172 = CARTESIAN_POINT ( 'NONE',  ( 2.347546693743779667, 4.101879433917728690, 23.24833212799900650 ) ) ;
#3173 = CARTESIAN_POINT ( 'NONE',  ( 2.787983979699302672, 4.011238272262849236, 21.64192287864815256 ) ) ;
#3174 = DIRECTION ( 'NONE',  ( 0.000000000000000000, 0.000000000000000000, 1.000000000000000000 ) ) ;
#3175 = VERTEX_POINT ( 'NONE', #5192 ) ;
#3176 = CARTESIAN_POINT ( 'NONE',  ( 21.28395385150157182, 4.456773848707507923, 24.99666425599802366 ) ) ;
#3177 = FACE_OUTER_BOUND ( 'NONE', #5985, .T. ) ;
#3178 = EDGE_LOOP ( 'NONE', ( #7120, #3478, #3197, #3966 ) ) ;
#3179 = ORIENTED_EDGE ( 'NONE', *, *, #4120, .F. ) ;
#3180 = DIRECTION ( 'NONE',  ( -0.000000000000000000, -0.000000000000000000, -1.000000000000000000 ) ) ;
#3181 = LINE ( 'NONE', #882, #2425 ) ;
#3182 = ADVANCED_FACE ( 'NONE', ( #35 ), #5117, .F. ) ;
#3183 = ADVANCED_FACE ( 'NONE', ( #481 ), #514, .T. ) ;
#3184 = VERTEX_POINT ( 'NONE', #2790 ) ;
#3185 = VERTEX_POINT ( 'NONE', #3392 ) ;
#3186 = CARTESIAN_POINT ( 'NONE',  ( -0.3304283836614452796, -8.875294732441114220, 16.51503430104475711 ) ) ;
#3187 = ORIENTED_EDGE ( 'NONE', *, *, #4752, .T. ) ;
#3188 = DIRECTION ( 'NONE',  ( 1.000000000000000000, 4.818676322157798361E-16, 0.000000000000000000 ) ) ;
#3189 = AXIS2_PLACEMENT_3D ( 'NONE', #7068, #150, #2526 ) ;
#3190 = B_SPLINE_CURVE_WITH_KNOTS ( 'NONE', 3,
 ( #4544, #4506, #3901, #6674, #7351, #3938, #5069, #6224, #3683, #3822 ),
 .UNSPECIFIED., .F., .F.,
 ( 4, 2, 2, 2, 4 ),
 ( 0.001520966393290956340, 0.001774493113211203250, 0.002028019833131450376, 0.002281546553051697502, 0.002535073272971944628 ),
 .UNSPECIFIED. ) ;
#3191 = EDGE_LOOP ( 'NONE', ( #459, #1800, #3628, #6077, #4101, #3194 ) ) ;
#3192 = DIRECTION ( 'NONE',  ( 0.000000000000000000, 0.000000000000000000, -1.000000000000000000 ) ) ;
#3193 = DIRECTION ( 'NONE',  ( 0.000000000000000000, 0.000000000000000000, 1.000000000000000000 ) ) ;
#3194 = ORIENTED_EDGE ( 'NONE', *, *, #3243, .F. ) ;
#3195 = EDGE_CURVE ( 'NONE', #2633, #7314, #858, .T. ) ;
#3197 = ORIENTED_EDGE ( 'NONE', *, *, #846, .F. ) ;
#3196 = CIRCLE ( 'NONE', #4162, 2.500000000000000444 ) ;
#3198 = DIRECTION ( 'NONE',  ( 1.000000000000000000, 0.000000000000000000, 0.000000000000000000 ) ) ;
#3199 = CARTESIAN_POINT ( 'NONE',  ( -6.337894887994158566, -3.875294732441069812, 21.74666425599802366 ) ) ;
#3200 = CARTESIAN_POINT ( 'NONE',  ( 2.021704316544359337, -8.101945535577451452, 16.96959419523750512 ) ) ;
#3201 = CARTESIAN_POINT ( 'NONE',  ( 1.667208124178702233, -8.236415657595513196, 15.20666212799901551 ) ) ;
#3202 = CIRCLE ( 'NONE', #1642, 46.19384172171115210 ) ;
#3203 = CARTESIAN_POINT ( 'NONE',  ( -4.310271007364092632, 4.491065872974608908, 14.58166212799901373 ) ) ;
#3204 = FACE_OUTER_BOUND ( 'NONE', #5665, .T. ) ;
#3205 = ORIENTED_EDGE ( 'NONE', *, *, #984, .T. ) ;
#3206 = DIRECTION ( 'NONE',  ( 0.2588112339506885018, -0.9659279192470429098, 0.000000000000000000 ) ) ;
#3207 = DIRECTION ( 'NONE',  ( 0.2588112339506883353, 0.9659279192470430209, 0.000000000000000000 ) ) ;
#3208 = DIRECTION ( 'NONE',  ( 0.000000000000000000, 1.000000000000000000, 0.000000000000000000 ) ) ;
#3209 = AXIS2_PLACEMENT_3D ( 'NONE', #746, #2942, #5946 ) ;
#3210 = ORIENTED_EDGE ( 'NONE', *, *, #4109, .F. ) ;
#3211 = PLANE ( 'NONE',  #3503 ) ;
#3212 = ORIENTED_EDGE ( 'NONE', *, *, #5784, .F. ) ;
#3213 = AXIS2_PLACEMENT_3D ( 'NONE', #1884, #1849, #6994 ) ;
#3214 = ORIENTED_EDGE ( 'NONE', *, *, #3479, .T. ) ;
#3215 = CARTESIAN_POINT ( 'NONE',  ( -0.3378948879941071071, -8.875294732441114220, 16.51503424699681943 ) ) ;
#3216 = B_SPLINE_CURVE_WITH_KNOTS ( 'NONE', 3,
 ( #217, #6573, #2627, #4921, #7166, #2025 ),
 .UNSPECIFIED., .F., .F.,
 ( 4, 2, 4 ),
 ( 1.301042606982605321E-18, 0.0002526898806576833938, 0.0005053797613153654866 ),
 .UNSPECIFIED. ) ;
#3217 = VECTOR ( 'NONE', #5701, 999.9999999999998863 ) ;
#3218 = DIRECTION ( 'NONE',  ( 0.9797785051990590688, -0.2000851837340723305, -0.000000000000000000 ) ) ;
#3219 = CARTESIAN_POINT ( 'NONE',  ( 11.53569333197113167, 6.229747284365624083, 23.99833212799901005 ) ) ;
#3220 = ADVANCED_FACE ( 'NONE', ( #4067 ), #4471, .F. ) ;
#3221 = ORIENTED_EDGE ( 'NONE', *, *, #3658, .T. ) ;
#3222 = ORIENTED_EDGE ( 'NONE', *, *, #952, .T. ) ;
#3223 = CARTESIAN_POINT ( 'NONE',  ( 1.199207447275590033, -8.132527784637217039, 19.74898614110314909 ) ) ;
#3224 = ORIENTED_EDGE ( 'NONE', *, *, #3123, .F. ) ;
#3225 = DIRECTION ( 'NONE',  ( 0.000000000000000000, 0.000000000000000000, -1.000000000000000000 ) ) ;
#3226 = FACE_OUTER_BOUND ( 'NONE', #2083, .T. ) ;
#3227 = CARTESIAN_POINT ( 'NONE',  ( -12.91971069101994196, 10.41189563371067450, 6.999999999999999112 ) ) ;
#3228 = CIRCLE ( 'NONE', #5874, 4.100000000000002309 ) ;
#3229 = VERTEX_POINT ( 'NONE', #5687 ) ;
#3230 = PLANE ( 'NONE',  #2839 ) ;
#3231 = CARTESIAN_POINT ( 'NONE',  ( 13.15255153359883877, 4.010101556641759046, 20.85236787125685254 ) ) ;
#3232 = ORIENTED_EDGE ( 'NONE', *, *, #93, .T. ) ;
#3233 = DIRECTION ( 'NONE',  ( -5.682499450283236309E-17, 1.000000000000000000, 0.000000000000000000 ) ) ;
#3234 = CARTESIAN_POINT ( 'NONE',  ( -0.3304283836614452796, -8.875294732441114220, 18.31494995495327416 ) ) ;
#3235 = CARTESIAN_POINT ( 'NONE',  ( 3.179949008420720702, 4.366169259097281596, 11.84884537187889819 ) ) ;
#3236 = CARTESIAN_POINT ( 'NONE',  ( -17.67643277480201647, -13.37061935686017655, 24.99666425599802366 ) ) ;
#3237 = EDGE_CURVE ( 'NONE', #5176, #6117, #5154, .T. ) ;
#3238 = CARTESIAN_POINT ( 'NONE',  ( 3.906431224102437927, 3.781063941627265113, 23.99833212799901005 ) ) ;
#3239 = VECTOR ( 'NONE', #1964, 1000.000000000000114 ) ;
#3240 = CARTESIAN_POINT ( 'NONE',  ( -5.337894887994158566, -3.878198939378064480, 15.48163115597333750 ) ) ;
#3241 = ADVANCED_FACE ( 'NONE', ( #7369 ), #551, .F. ) ;
#3242 = EDGE_CURVE ( 'NONE', #15, #6129, #5761, .T. ) ;
#3243 = EDGE_CURVE ( 'NONE', #6111, #3874, #2862, .T. ) ;
#3244 = EDGE_LOOP ( 'NONE', ( #495, #1253, #544, #4297 ) ) ;
#3245 = CARTESIAN_POINT ( 'NONE',  ( -5.337894887994158566, 4.393118539265072009, 13.68169310002468819 ) ) ;
#3246 = DIRECTION ( 'NONE',  ( -0.000000000000000000, -0.000000000000000000, -1.000000000000000000 ) ) ;
#3247 = CARTESIAN_POINT ( 'NONE',  ( 11.53569333197113167, 6.229747284365624083, 9.748332127999011831 ) ) ;
#3248 = ORIENTED_EDGE ( 'NONE', *, *, #3074, .T. ) ;
#3249 = CARTESIAN_POINT ( 'NONE',  ( 2.014565150278558203, 3.189426536606437601, 20.24832212799901399 ) ) ;
#3250 = CARTESIAN_POINT ( 'NONE',  ( 5.597734721401525171, -12.57799432079165314, 17.83396615689146358 ) ) ;
#3251 = ORIENTED_EDGE ( 'NONE', *, *, #6775, .F. ) ;
#3252 = ORIENTED_EDGE ( 'NONE', *, *, #4295, .F. ) ;
#3253 = DIRECTION ( 'NONE',  ( 0.000000000000000000, 1.000000000000000000, 0.000000000000000000 ) ) ;
#3254 = CARTESIAN_POINT ( 'NONE',  ( 13.22069333197112506, 12.72974728436562231, 21.24833212799901361 ) ) ;
#3255 = CIRCLE ( 'NONE', #5067, 2.500000000000000444 ) ;
#3256 = B_SPLINE_CURVE_WITH_KNOTS ( 'NONE', 3,
 ( #5933, #736, #657, #6384 ),
 .UNSPECIFIED., .F., .F.,
 ( 4, 4 ),
 ( -6.586974252265063694E-06, 1.127613849486200214E-05 ),
 .UNSPECIFIED. ) ;
#3257 = CARTESIAN_POINT ( 'NONE',  ( -0.3304283836614452796, -8.875294732441114220, 13.68170430104475521 ) ) ;
#3258 = ORIENTED_EDGE ( 'NONE', *, *, #3769, .F. ) ;
#3259 = ORIENTED_EDGE ( 'NONE', *, *, #3430, .T. ) ;
#3260 = DIRECTION ( 'NONE',  ( 1.000000000000000000, 0.000000000000000000, -0.000000000000000000 ) ) ;
#3261 = ORIENTED_EDGE ( 'NONE', *, *, #6010, .F. ) ;
#3262 = CIRCLE ( 'NONE', #11, 0.8999999999999998002 ) ;
#3263 = DIRECTION ( 'NONE',  ( 1.000000000000000000, -0.000000000000000000, -1.020425574104003753E-16 ) ) ;
#3264 = DIRECTION ( 'NONE',  ( 9.392764624727896197E-16, -1.000000000000000000, 0.000000000000000000 ) ) ;
#3265 = CYLINDRICAL_SURFACE ( 'NONE', #5370, 0.9999999999999991118 ) ;
#3266 = AXIS2_PLACEMENT_3D ( 'NONE', #1798, #2053, #4914 ) ;
#3267 = AXIS2_PLACEMENT_3D ( 'NONE', #4525, #483, #6884 ) ;
#3268 = VERTEX_POINT ( 'NONE', #1768 ) ;
#3269 = CARTESIAN_POINT ( 'NONE',  ( -0.4620593149765189200, -8.873752814197141348, 23.99833212799901005 ) ) ;
#3270 = CARTESIAN_POINT ( 'NONE',  ( -0.8746562824944889014, -24.72260983144137469, 6.999999999999999112 ) ) ;
#3271 = EDGE_LOOP ( 'NONE', ( #4675, #690, #4296 ) ) ;
#3272 = AXIS2_PLACEMENT_3D ( 'NONE', #1695, #5153, #2822 ) ;
#3273 = CARTESIAN_POINT ( 'NONE',  ( -4.136321125020613998, -8.873752814197141348, 6.999999999999999112 ) ) ;
#3274 = FACE_OUTER_BOUND ( 'NONE', #572, .T. ) ;
#3275 = CARTESIAN_POINT ( 'NONE',  ( 3.665112342299941428, 4.796808280460860274, 11.74867704134537405 ) ) ;
#3276 = EDGE_CURVE ( 'NONE', #5371, #7024, #1696, .T. ) ;
#3277 = CARTESIAN_POINT ( 'NONE',  ( 1.583246015799837147, -8.236415657595513196, 15.20666212799901373 ) ) ;
#3278 = DIRECTION ( 'NONE',  ( 1.000000000000000000, 0.000000000000000000, 0.000000000000000000 ) ) ;
#3279 = ADVANCED_FACE ( 'NONE', ( #3467 ), #6616, .F. ) ;
#3280 = CARTESIAN_POINT ( 'NONE',  ( 19.36578231149358231, 5.288772716631839899, 6.998332127999012719 ) ) ;
#3281 = ORIENTED_EDGE ( 'NONE', *, *, #4812, .F. ) ;
#3282 = DIRECTION ( 'NONE',  ( -0.9794733370953441209, -0.2015737629735342429, 0.000000000000000000 ) ) ;
#3283 = PLANE ( 'NONE',  #4636 ) ;
#3284 = EDGE_CURVE ( 'NONE', #783, #5592, #3138, .T. ) ;
#3285 = CARTESIAN_POINT ( 'NONE',  ( 3.720693331971123285, 11.72974728436562408, 10.74833212799901361 ) ) ;
#3286 = EDGE_LOOP ( 'NONE', ( #920, #726, #4244, #491, #6003, #4335, #403, #7388, #7088 ) ) ;
#3287 = CARTESIAN_POINT ( 'NONE',  ( -5.337312669317465286, -4.213774396442231840, 13.68168827458399228 ) ) ;
#3288 = CARTESIAN_POINT ( 'NONE',  ( 0.9582460157998369255, 3.406815019553060875, 11.74833212799901183 ) ) ;
#3289 = ORIENTED_EDGE ( 'NONE', *, *, #1851, .T. ) ;
#3290 = VERTEX_POINT ( 'NONE', #448 ) ;
#3291 = FACE_OUTER_BOUND ( 'NONE', #3340, .T. ) ;
#3292 = CARTESIAN_POINT ( 'NONE',  ( 13.97271927821310200, 4.178890529541748222, 19.74205862933323985 ) ) ;
#3293 = CARTESIAN_POINT ( 'NONE',  ( -0.3378948879941183758, -8.875294732441114220, 7.998332127999012719 ) ) ;
#3294 = VERTEX_POINT ( 'NONE', #2752 ) ;
#3295 = VERTEX_POINT ( 'NONE', #1129 ) ;
#3296 = DIRECTION ( 'NONE',  ( 0.000000000000000000, 0.000000000000000000, 1.000000000000000000 ) ) ;
#3297 = VERTEX_POINT ( 'NONE', #5051 ) ;
#3298 = CARTESIAN_POINT ( 'NONE',  ( -5.330428383661446112, -3.884007349944944565, 11.74833212799901183 ) ) ;
#3299 = DIRECTION ( 'NONE',  ( 1.000000000000000000, -0.000000000000000000, 0.000000000000000000 ) ) ;
#3300 = CARTESIAN_POINT ( 'NONE',  ( 14.42226709494465631, 4.271406621224085320, 10.74833212799901361 ) ) ;
#3301 = ORIENTED_EDGE ( 'NONE', *, *, #377, .T. ) ;
#3302 = ORIENTED_EDGE ( 'NONE', *, *, #6396, .T. ) ;
#3303 = DIRECTION ( 'NONE',  ( 0.000000000000000000, 1.000000000000000000, 0.000000000000000000 ) ) ;
#3304 = CARTESIAN_POINT ( 'NONE',  ( 13.22069333197112329, 4.024125010056278207, 21.24833212799902071 ) ) ;
#3305 = VERTEX_POINT ( 'NONE', #7334 ) ;
#3306 = DIRECTION ( 'NONE',  ( -0.2015737629735342984, -0.9794733370953438989, 0.000000000000000000 ) ) ;
#3307 = DIRECTION ( 'NONE',  ( 0.000000000000000000, -0.000000000000000000, 1.000000000000000000 ) ) ;
#3308 = CYLINDRICAL_SURFACE ( 'NONE', #1669, 0.8999999999999980238 ) ;
#3309 = LINE ( 'NONE', #298, #6232 ) ;
#3310 = VECTOR ( 'NONE', #3543, 1000.000000000000114 ) ;
#3311 = CARTESIAN_POINT ( 'NONE',  ( 2.720693331971122841, 4.025086560482841413, 12.36308014915847053 ) ) ;
#3312 = ADVANCED_FACE ( 'NONE', ( #6204 ), #3453, .F. ) ;
#3313 = CARTESIAN_POINT ( 'NONE',  ( 12.22069333197112151, 11.72974728436562408, 9.748332127999011831 ) ) ;
#3314 = CIRCLE ( 'NONE', #7391, 0.8999999999999998002 ) ;
#3315 = ORIENTED_EDGE ( 'NONE', *, *, #2038, .T. ) ;
#3316 = DIRECTION ( 'NONE',  ( -0.9659279192470430209, -0.2588112339506885573, 0.000000000000000000 ) ) ;
#3317 = DIRECTION ( 'NONE',  ( -1.000000000000000000, 0.000000000000000000, 0.000000000000000000 ) ) ;
#3318 = CIRCLE ( 'NONE', #665, 0.8999999999999998002 ) ;
#3319 = PLANE ( 'NONE',  #134 ) ;
#3320 = CARTESIAN_POINT ( 'NONE',  ( -5.337894887994158566, 4.456773848707507923, 10.24999999999999822 ) ) ;
#3321 = EDGE_CURVE ( 'NONE', #1376, #4199, #7222, .T. ) ;
#3322 = CARTESIAN_POINT ( 'NONE',  ( -5.304436011043669907, -4.539923741060544415, 13.68168371187504562 ) ) ;
#3323 = LINE ( 'NONE', #417, #1823 ) ;
#3324 = AXIS2_PLACEMENT_3D ( 'NONE', #1999, #4414, #3844 ) ;
#3325 = VERTEX_POINT ( 'NONE', #661 ) ;
#3326 = ORIENTED_EDGE ( 'NONE', *, *, #4307, .T. ) ;
#3327 = FACE_OUTER_BOUND ( 'NONE', #6583, .T. ) ;
#3328 = AXIS2_PLACEMENT_3D ( 'NONE', #4252, #6531, #1421 ) ;
#3329 = CARTESIAN_POINT ( 'NONE',  ( 1.675288848723323509, 3.516946946089085646, 11.12333212799901183 ) ) ;
#3330 = AXIS2_PLACEMENT_3D ( 'NONE', #3875, #5531, #6584 ) ;
#3331 = DIRECTION ( 'NONE',  ( -1.000000000000000000, 1.734723475976806503E-15, 0.000000000000000000 ) ) ;
#3332 = ORIENTED_EDGE ( 'NONE', *, *, #6563, .T. ) ;
#3333 = EDGE_CURVE ( 'NONE', #3558, #3832, #2477, .T. ) ;
#3334 = AXIS2_PLACEMENT_3D ( 'NONE', #2702, #2739, #6193 ) ;
#3335 = ORIENTED_EDGE ( 'NONE', *, *, #6535, .T. ) ;
#3336 = LINE ( 'NONE', #2622, #1997 ) ;
#3337 = ADVANCED_FACE ( 'NONE', ( #5899 ), #6499, .F. ) ;
#3338 = ORIENTED_EDGE ( 'NONE', *, *, #7439, .T. ) ;
#3339 = CIRCLE ( 'NONE', #1537, 5.000000000000000000 ) ;
#3340 = EDGE_LOOP ( 'NONE', ( #1027, #89, #2463, #1156, #5843, #1878, #917 ) ) ;
#3342 = EDGE_CURVE ( 'NONE', #6893, #6140, #2296, .T. ) ;
#3341 = DIRECTION ( 'NONE',  ( 0.000000000000000000, 0.000000000000000000, -1.000000000000000000 ) ) ;
#3343 = EDGE_CURVE ( 'NONE', #4326, #6117, #6254, .T. ) ;
#3344 = CARTESIAN_POINT ( 'NONE',  ( -5.330428383661447889, 4.393118539265072009, 14.58166212799901373 ) ) ;
#3345 = EDGE_CURVE ( 'NONE', #1139, #2523, #1954, .T. ) ;
#3346 = ORIENTED_EDGE ( 'NONE', *, *, #2692, .F. ) ;
#3347 = EDGE_LOOP ( 'NONE', ( #1895, #648, #1080, #4232 ) ) ;
#3348 = CARTESIAN_POINT ( 'NONE',  ( -0.3378948879941071071, -8.875294732441114220, 19.34836424699681956 ) ) ;
#3349 = DIRECTION ( 'NONE',  ( 1.000000000000000000, 4.163336342344336041E-16, 0.000000000000000000 ) ) ;
#3350 = CARTESIAN_POINT ( 'NONE',  ( 15.05895385150151711, 4.402435553298106541, 17.49833212799901361 ) ) ;
#3351 = CARTESIAN_POINT ( 'NONE',  ( 4.410365631536280695, 6.229747284365624083, 23.99833212799901005 ) ) ;
#3352 = VECTOR ( 'NONE', #5163, 1000.000000000000000 ) ;
#3353 = CARTESIAN_POINT ( 'NONE',  ( 1.086734128815991518, -8.069294384771509954, 20.63604303639685966 ) ) ;
#3354 = CARTESIAN_POINT ( 'NONE',  ( -4.330428383661447000, 4.393118539265072897, 20.24832212799901399 ) ) ;
#3355 = DIRECTION ( 'NONE',  ( 0.000000000000000000, 0.000000000000000000, 1.000000000000000000 ) ) ;
#3356 = DIRECTION ( 'NONE',  ( 0.000000000000000000, -0.000000000000000000, 1.000000000000000000 ) ) ;
#3357 = CARTESIAN_POINT ( 'NONE',  ( 12.35161662307661778, 4.893171267556846615, 22.24833212799901361 ) ) ;
#3358 = CARTESIAN_POINT ( 'NONE',  ( -4.719215676914301660, 5.392884190626652696, 21.14614762216596233 ) ) ;
#3360 =( BOUNDED_CURVE ( )  B_SPLINE_CURVE ( 3, ( #3381, #471, #2775, #7358 ),
 .UNSPECIFIED., .F., .F. ) 
 B_SPLINE_CURVE_WITH_KNOTS ( ( 4, 4 ),
 ( 4.712388980384689674, 6.283185307179582679 ),
 .UNSPECIFIED. ) 
 CURVE ( )  GEOMETRIC_REPRESENTATION_ITEM ( )  RATIONAL_B_SPLINE_CURVE ( ( 1.000000000000000000, 0.8047378541243649375, 0.8047378541243649375, 1.000000000000000000 ) ) 
 REPRESENTATION_ITEM ( '' )  );
#3359 = VECTOR ( 'NONE', #3959, 1000.000000000000000 ) ;
#3361 = FACE_OUTER_BOUND ( 'NONE', #6307, .T. ) ;
#3362 = DIRECTION ( 'NONE',  ( 0.9794733370953438989, -0.2015737629735343261, 0.000000000000000000 ) ) ;
#3363 = CARTESIAN_POINT ( 'NONE',  ( 5.597734721401525171, -12.57799432079165314, 17.83396615689146358 ) ) ;
#3364 = CARTESIAN_POINT ( 'NONE',  ( -4.718015283681294747, 5.384643838426241835, 13.68380122742157745 ) ) ;
#3365 = DIRECTION ( 'NONE',  ( -0.2015737629735347980, -0.9794733370953438989, 0.000000000000000000 ) ) ;
#3366 = ORIENTED_EDGE ( 'NONE', *, *, #4453, .F. ) ;
#3367 = CIRCLE ( 'NONE', #5053, 5.000000000000000000 ) ;
#3368 = ORIENTED_EDGE ( 'NONE', *, *, #4150, .F. ) ;
#3369 = DIRECTION ( 'NONE',  ( -0.000000000000000000, -0.000000000000000000, -1.000000000000000000 ) ) ;
#3370 = CARTESIAN_POINT ( 'NONE',  ( 12.31052796552276796, 4.760148962460159616, 20.24627867456465324 ) ) ;
#3371 = CARTESIAN_POINT ( 'NONE',  ( -4.209372244636166549, 5.451280968262005366, 18.31282390724935993 ) ) ;
#3372 = EDGE_CURVE ( 'NONE', #6716, #1010, #2897, .T. ) ;
#3373 = ORIENTED_EDGE ( 'NONE', *, *, #250, .F. ) ;
#3374 = ORIENTED_EDGE ( 'NONE', *, *, #7009, .F. ) ;
#3375 = CARTESIAN_POINT ( 'NONE',  ( -4.337894887994159454, 4.456773848707517693, 23.99833212799901005 ) ) ;
#3376 = EDGE_CURVE ( 'NONE', #5592, #2015, #2348, .T. ) ;
#3377 = ORIENTED_EDGE ( 'NONE', *, *, #432, .F. ) ;
#3378 = ORIENTED_EDGE ( 'NONE', *, *, #2786, .T. ) ;
#3379 = CARTESIAN_POINT ( 'NONE',  ( 2.720693331971123730, 4.829747284365623727, 19.14833212799901574 ) ) ;
#3380 = VECTOR ( 'NONE', #6787, 1000.000000000000000 ) ;
#3381 = CARTESIAN_POINT ( 'NONE',  ( 3.720693331971123730, 4.840245285879309023, 20.24833212799901361 ) ) ;
#3382 = EDGE_CURVE ( 'NONE', #1989, #717, #3535, .T. ) ;
#3383 = EDGE_CURVE ( 'NONE', #5271, #5868, #4950, .T. ) ;
#3384 = EDGE_LOOP ( 'NONE', ( #3161, #964, #2770, #3251, #2406, #2431, #906 ) ) ;
#3385 = ORIENTED_EDGE ( 'NONE', *, *, #716, .T. ) ;
#3386 = AXIS2_PLACEMENT_3D ( 'NONE', #5578, #2723, #5022 ) ;
#3387 = CARTESIAN_POINT ( 'NONE',  ( -5.337892357666857102, -3.881103147417413801, 10.84836307902140540 ) ) ;
#3388 = DIRECTION ( 'NONE',  ( 1.000000000000000000, 0.000000000000000000, 0.000000000000000000 ) ) ;
#3389 = VECTOR ( 'NONE', #6673, 1000.000000000000000 ) ;
#3390 = DIRECTION ( 'NONE',  ( 0.000000000000000000, 0.000000000000000000, 1.000000000000000000 ) ) ;
#3391 = CARTESIAN_POINT ( 'NONE',  ( -0.3378948879941183758, -8.875294732441114220, 13.83396615689146714 ) ) ;
#3392 = CARTESIAN_POINT ( 'NONE',  ( 3.704026288810855938, 4.829747284376125549, 20.24833212799901361 ) ) ;
#3393 = CARTESIAN_POINT ( 'NONE',  ( -0.4620593149765189200, -8.873752814197141348, 10.24999999999999822 ) ) ;
#3394 = CARTESIAN_POINT ( 'NONE',  ( 12.41617742570902649, 4.651342345668689759, 11.76230938742743959 ) ) ;
#3395 = CARTESIAN_POINT ( 'NONE',  ( 12.72431230747876540, 5.046571403535803135, 22.12211851836769583 ) ) ;
#3396 = EDGE_CURVE ( 'NONE', #708, #639, #4186, .T. ) ;
#3397 = DIRECTION ( 'NONE',  ( 0.000000000000000000, 0.000000000000000000, -1.000000000000000000 ) ) ;
#3398 = DIRECTION ( 'NONE',  ( 0.000000000000000000, 0.000000000000000000, -1.000000000000000000 ) ) ;
#3399 = CARTESIAN_POINT ( 'NONE',  ( 12.22069333197112329, 12.72974728436562231, 21.24833212799901716 ) ) ;
#3400 = VERTEX_POINT ( 'NONE', #4392 ) ;
#3401 = CARTESIAN_POINT ( 'NONE',  ( -5.330428383661447889, 4.393118539265072009, 17.41499212799901031 ) ) ;
#3402 = DIRECTION ( 'NONE',  ( 9.392764624727896197E-16, -1.000000000000000000, 0.000000000000000000 ) ) ;
#3403 = ORIENTED_EDGE ( 'NONE', *, *, #936, .F. ) ;
#3404 = ORIENTED_EDGE ( 'NONE', *, *, #2593, .F. ) ;
#3405 = DIRECTION ( 'NONE',  ( 0.000000000000000000, 0.000000000000000000, 1.000000000000000000 ) ) ;
#3406 =( BOUNDED_CURVE ( )  B_SPLINE_CURVE ( 3, ( #3044, #1919, #5413, #4216 ),
 .UNSPECIFIED., .F., .F. ) 
 B_SPLINE_CURVE_WITH_KNOTS ( ( 4, 4 ),
 ( 5.524029678433318935, 6.283185307179586232 ),
 .UNSPECIFIED. ) 
 CURVE ( )  GEOMETRIC_REPRESENTATION_ITEM ( )  RATIONAL_B_SPLINE_CURVE ( ( 1.000000000000000000, 0.9525474333998913412, 0.9525474333998913412, 1.000000000000000000 ) ) 
 REPRESENTATION_ITEM ( '' )  );
#3407 = DIRECTION ( 'NONE',  ( -0.000000000000000000, 1.000000000000000000, -0.000000000000000000 ) ) ;
#3408 = DIRECTION ( 'NONE',  ( -0.000000000000000000, -0.000000000000000000, -1.000000000000000000 ) ) ;
#3409 = ORIENTED_EDGE ( 'NONE', *, *, #5217, .F. ) ;
#3410 = ORIENTED_EDGE ( 'NONE', *, *, #837, .F. ) ;
#3411 = FACE_OUTER_BOUND ( 'NONE', #3025, .T. ) ;
#3412 = EDGE_LOOP ( 'NONE', ( #3751, #502, #1043, #6148, #3636, #4405 ) ) ;
#3413 = ORIENTED_EDGE ( 'NONE', *, *, #5269, .F. ) ;
#3414 = DIRECTION ( 'NONE',  ( -0.9794733370953440099, 0.2015737629735344927, 0.000000000000000000 ) ) ;
#3415 = EDGE_CURVE ( 'NONE', #6183, #4800, #6379, .T. ) ;
#3416 = CARTESIAN_POINT ( 'NONE',  ( 12.03962773940497222, 3.781063941627264224, 23.24833212799901361 ) ) ;
#3417 = VECTOR ( 'NONE', #6836, 1000.000000000000000 ) ;
#3418 = ORIENTED_EDGE ( 'NONE', *, *, #4180, .F. ) ;
#3419 = EDGE_LOOP ( 'NONE', ( #4844, #943, #2583, #2508, #129 ) ) ;
#3420 = CARTESIAN_POINT ( 'NONE',  ( 2.195981536954739521, 4.070952539992247488, 11.74833212799901183 ) ) ;
#3421 = DIRECTION ( 'NONE',  ( 0.000000000000000000, -1.000000000000000000, 0.000000000000000000 ) ) ;
#3422 = CARTESIAN_POINT ( 'NONE',  ( -4.855142743477017575, 5.325173626122781556, 12.64638007702953004 ) ) ;
#3423 = CYLINDRICAL_SURFACE ( 'NONE', #2070, 0.6250000000000005551 ) ;
#3424 = VECTOR ( 'NONE', #4634, 1000.000000000000000 ) ;
#3425 = CARTESIAN_POINT ( 'NONE',  ( 1.417836159733417256, 3.552638499563077534, 16.80659211459683533 ) ) ;
#3426 = CARTESIAN_POINT ( 'NONE',  ( -0.9533765456957102868, -8.873752814197143124, 9.982558732112151390 ) ) ;
#3427 = CARTESIAN_POINT ( 'NONE',  ( -4.330428383661447000, 4.393118539265072897, 20.24832212799901399 ) ) ;
#3428 = CARTESIAN_POINT ( 'NONE',  ( -0.9938685729468695884, -8.842986446978361670, 18.31495964614039806 ) ) ;
#3429 = EDGE_CURVE ( 'NONE', #4874, #1724, #3190, .T. ) ;
#3430 = EDGE_CURVE ( 'NONE', #6079, #1456, #6494, .T. ) ;
#3431 = CARTESIAN_POINT ( 'NONE',  ( 13.22069333197112506, 11.72974728436562408, 21.24833212799901361 ) ) ;
#3432 = ADVANCED_FACE ( 'NONE', ( #1073 ), #462, .F. ) ;
#3433 = VECTOR ( 'NONE', #1404, 1000.000000000000000 ) ;
#3434 = CARTESIAN_POINT ( 'NONE',  ( -4.306622442006275087, -6.934194992480525954, 19.34832202384773936 ) ) ;
#3435 = DIRECTION ( 'NONE',  ( -0.9794733370953440099, 0.2015737629735344927, 0.000000000000000000 ) ) ;
#3436 = CARTESIAN_POINT ( 'NONE',  ( 1.965387807475295734, -8.133519051144450174, 19.74748513938650518 ) ) ;
#3437 = ADVANCED_FACE ( 'NONE', ( #4432, #2207 ), #357, .F. ) ;
#3438 = ORIENTED_EDGE ( 'NONE', *, *, #5452, .F. ) ;
#3439 = CARTESIAN_POINT ( 'NONE',  ( -4.282425263320524422, 5.466315141537596567, 13.68392660047181408 ) ) ;
#3440 = FACE_OUTER_BOUND ( 'NONE', #6675, .T. ) ;
#3441 = ORIENTED_EDGE ( 'NONE', *, *, #873, .T. ) ;
#3442 = CARTESIAN_POINT ( 'NONE',  ( 1.674890344502793615, 3.517028957506928677, 15.20666212800090022 ) ) ;
#3443 = AXIS2_PLACEMENT_3D ( 'NONE', #5264, #5149, #3989 ) ;
#3444 = CARTESIAN_POINT ( 'NONE',  ( -4.136321125020613998, 5.436247185802858262, 12.64626015647041157 ) ) ;
#3445 = EDGE_CURVE ( 'NONE', #5965, #3718, #1571, .T. ) ;
#3446 = DIRECTION ( 'NONE',  ( 0.000000000000000000, -1.000000000000000000, 0.000000000000000000 ) ) ;
#3447 = EDGE_LOOP ( 'NONE', ( #1746, #4982, #4715 ) ) ;
#3448 = VECTOR ( 'NONE', #2540, 1000.000000000000000 ) ;
#3449 = ORIENTED_EDGE ( 'NONE', *, *, #7211, .T. ) ;
#3450 = DIRECTION ( 'NONE',  ( 1.000000000000000000, 0.000000000000000000, -0.000000000000000000 ) ) ;
#3451 = VERTEX_POINT ( 'NONE', #3859 ) ;
#3452 = AXIS2_PLACEMENT_3D ( 'NONE', #775, #364, #4366 ) ;
#3453 =( BOUNDED_SURFACE ( )  B_SPLINE_SURFACE ( 3, 2, ( 
 ( #1659, #7401, #4138 ),
 ( #776, #7060, #4743 ),
 ( #2440, #5339, #4779 ),
 ( #6954, #1310, #5936 ),
 ( #6461, #103, #7023 ),
 ( #626, #1807, #702 ),
 ( #1917, #1843, #3080 ),
 ( #2370, #67, #3005 ),
 ( #1877, #5304, #4253 ),
 ( #6418, #4176, #3042 ) ),
 .UNSPECIFIED., .F., .F., .T. ) 
 B_SPLINE_SURFACE_WITH_KNOTS ( ( 4, 2, 2, 2, 4 ),
 ( 3, 3 ),
 ( 0.000000000000000000, 0.3950552761889165043, 0.7901105523778330086, 1.185165828566749457, 1.580221104755666017 ),
 ( 0.000000000000000000, 1.000000000000000000 ),
 .UNSPECIFIED. ) 
 GEOMETRIC_REPRESENTATION_ITEM ( )  RATIONAL_B_SPLINE_SURFACE ( (
 ( 1.000000000000000000, 0.6318331413539752806, 1.000000000000000000),
 ( 1.000000000000000000, 0.6318199295439566043, 1.000000000000000000),
 ( 1.000000000000000000, 0.6339434711999579752, 1.000000000000000000),
 ( 1.000000000000000000, 0.6419502525991932496, 1.000000000000000000),
 ( 1.000000000000000000, 0.6478367146453132275, 1.000000000000000000),
 ( 1.000000000000000000, 0.6622312850233187387, 1.000000000000000000),
 ( 1.000000000000000000, 0.6707265110484986748, 1.000000000000000000),
 ( 1.000000000000000000, 0.6888170579976943264, 1.000000000000000000),
 ( 1.000000000000000000, 0.6984047204364742800, 1.000000000000000000),
 ( 1.000000000000000000, 0.7077781290184218532, 1.000000000000000000) ) ) 
 REPRESENTATION_ITEM ( '' )  SURFACE ( )  );
#3454 = ORIENTED_EDGE ( 'NONE', *, *, #5914, .T. ) ;
#3455 = CARTESIAN_POINT ( 'NONE',  ( 2.021704316544359337, -8.101945535577451452, 11.30293419523750487 ) ) ;
#3456 = DIRECTION ( 'NONE',  ( -1.000000000000000000, -0.000000000000000000, -0.000000000000000000 ) ) ;
#3457 = AXIS2_PLACEMENT_3D ( 'NONE', #5596, #2740, #6961 ) ;
#3458 = ORIENTED_EDGE ( 'NONE', *, *, #4118, .T. ) ;
#3459 = ORIENTED_EDGE ( 'NONE', *, *, #1354, .F. ) ;
#3460 = VECTOR ( 'NONE', #4832, 1000.000000000000000 ) ;
#3461 = CARTESIAN_POINT ( 'NONE',  ( 3.458945442748634580, 4.947979728426512125, 9.774359453345104143 ) ) ;
#3462 = CARTESIAN_POINT ( 'NONE',  ( -5.304436011043669907, -4.539923741060544415, 10.84835371187504194 ) ) ;
#3463 = AXIS2_PLACEMENT_3D ( 'NONE', #1982, #253, #6123 ) ;
#3464 = CARTESIAN_POINT ( 'NONE',  ( 2.208246015799835149, 4.130547250359976275, 12.64627313555732968 ) ) ;
#3465 = DIRECTION ( 'NONE',  ( 0.000000000000000000, 0.000000000000000000, -1.000000000000000000 ) ) ;
#3466 = B_SPLINE_CURVE_WITH_KNOTS ( 'NONE', 3,
 ( #2732, #2172, #7383, #1385, #5031 ),
 .UNSPECIFIED., .F., .F.,
 ( 4, 1, 4 ),
 ( 0.002020911749992927806, 0.002053132317618553467, 0.002085352885244179128 ),
 .UNSPECIFIED. ) ;
#3467 = FACE_OUTER_BOUND ( 'NONE', #6149, .T. ) ;
#3468 = CARTESIAN_POINT ( 'NONE',  ( 2.208246015799835149, 4.130547250359976275, 18.31293313555732993 ) ) ;
#3469 = CARTESIAN_POINT ( 'NONE',  ( -5.330428383661446112, 4.393118539265072009, 15.48166212799901231 ) ) ;
#3470 = CARTESIAN_POINT ( 'NONE',  ( 12.38086166628260010, 4.687401352330489601, 11.75696799201914189 ) ) ;
#3471 = VECTOR ( 'NONE', #3512, 1000.000000000000000 ) ;
#3472 = DIRECTION ( 'NONE',  ( 1.000000000000000000, 0.000000000000000000, 0.000000000000000000 ) ) ;
#3473 = EDGE_CURVE ( 'NONE', #1036, #1971, #3255, .T. ) ;
#3474 = CARTESIAN_POINT ( 'NONE',  ( 12.01911956899759026, 4.797800235718282735, 22.24833212799901361 ) ) ;
#3475 = DIRECTION ( 'NONE',  ( 9.392764624727896197E-16, -1.000000000000000000, 0.000000000000000000 ) ) ;
#3476 = EDGE_CURVE ( 'NONE', #7190, #4139, #1640, .T. ) ;
#3477 = CARTESIAN_POINT ( 'NONE',  ( 0.000000000000000000, 3.729747284365623194, 19.14833212799901574 ) ) ;
#3478 = ORIENTED_EDGE ( 'NONE', *, *, #6452, .F. ) ;
#3479 = EDGE_CURVE ( 'NONE', #3124, #1300, #3466, .T. ) ;
#3480 = CARTESIAN_POINT ( 'NONE',  ( 1.583246015799837147, -8.236415657595513196, 20.87332212799901399 ) ) ;
#3481 = CARTESIAN_POINT ( 'NONE',  ( -4.282425263319604269, 5.466315141537410049, 10.85059660047181573 ) ) ;
#3482 = VERTEX_POINT ( 'NONE', #7313 ) ;
#3483 = CARTESIAN_POINT ( 'NONE',  ( 0.9582460157974505011, -7.984007349943287757, 11.74833212799870097 ) ) ;
#3484 = CIRCLE ( 'NONE', #584, 0.8999999999999998002 ) ;
#3485 = CARTESIAN_POINT ( 'NONE',  ( -0.3304283836614456682, -7.984007349944945986, 17.41499212799901031 ) ) ;
#3486 = DIRECTION ( 'NONE',  ( 0.000000000000000000, 0.000000000000000000, -1.000000000000000000 ) ) ;
#3487 = ORIENTED_EDGE ( 'NONE', *, *, #4155, .F. ) ;
#3488 = ORIENTED_EDGE ( 'NONE', *, *, #6872, .T. ) ;
#3489 = CARTESIAN_POINT ( 'NONE',  ( 13.65136054244786479, 4.112755508628658241, 9.148998450756060663 ) ) ;
#3490 = AXIS2_PLACEMENT_3D ( 'NONE', #6388, #5380, #3685 ) ;
#3491 = ORIENTED_EDGE ( 'NONE', *, *, #7332, .F. ) ;
#3492 = ORIENTED_EDGE ( 'NONE', *, *, #1678, .T. ) ;
#3493 = LINE ( 'NONE', #6831, #2014 ) ;
#3494 = CARTESIAN_POINT ( 'NONE',  ( -12.40663181555145123, 9.934409660288995525, 22.74666425599802366 ) ) ;
#3495 = EDGE_CURVE ( 'NONE', #6559, #4748, #2841, .T. ) ;
#3496 = ORIENTED_EDGE ( 'NONE', *, *, #18, .T. ) ;
#3497 = CARTESIAN_POINT ( 'NONE',  ( 3.044517509623149820, 3.958444156285739535, 9.974995254088234731 ) ) ;
#3498 = CARTESIAN_POINT ( 'NONE',  ( -2.551617567214619520, -8.370458121107917648, 10.84834320870984925 ) ) ;
#3499 = DIRECTION ( 'NONE',  ( 2.498001805406602216E-16, -1.000000000000000000, 0.000000000000000000 ) ) ;
#3500 = DIRECTION ( 'NONE',  ( 0.2015737629735342151, -0.9794733370953440099, 0.000000000000000000 ) ) ;
#3501 = AXIS2_PLACEMENT_3D ( 'NONE', #5704, #3408, #6406 ) ;
#3502 = DIRECTION ( 'NONE',  ( 0.000000000000000000, 1.000000000000000000, 0.000000000000000000 ) ) ;
#3503 = AXIS2_PLACEMENT_3D ( 'NONE', #4384, #6636, #914 ) ;
#3504 = CARTESIAN_POINT ( 'NONE',  ( -1.639205548044021521, -8.714184379051483020, 15.48163899900944784 ) ) ;
#3505 = DIRECTION ( 'NONE',  ( 0.000000000000000000, 0.000000000000000000, 1.000000000000000000 ) ) ;
#3506 = DIRECTION ( 'NONE',  ( 2.498001805406602216E-16, -1.000000000000000000, 0.000000000000000000 ) ) ;
#3507 = FACE_OUTER_BOUND ( 'NONE', #235, .T. ) ;
#3508 = CARTESIAN_POINT ( 'NONE',  ( -5.330428383661447889, 4.393118539265072009, 14.58166212799901373 ) ) ;
#3509 = EDGE_CURVE ( 'NONE', #3554, #3987, #6937, .T. ) ;
#3510 = CARTESIAN_POINT ( 'NONE',  ( -0.3304283836614459458, -7.984007349944945986, 17.41499212799901031 ) ) ;
#3511 = ADVANCED_FACE ( 'NONE', ( #1257 ), #2952, .F. ) ;
#3512 = DIRECTION ( 'NONE',  ( -0.2588112339506883908, 0.9659279192470430209, -0.000000000000000000 ) ) ;
#3513 = CARTESIAN_POINT ( 'NONE',  ( -0.3304283836614461678, -3.884007349944943677, 11.74833212799901183 ) ) ;
#3514 = CARTESIAN_POINT ( 'NONE',  ( 3.720693331971123730, 12.72974728436562231, 21.24833212799901716 ) ) ;
#3515 = B_SPLINE_CURVE_WITH_KNOTS ( 'NONE', 3,
 ( #293, #143, #4782, #7170, #179 ),
 .UNSPECIFIED., .F., .F.,
 ( 4, 1, 4 ),
 ( 0.000000000000000000, 0.3777526420860334855, 1.000000000000000000 ),
 .UNSPECIFIED. ) ;
#3516 = DIRECTION ( 'NONE',  ( -1.000000000000000000, 0.000000000000000000, 0.000000000000000000 ) ) ;
#3517 = ORIENTED_EDGE ( 'NONE', *, *, #3152, .T. ) ;
#3518 = CYLINDRICAL_SURFACE ( 'NONE', #6454, 0.8999999999999998002 ) ;
#3519 = EDGE_CURVE ( 'NONE', #3557, #1796, #4647, .T. ) ;
#3520 = LINE ( 'NONE', #1110, #6382 ) ;
#3521 = CARTESIAN_POINT ( 'NONE',  ( 15.57106778315772821, -8.873752814197141348, 23.99833212799901005 ) ) ;
#3522 = ORIENTED_EDGE ( 'NONE', *, *, #4507, .F. ) ;
#3523 = ORIENTED_EDGE ( 'NONE', *, *, #2894, .T. ) ;
#3524 = CARTESIAN_POINT ( 'NONE',  ( -5.337887297018019339, -3.884007349944944565, 19.34835303707892251 ) ) ;
#3525 = ORIENTED_EDGE ( 'NONE', *, *, #7139, .T. ) ;
#3526 = VERTEX_POINT ( 'NONE', #4121 ) ;
#3527 = CARTESIAN_POINT ( 'NONE',  ( -5.337894887994156790, -10.67529473244111315, 16.88396615689146429 ) ) ;
#3528 = CARTESIAN_POINT ( 'NONE',  ( -5.017606031512336529, -5.643646821551062231, 21.14831366847015914 ) ) ;
#3529 = B_SPLINE_CURVE_WITH_KNOTS ( 'NONE', 3,
 ( #1473, #1589, #6588, #2639, #3201, #1553 ),
 .UNSPECIFIED., .F., .F.,
 ( 4, 2, 4 ),
 ( 4.336808689942017255E-19, 0.0002526898806576824180, 0.0005053797613153644024 ),
 .UNSPECIFIED. ) ;
#3530 = TOROIDAL_SURFACE ( 'NONE', #1612, 0.9999999999999993339, 0.8999999999999998002 ) ;
#3531 = ORIENTED_EDGE ( 'NONE', *, *, #1333, .F. ) ;
#3532 = FACE_OUTER_BOUND ( 'NONE', #6671, .T. ) ;
#3533 = CARTESIAN_POINT ( 'NONE',  ( -0.3304283836614452796, -8.884007349944946341, 20.24832212799901399 ) ) ;
#3534 = CARTESIAN_POINT ( 'NONE',  ( 2.021704316544363333, -12.57799432079165314, 14.13626419523750677 ) ) ;
#3535 = LINE ( 'NONE', #3257, #3380 ) ;
#3536 = ORIENTED_EDGE ( 'NONE', *, *, #6234, .T. ) ;
#3537 = FACE_OUTER_BOUND ( 'NONE', #812, .T. ) ;
#3538 = CARTESIAN_POINT ( 'NONE',  ( 16.28395385150156116, -3.875294732441104895, 24.99666425599802366 ) ) ;
#3539 = DIRECTION ( 'NONE',  ( 1.000000000000000000, 0.000000000000000000, 0.000000000000000000 ) ) ;
#3540 = ORIENTED_EDGE ( 'NONE', *, *, #2457, .F. ) ;
#3541 = CARTESIAN_POINT ( 'NONE',  ( -5.084206320142425461, 5.138450269426164674, 19.34968754074992603 ) ) ;
#3542 = CARTESIAN_POINT ( 'NONE',  ( 4.157095377505041434, 3.742609536185408370, 7.998332127999012719 ) ) ;
#3543 = DIRECTION ( 'NONE',  ( 0.9794733370953440099, 0.2015737629735342151, 0.000000000000000000 ) ) ;
#3544 = EDGE_CURVE ( 'NONE', #616, #1279, #88, .T. ) ;
#3545 = CARTESIAN_POINT ( 'NONE',  ( 11.53569333197112101, 3.729747284365623194, 7.998332127999010943 ) ) ;
#3546 = LINE ( 'NONE', #2833, #1560 ) ;
#3547 = DIRECTION ( 'NONE',  ( -4.216341781888073566E-16, 1.000000000000000000, 0.000000000000000000 ) ) ;
#3548 = CARTESIAN_POINT ( 'NONE',  ( -5.337894887994158566, 4.456773848707507923, 15.48161224615836673 ) ) ;
#3549 = VERTEX_POINT ( 'NONE', #4576 ) ;
#3550 = AXIS2_PLACEMENT_3D ( 'NONE', #1969, #4313, #6034 ) ;
#3551 = DIRECTION ( 'NONE',  ( 0.000000000000000000, 1.000000000000000000, 0.000000000000000000 ) ) ;
#3552 = DIRECTION ( 'NONE',  ( 0.9794733370953438989, -0.2015737629735343261, 0.000000000000000000 ) ) ;
#3553 = CARTESIAN_POINT ( 'NONE',  ( 3.720693331971123730, 12.72974728436562231, 21.24833212799901361 ) ) ;
#3554 = VERTEX_POINT ( 'NONE', #3521 ) ;
#3555 = VERTEX_POINT ( 'NONE', #4612 ) ;
#3556 = CARTESIAN_POINT ( 'NONE',  ( -17.22255376510846503, 11.11286011707180243, 22.74666425599802366 ) ) ;
#3557 = VERTEX_POINT ( 'NONE', #6861 ) ;
#3558 = VERTEX_POINT ( 'NONE', #1713 ) ;
#3559 = DIRECTION ( 'NONE',  ( 5.682499450283236309E-17, -1.000000000000000000, 0.000000000000000000 ) ) ;
#3560 = DIRECTION ( 'NONE',  ( -0.000000000000000000, -0.000000000000000000, 1.000000000000000000 ) ) ;
#3561 = EDGE_CURVE ( 'NONE', #3156, #5271, #2535, .T. ) ;
#3562 = VECTOR ( 'NONE', #1972, 1000.000000000000000 ) ;
#3563 = ADVANCED_FACE ( 'NONE', ( #1184 ), #1791, .T. ) ;
#3564 = ORIENTED_EDGE ( 'NONE', *, *, #1547, .T. ) ;
#3565 = CYLINDRICAL_SURFACE ( 'NONE', #2483, 0.6250000000000005551 ) ;
#3566 = ADVANCED_FACE ( 'NONE', ( #50 ), #4655, .F. ) ;
#3567 = ADVANCED_FACE ( 'NONE', ( #2315 ), #1223, .T. ) ;
#3568 = VECTOR ( 'NONE', #870, 1000.000000000000000 ) ;
#3569 = LINE ( 'NONE', #4210, #1175 ) ;
#3570 = EDGE_CURVE ( 'NONE', #6960, #5176, #7338, .T. ) ;
#3571 = CARTESIAN_POINT ( 'NONE',  ( 0.9582460157998375916, 3.406815019553061319, 17.49753488238459909 ) ) ;
#3572 = VECTOR ( 'NONE', #3472, 1000.000000000000000 ) ;
#3573 = DIRECTION ( 'NONE',  ( -0.000000000000000000, -0.000000000000000000, 1.000000000000000000 ) ) ;
#3574 = EDGE_LOOP ( 'NONE', ( #4459, #2886, #4159, #2104 ) ) ;
#3575 = DIRECTION ( 'NONE',  ( 2.498001805406602216E-16, -1.000000000000000000, 0.000000000000000000 ) ) ;
#3576 = DIRECTION ( 'NONE',  ( 0.000000000000000000, 0.000000000000000000, -1.000000000000000000 ) ) ;
#3577 = CARTESIAN_POINT ( 'NONE',  ( 1.521725275909269204, 4.271831922089275757, 10.85039112044069576 ) ) ;
#3578 = ORIENTED_EDGE ( 'NONE', *, *, #5134, .F. ) ;
#3579 = CARTESIAN_POINT ( 'NONE',  ( 10.34865194254071596, -8.875294732441114220, 23.99833212799901005 ) ) ;
#3580 = TOROIDAL_SURFACE ( 'NONE', #5263, 0.9999999999999993339, 0.8999999999999998002 ) ;
#3581 = CARTESIAN_POINT ( 'NONE',  ( 4.410365631536291353, 3.729747284365623194, 23.99833212799901005 ) ) ;
#3582 = CARTESIAN_POINT ( 'NONE',  ( -5.330428383661447889, 4.393118539265072009, 14.58166212799901373 ) ) ;
#3583 = PLANE ( 'NONE',  #7426 ) ;
#3584 = CARTESIAN_POINT ( 'NONE',  ( 16.28395385150152919, -8.875294732441114220, 7.998332127999012719 ) ) ;
#3585 = LINE ( 'NONE', #3657, #2605 ) ;
#3586 = VERTEX_POINT ( 'NONE', #5172 ) ;
#3587 = CARTESIAN_POINT ( 'NONE',  ( -17.67643277480201647, -13.37061935686017655, 22.74666425599802366 ) ) ;
#3588 = CARTESIAN_POINT ( 'NONE',  ( 2.208246015799835149, 4.130547250359976275, 12.25883221986484806 ) ) ;
#3589 = CARTESIAN_POINT ( 'NONE',  ( 1.919785891754550500, 4.189911799112324253, 22.47742557550202136 ) ) ;
#3590 = AXIS2_PLACEMENT_3D ( 'NONE', #3763, #3801, #972 ) ;
#3591 = PLANE ( 'NONE',  #3621 ) ;
#3592 = VERTEX_POINT ( 'NONE', #6971 ) ;
#3593 = ORIENTED_EDGE ( 'NONE', *, *, #7231, .T. ) ;
#3594 = FACE_OUTER_BOUND ( 'NONE', #585, .T. ) ;
#3595 = ORIENTED_EDGE ( 'NONE', *, *, #2994, .F. ) ;
#3596 = ORIENTED_EDGE ( 'NONE', *, *, #5208, .F. ) ;
#3597 = CARTESIAN_POINT ( 'NONE',  ( 3.528944293650956521, 3.858750039004950949, 11.75018378848373324 ) ) ;
#3598 = CARTESIAN_POINT ( 'NONE',  ( -12.40663181555144767, -13.37191528868327772, 9.250000000000000000 ) ) ;
#3599 = EDGE_CURVE ( 'NONE', #6257, #5706, #2427, .T. ) ;
#3600 = AXIS2_PLACEMENT_3D ( 'NONE', #5500, #4376, #5573 ) ;
#3601 = EDGE_CURVE ( 'NONE', #4512, #3987, #6824, .T. ) ;
#3602 = ORIENTED_EDGE ( 'NONE', *, *, #4617, .F. ) ;
#3603 = CARTESIAN_POINT ( 'NONE',  ( -4.430428383661448422, 4.393118539265072009, 17.41499212799901031 ) ) ;
#3604 = DIRECTION ( 'NONE',  ( 1.000000000000000000, 0.000000000000000000, -0.000000000000000000 ) ) ;
#3605 = CARTESIAN_POINT ( 'NONE',  ( -4.136321125020615774, 5.436247185802859150, 21.74666425599802366 ) ) ;
#3606 = ADVANCED_FACE ( 'NONE', ( #4048 ), #4084, .T. ) ;
#3607 = EDGE_CURVE ( 'NONE', #2167, #5232, #5814, .T. ) ;
#3608 = CARTESIAN_POINT ( 'NONE',  ( -5.138801806229327696, 5.675267394358995077, 22.59662013502741829 ) ) ;
#3609 = ORIENTED_EDGE ( 'NONE', *, *, #5309, .T. ) ;
#3610 = DIRECTION ( 'NONE',  ( 0.000000000000000000, 0.000000000000000000, 1.000000000000000000 ) ) ;
#3611 = FACE_OUTER_BOUND ( 'NONE', #7352, .T. ) ;
#3612 = DIRECTION ( 'NONE',  ( 0.9794733370953440099, 0.2015737629735342151, -0.000000000000000000 ) ) ;
#3613 = ORIENTED_EDGE ( 'NONE', *, *, #3415, .F. ) ;
#3614 = DIRECTION ( 'NONE',  ( -0.9794733370953438989, 0.2015737629735347147, 0.000000000000000000 ) ) ;
#3615 = LINE ( 'NONE', #3581, #558 ) ;
#3616 = AXIS2_PLACEMENT_3D ( 'NONE', #7273, #2659, #5101 ) ;
#3617 = CARTESIAN_POINT ( 'NONE',  ( 1.583246015787041383, 3.535889187281870516, 20.87332212800530584 ) ) ;
#3618 = DIRECTION ( 'NONE',  ( 0.000000000000000000, -1.000000000000000000, 0.000000000000000000 ) ) ;
#3619 = LINE ( 'NONE', #152, #5161 ) ;
#3620 = CARTESIAN_POINT ( 'NONE',  ( 3.720693331971123730, 4.840245285879309023, 20.24833212799901361 ) ) ;
#3621 = AXIS2_PLACEMENT_3D ( 'NONE', #2501, #7115, #4865 ) ;
#3622 = ORIENTED_EDGE ( 'NONE', *, *, #7327, .F. ) ;
#3623 = CARTESIAN_POINT ( 'NONE',  ( -5.337894887994158566, -3.875294732441076917, 23.99833212799901005 ) ) ;
#3624 = AXIS2_PLACEMENT_3D ( 'NONE', #6185, #2171, #2694 ) ;
#3625 = ADVANCED_FACE ( 'NONE', ( #4237 ), #2779, .F. ) ;
#3626 = FACE_OUTER_BOUND ( 'NONE', #1636, .T. ) ;
#3627 = DIRECTION ( 'NONE',  ( -0.000000000000000000, -0.000000000000000000, -1.000000000000000000 ) ) ;
#3628 = ORIENTED_EDGE ( 'NONE', *, *, #5300, .F. ) ;
#3629 = ORIENTED_EDGE ( 'NONE', *, *, #4507, .T. ) ;
#3630 = CARTESIAN_POINT ( 'NONE',  ( -5.337894887994158566, -3.875294732441076917, 23.99833212799901005 ) ) ;
#3631 = DIRECTION ( 'NONE',  ( 0.000000000000000000, 0.000000000000000000, -1.000000000000000000 ) ) ;
#3632 = ORIENTED_EDGE ( 'NONE', *, *, #760, .T. ) ;
#3633 = VERTEX_POINT ( 'NONE', #7077 ) ;
#3634 = CARTESIAN_POINT ( 'NONE',  ( 3.110479730201072268, 5.091406899509678396, 11.55143879729742018 ) ) ;
#3635 = FACE_BOUND ( 'NONE', #6941, .T. ) ;
#3636 = ORIENTED_EDGE ( 'NONE', *, *, #7241, .T. ) ;
#3637 = FACE_OUTER_BOUND ( 'NONE', #4200, .T. ) ;
#3638 = ADVANCED_FACE ( 'NONE', ( #1295 ), #3740, .F. ) ;
#3639 = DIRECTION ( 'NONE',  ( -0.9659279192470430209, -0.2588112339506883908, 0.000000000000000000 ) ) ;
#3640 = DIRECTION ( 'NONE',  ( -0.000000000000000000, 1.000000000000000000, -0.000000000000000000 ) ) ;
#3641 = DIRECTION ( 'NONE',  ( 0.000000000000000000, 0.000000000000000000, -1.000000000000000000 ) ) ;
#3642 = ORIENTED_EDGE ( 'NONE', *, *, #5126, .T. ) ;
#3643 = CARTESIAN_POINT ( 'NONE',  ( 4.157095377505041434, 3.742609536185408370, 24.99833212799901361 ) ) ;
#3644 = CARTESIAN_POINT ( 'NONE',  ( -0.3020922099672417871, -8.873752814197141348, 22.74666425599802366 ) ) ;
#3645 = CARTESIAN_POINT ( 'NONE',  ( -0.3378948879941183758, -8.875294732441114220, 23.99833212799901005 ) ) ;
#3646 = PRODUCT_DEFINITION ( 'UNKNOWN', '', #6566, #1806 ) ;
#3647 = ORIENTED_EDGE ( 'NONE', *, *, #5942, .F. ) ;
#3648 = ORIENTED_EDGE ( 'NONE', *, *, #5811, .T. ) ;
#3649 = LINE ( 'NONE', #3579, #6336 ) ;
#3650 = CARTESIAN_POINT ( 'NONE',  ( -0.3304283836614452796, -8.884007349944946341, 17.41499212799901031 ) ) ;
#3651 = AXIS2_PLACEMENT_3D ( 'NONE', #4756, #6513, #3058 ) ;
#3652 = DIRECTION ( 'NONE',  ( -0.000000000000000000, -0.000000000000000000, 1.000000000000000000 ) ) ;
#3653 = CARTESIAN_POINT ( 'NONE',  ( 10.34865194254071596, -8.875294732441114220, 13.83396615689146714 ) ) ;
#3654 = EDGE_CURVE ( 'NONE', #3852, #7318, #272, .T. ) ;
#3655 = CYLINDRICAL_SURFACE ( 'NONE', #109, 5.000000000000000888 ) ;
#3656 = VECTOR ( 'NONE', #5641, 1000.000000000000000 ) ;
#3657 = CARTESIAN_POINT ( 'NONE',  ( 5.597734721401524283, -8.875294732441114220, 23.99833212799901005 ) ) ;
#3658 = EDGE_CURVE ( 'NONE', #2547, #616, #1096, .T. ) ;
#3659 = ADVANCED_FACE ( 'NONE', ( #4761 ), #5303, .F. ) ;
#3660 = VERTEX_POINT ( 'NONE', #2009 ) ;
#3661 = DIRECTION ( 'NONE',  ( -1.000000000000000000, 0.000000000000000000, 0.000000000000000000 ) ) ;
#3662 = CARTESIAN_POINT ( 'NONE',  ( 3.519119568997590264, 3.860771948783965346, 22.24833212799901361 ) ) ;
#3663 = EDGE_CURVE ( 'NONE', #7322, #2087, #3665, .T. ) ;
#3664 = EDGE_CURVE ( 'NONE', #2813, #7425, #800, .T. ) ;
#3665 = LINE ( 'NONE', #5958, #5898 ) ;
#3666 = ORIENTED_EDGE ( 'NONE', *, *, #3673, .T. ) ;
#3667 = ORIENTED_EDGE ( 'NONE', *, *, #6039, .T. ) ;
#3668 = CARTESIAN_POINT ( 'NONE',  ( -14.28307289072193598, 12.86592914530930720, 24.99666425599802366 ) ) ;
#3669 = LINE ( 'NONE', #2330, #3141 ) ;
#3670 = EDGE_LOOP ( 'NONE', ( #6299, #464, #7156, #1646 ) ) ;
#3671 = ORIENTED_EDGE ( 'NONE', *, *, #5685, .F. ) ;
#3672 = PLANE ( 'NONE',  #1567 ) ;
#3673 = EDGE_CURVE ( 'NONE', #4886, #991, #1441, .T. ) ;
#3674 = LINE ( 'NONE', #1451, #5669 ) ;
#3675 = AXIS2_PLACEMENT_3D ( 'NONE', #720, #3063, #2606 ) ;
#3676 = AXIS2_PLACEMENT_3D ( 'NONE', #3427, #3505, #2372 ) ;
#3677 = ORIENTED_EDGE ( 'NONE', *, *, #1772, .T. ) ;
#3678 = CARTESIAN_POINT ( 'NONE',  ( 13.22069333197112684, 4.039440254873871261, 12.36581125728551456 ) ) ;
#3679 = ORIENTED_EDGE ( 'NONE', *, *, #716, .F. ) ;
#3680 = CARTESIAN_POINT ( 'NONE',  ( 12.22069333197112329, 11.72974728436562408, 21.24833212799901361 ) ) ;
#3681 = LINE ( 'NONE', #5411, #5127 ) ;
#3682 = AXIS2_PLACEMENT_3D ( 'NONE', #6415, #1726, #2815 ) ;
#3683 = CARTESIAN_POINT ( 'NONE',  ( 1.497131977613010756, -8.236415657595500761, 11.12333212799902959 ) ) ;
#3684 = ORIENTED_EDGE ( 'NONE', *, *, #5455, .T. ) ;
#3685 = DIRECTION ( 'NONE',  ( 1.000000000000000000, 0.000000000000000000, 0.000000000000000000 ) ) ;
#3686 = CARTESIAN_POINT ( 'NONE',  ( -5.337894887994158566, 4.456773848718799336, 10.84838200983966594 ) ) ;
#3687 = CARTESIAN_POINT ( 'NONE',  ( 2.720693331971123730, 4.729747284365622306, 23.24833212799901361 ) ) ;
#3688 = CIRCLE ( 'NONE', #4056, 1.100000000000000311 ) ;
#3689 = ORIENTED_EDGE ( 'NONE', *, *, #6931, .T. ) ;
#3690 = ORIENTED_EDGE ( 'NONE', *, *, #23, .T. ) ;
#3691 = AXIS2_PLACEMENT_3D ( 'NONE', #2812, #6832, #1688 ) ;
#3692 =( BOUNDED_SURFACE ( )  B_SPLINE_SURFACE ( 3, 2, ( 
 ( #6791, #1717, #1644 ),
 ( #1076, #16, #4616 ),
 ( #1753, #5667, #5104 ),
 ( #2318, #4051, #6900 ),
 ( #3489, #5783, #615 ),
 ( #2922, #5212, #4836 ),
 ( #1938, #2430, #1865 ),
 ( #7012, #5887, #764 ),
 ( #1408, #725, #4240 ),
 ( #164, #5434, #843 ) ),
 .UNSPECIFIED., .F., .F., .T. ) 
 B_SPLINE_SURFACE_WITH_KNOTS ( ( 4, 2, 2, 2, 4 ),
 ( 3, 3 ),
 ( 1.570796326794896558, 1.963495408493620697, 2.356194490192344837, 2.748893571891068976, 3.141592653589793116 ),
 ( 0.000000000000000000, 1.000000000000000000 ),
 .UNSPECIFIED. ) 
 GEOMETRIC_REPRESENTATION_ITEM ( )  RATIONAL_B_SPLINE_SURFACE ( (
 ( 1.000000000000000000, 0.7071067811865475727, 1.000000000000000000),
 ( 1.000000000000000000, 0.6977799071279292553, 1.000000000000000000),
 ( 1.000000000000000000, 0.6882584818856501974, 1.000000000000000000),
 ( 1.000000000000000000, 0.6703150792515747414, 1.000000000000000000),
 ( 1.000000000000000000, 0.6619006714531817659, 1.000000000000000000),
 ( 1.000000000000000000, 0.6476533177294890864, 1.000000000000000000),
 ( 1.000000000000000000, 0.6418328879337243942, 1.000000000000000000),
 ( 1.000000000000000000, 0.6339179702650606929, 1.000000000000000000),
 ( 1.000000000000000000, 0.6318202333992520847, 1.000000000000000000),
 ( 1.000000000000000000, 0.6318331413539752806, 1.000000000000000000) ) ) 
 REPRESENTATION_ITEM ( '' )  SURFACE ( )  );
#3693 = DIRECTION ( 'NONE',  ( -1.000000000000000000, 0.000000000000000000, 0.000000000000000000 ) ) ;
#3694 = PLANE ( 'NONE',  #2989 ) ;
#3695 = DIRECTION ( 'NONE',  ( -0.000000000000000000, -0.000000000000000000, 1.000000000000000000 ) ) ;
#3696 = CIRCLE ( 'NONE', #5260, 0.8999999999999998002 ) ;
#3697 = CARTESIAN_POINT ( 'NONE',  ( 10.34865194254071596, -12.57799432079165314, 17.83396615689146358 ) ) ;
#3698 = CARTESIAN_POINT ( 'NONE',  ( 3.558747397660379175, 4.688240754437798863, 20.23980042705160187 ) ) ;
#3699 = VECTOR ( 'NONE', #6393, 1000.000000000000000 ) ;
#3700 = B_SPLINE_CURVE_WITH_KNOTS ( 'NONE', 3,
 ( #5049, #6766, #6733, #5608, #3235, #7217, #3877, #5497, #2713, #4929, #2112, #3275, #7331, #2074 ),
 .UNSPECIFIED., .F., .F.,
 ( 4, 2, 2, 2, 2, 2, 4 ),
 ( 0.000000000000000000, 0.0003026516981664546888, 0.0006053033963329093776, 0.0009079550944993639581, 0.001059280943582592170, 0.001134943868124206222, 0.001210606792665820273 ),
 .UNSPECIFIED. ) ;
#3701 = ORIENTED_EDGE ( 'NONE', *, *, #929, .F. ) ;
#3702 = CARTESIAN_POINT ( 'NONE',  ( 1.583246015787041383, 3.535889187281870516, 12.37333212800530546 ) ) ;
#3703 = TOROIDAL_SURFACE ( 'NONE', #5863, 1.999999999999999556, 1.000000000000000000 ) ;
#3704 = EDGE_CURVE ( 'NONE', #3171, #7154, #2664, .T. ) ;
#3705 = CARTESIAN_POINT ( 'NONE',  ( -0.3378948879941071071, -8.875294732441114220, 13.68170424699681931 ) ) ;
#3706 = ADVANCED_FACE ( 'NONE', ( #4834 ), #4157, .T. ) ;
#3707 = CARTESIAN_POINT ( 'NONE',  ( 14.22069333197112329, 5.250879958319428553, 10.74833212799901361 ) ) ;
#3708 = EDGE_LOOP ( 'NONE', ( #6179, #6620, #2873, #2468, #2747, #1113, #5585, #1086, #1572, #6899 ) ) ;
#3709 = LINE ( 'NONE', #3630, #1526 ) ;
#3710 = CARTESIAN_POINT ( 'NONE',  ( 2.208246015799835149, 4.130547250359976275, 13.68372112044069588 ) ) ;
#3711 = EDGE_LOOP ( 'NONE', ( #132, #7264, #1937, #6679, #3775, #2681, #1959 ) ) ;
#3712 = EDGE_LOOP ( 'NONE', ( #6145, #744, #1487, #6158 ) ) ;
#3713 = CARTESIAN_POINT ( 'NONE',  ( 2.788835130343526370, 4.011063107067978528, 11.14429638474096684 ) ) ;
#3714 = VECTOR ( 'NONE', #1101, 1000.000000000000000 ) ;
#3715 = CYLINDRICAL_SURFACE ( 'NONE', #2668, 0.8999999999999998002 ) ;
#3716 = ORIENTED_EDGE ( 'NONE', *, *, #1207, .F. ) ;
#3717 = CARTESIAN_POINT ( 'NONE',  ( 1.519988326642864429, 4.272189382967957805, 10.81639732460655345 ) ) ;
#3718 = VERTEX_POINT ( 'NONE', #4197 ) ;
#3719 = ADVANCED_FACE ( 'NONE', ( #6555 ), #3591, .T. ) ;
#3720 = CARTESIAN_POINT ( 'NONE',  ( 11.53569333197112456, 4.729747284365622306, 9.748332127999011831 ) ) ;
#3721 = FACE_OUTER_BOUND ( 'NONE', #4085, .T. ) ;
#3722 = CIRCLE ( 'NONE', #2883, 1.000000000000000888 ) ;
#3723 = ORIENTED_EDGE ( 'NONE', *, *, #5811, .F. ) ;
#3724 = DIRECTION ( 'NONE',  ( -0.000000000000000000, 1.000000000000000000, -0.000000000000000000 ) ) ;
#3725 = CARTESIAN_POINT ( 'NONE',  ( 12.80647976959802747, 5.080391220586510492, 11.74833212799901361 ) ) ;
#3726 = CARTESIAN_POINT ( 'NONE',  ( -0.3378948879941166550, -8.875294732441114220, 12.64829000900120626 ) ) ;
#3727 = CIRCLE ( 'NONE', #5406, 1.000000000000000888 ) ;
#3728 = ORIENTED_EDGE ( 'NONE', *, *, #4752, .F. ) ;
#3729 = ORIENTED_EDGE ( 'NONE', *, *, #565, .F. ) ;
#3730 = FACE_OUTER_BOUND ( 'NONE', #5325, .T. ) ;
#3731 = CARTESIAN_POINT ( 'NONE',  ( 1.040995091370846781, -8.039719456106315221, 17.09342646251781872 ) ) ;
#3732 = CARTESIAN_POINT ( 'NONE',  ( 1.413965883628308440, -8.218325354206799105, 18.02209170632876223 ) ) ;
#3733 = CARTESIAN_POINT ( 'NONE',  ( -5.337894887994158566, 4.456773848707507923, 21.74666425599802366 ) ) ;
#3734 = CARTESIAN_POINT ( 'NONE',  ( 1.583246015799836259, 3.535889187275713219, 19.62332212799901399 ) ) ;
#3735 = EDGE_CURVE ( 'NONE', #1858, #7190, #875, .T. ) ;
#3736 = ORIENTED_EDGE ( 'NONE', *, *, #6837, .T. ) ;
#3737 = CARTESIAN_POINT ( 'NONE',  ( 1.571808548287657592, 4.261524879219400930, 20.72169787468450863 ) ) ;
#3738 = DIRECTION ( 'NONE',  ( 0.000000000000000000, -1.000000000000000000, 0.000000000000000000 ) ) ;
#3739 = VECTOR ( 'NONE', #5590, 1000.000000000000000 ) ;
#3740 = PLANE ( 'NONE',  #2058 ) ;
#3741 = EDGE_LOOP ( 'NONE', ( #3212, #2094, #5963, #273, #1216, #6411 ) ) ;
#3742 = AXIS2_PLACEMENT_3D ( 'NONE', #7414, #6930, #3968 ) ;
#3743 = DIRECTION ( 'NONE',  ( 0.000000000000000000, 0.000000000000000000, 1.000000000000000000 ) ) ;
#3744 = FACE_OUTER_BOUND ( 'NONE', #1835, .T. ) ;
#3745 = ORIENTED_EDGE ( 'NONE', *, *, #2331, .T. ) ;
#3746 = EDGE_CURVE ( 'NONE', #5144, #1834, #3887, .T. ) ;
#3747 = VERTEX_POINT ( 'NONE', #3064 ) ;
#3748 = CARTESIAN_POINT ( 'NONE',  ( 2.732888265082580759, 4.022576866279599095, 10.94489807142722171 ) ) ;
#3749 = DIRECTION ( 'NONE',  ( 0.000000000000000000, 0.000000000000000000, -1.000000000000000000 ) ) ;
#3750 = ORIENTED_EDGE ( 'NONE', *, *, #794, .F. ) ;
#3751 = ORIENTED_EDGE ( 'NONE', *, *, #5685, .T. ) ;
#3752 = DIRECTION ( 'NONE',  ( 0.000000000000000000, 0.000000000000000000, -1.000000000000000000 ) ) ;
#3753 = ORIENTED_EDGE ( 'NONE', *, *, #5528, .T. ) ;
#3754 = DIRECTION ( 'NONE',  ( -1.000000000000000000, 1.092801349243425058E-16, -0.000000000000000000 ) ) ;
#3755 = DIRECTION ( 'NONE',  ( 0.000000000000000000, 1.000000000000000000, 0.000000000000000000 ) ) ;
#3756 = ORIENTED_EDGE ( 'NONE', *, *, #6318, .T. ) ;
#3757 = DIRECTION ( 'NONE',  ( 0.000000000000000000, 0.000000000000000000, 1.000000000000000000 ) ) ;
#3758 = CARTESIAN_POINT ( 'NONE',  ( 12.67851617282515342, 3.912545974641768787, 20.32658413730434432 ) ) ;
#3759 = ORIENTED_EDGE ( 'NONE', *, *, #504, .T. ) ;
#3760 = ORIENTED_EDGE ( 'NONE', *, *, #415, .F. ) ;
#3761 = DIRECTION ( 'NONE',  ( -0.000000000000000000, -0.000000000000000000, 1.000000000000000000 ) ) ;
#3762 = CARTESIAN_POINT ( 'NONE',  ( 1.583246015799836259, 3.535889187275713219, 16.78999212799901031 ) ) ;
#3763 = CARTESIAN_POINT ( 'NONE',  ( -5.330428383661446112, 4.393118539265072009, 14.58166212799901373 ) ) ;
#3764 = CARTESIAN_POINT ( 'NONE',  ( -14.28307289072193420, -16.30343477370360006, 6.999999999999999112 ) ) ;
#3765 = LINE ( 'NONE', #2678, #6002 ) ;
#3766 = CARTESIAN_POINT ( 'NONE',  ( -5.330428383661446112, 4.393118539265072009, 12.64833212799901219 ) ) ;
#3767 = ORIENTED_EDGE ( 'NONE', *, *, #4295, .T. ) ;
#3768 = FACE_OUTER_BOUND ( 'NONE', #6898, .T. ) ;
#3769 = EDGE_CURVE ( 'NONE', #6874, #5706, #7125, .T. ) ;
#3770 = LINE ( 'NONE', #2161, #5353 ) ;
#3771 = CARTESIAN_POINT ( 'NONE',  ( -0.3329172180384507573, -8.875294732441114220, 12.64828995495327035 ) ) ;
#3772 = ORIENTED_EDGE ( 'NONE', *, *, #7182, .T. ) ;
#3773 = CARTESIAN_POINT ( 'NONE',  ( -12.40663181555145123, 9.934409660288995525, 6.999999999999999112 ) ) ;
#3774 = CARTESIAN_POINT ( 'NONE',  ( -0.3304283836614452796, -8.875294732441112444, 12.64828995495327035 ) ) ;
#3775 = ORIENTED_EDGE ( 'NONE', *, *, #3828, .T. ) ;
#3776 = ORIENTED_EDGE ( 'NONE', *, *, #3149, .F. ) ;
#3777 = CARTESIAN_POINT ( 'NONE',  ( 13.22069333197111973, 5.250879958319427665, 20.66254569037210587 ) ) ;
#3778 = CARTESIAN_POINT ( 'NONE',  ( 2.720693331971122841, 12.72974728436562231, 9.748332127999011831 ) ) ;
#3779 = AXIS2_PLACEMENT_3D ( 'NONE', #6618, #368, #259 ) ;
#3780 = ORIENTED_EDGE ( 'NONE', *, *, #318, .F. ) ;
#3781 = ORIENTED_EDGE ( 'NONE', *, *, #3978, .F. ) ;
#3782 = ORIENTED_EDGE ( 'NONE', *, *, #6959, .T. ) ;
#3783 = PLANE ( 'NONE',  #3334 ) ;
#3784 = CYLINDRICAL_SURFACE ( 'NONE', #562, 0.6250000000000005551 ) ;
#3785 =( GEOMETRIC_REPRESENTATION_CONTEXT ( 3 ) GLOBAL_UNCERTAINTY_ASSIGNED_CONTEXT ( ( #66 ) ) GLOBAL_UNIT_ASSIGNED_CONTEXT ( ( #6924, #6963, #4566 ) ) REPRESENTATION_CONTEXT ( 'NONE', 'WORKASPACE' ) );
#3786 = EDGE_CURVE ( 'NONE', #4786, #5928, #4272, .T. ) ;
#3787 = CARTESIAN_POINT ( 'NONE',  ( 12.80647976959802925, 5.080391220586510492, 22.24833212799901361 ) ) ;
#3788 = EDGE_CURVE ( 'NONE', #4199, #5433, #4345, .T. ) ;
#3789 = ADVANCED_FACE ( 'NONE', ( #3890 ), #6178, .F. ) ;
#3790 = EDGE_CURVE ( 'NONE', #4363, #6902, #611, .T. ) ;
#3791 = ORIENTED_EDGE ( 'NONE', *, *, #2235, .F. ) ;
#3792 = CARTESIAN_POINT ( 'NONE',  ( 4.410365631536280695, 6.229747284365624083, 23.99833212799901005 ) ) ;
#3793 = CARTESIAN_POINT ( 'NONE',  ( 14.01690701183638765, 4.187984281669942632, 20.01282114719678162 ) ) ;
#3794 = VERTEX_POINT ( 'NONE', #348 ) ;
#3795 = ADVANCED_FACE ( 'NONE', ( #3848 ), #3319, .F. ) ;
#3797 = ORIENTED_EDGE ( 'NONE', *, *, #6287, .F. ) ;
#3796 = CIRCLE ( 'NONE', #3443, 0.6250000000000005551 ) ;
#3798 = CARTESIAN_POINT ( 'NONE',  ( -0.3378948879941183758, -8.875294732441114220, 23.99833212799901005 ) ) ;
#3799 = DIRECTION ( 'NONE',  ( -1.000000000000000000, 0.000000000000000000, 0.000000000000000000 ) ) ;
#3800 = B_SPLINE_CURVE_WITH_KNOTS ( 'NONE', 3,
 ( #4542, #1032, #3900, #3856, #2804, #390, #919, #422, #3973, #4505, #3370, #5662, #2657, #2731 ),
 .UNSPECIFIED., .F., .F.,
 ( 4, 2, 2, 2, 2, 2, 4 ),
 ( 0.000000000000000000, 0.0003032746949451847556, 0.0006065493898903695112, 0.0009098240848355544294, 0.001061461432308148786, 0.001137280106044445856, 0.001213098779780743142 ),
 .UNSPECIFIED. ) ;
#3801 = DIRECTION ( 'NONE',  ( 0.000000000000000000, -1.000000000000000000, 0.000000000000000000 ) ) ;
#3802 = DIRECTION ( 'NONE',  ( 1.000000000000000000, 9.714451465470117757E-16, 0.000000000000000000 ) ) ;
#3803 = CIRCLE ( 'NONE', #547, 0.8999999999999998002 ) ;
#3804 = CARTESIAN_POINT ( 'NONE',  ( 2.021704316544363333, -8.875294732441114220, 14.13626419523750677 ) ) ;
#3805 = CARTESIAN_POINT ( 'NONE',  ( 3.665122662154627786, 4.796816811327349939, 20.24798639065119943 ) ) ;
#3806 = CIRCLE ( 'NONE', #5969, 1.000000000000000000 ) ;
#3807 = ORIENTED_EDGE ( 'NONE', *, *, #1552, .T. ) ;
#3808 = CARTESIAN_POINT ( 'NONE',  ( 3.110479730201312076, 5.091406899509687278, 20.44522545870037789 ) ) ;
#3809 = AXIS2_PLACEMENT_3D ( 'NONE', #3060, #791, #1364 ) ;
#3810 = DIRECTION ( 'NONE',  ( -0.000000000000000000, -0.000000000000000000, -1.000000000000000000 ) ) ;
#3811 = CARTESIAN_POINT ( 'NONE',  ( -4.136321125020615774, 5.436247185802859150, 23.99833212799901005 ) ) ;
#3812 = AXIS2_PLACEMENT_3D ( 'NONE', #1319, #2448, #3693 ) ;
#3813 = VERTEX_POINT ( 'NONE', #910 ) ;
#3814 = DIRECTION ( 'NONE',  ( -0.000000000000000000, -0.000000000000000000, 1.000000000000000000 ) ) ;
#3815 = CARTESIAN_POINT ( 'NONE',  ( 1.037821602741807236, 3.445207956239864089, 14.26585577981446207 ) ) ;
#3816 = ORIENTED_EDGE ( 'NONE', *, *, #2559, .F. ) ;
#3817 = AXIS2_PLACEMENT_3D ( 'NONE', #3680, #7246, #816 ) ;
#3818 = ORIENTED_EDGE ( 'NONE', *, *, #891, .T. ) ;
#3819 = DIRECTION ( 'NONE',  ( 1.000000000000000000, 4.163336342344336041E-16, 0.000000000000000000 ) ) ;
#3820 = CIRCLE ( 'NONE', #930, 1.000000000000000000 ) ;
#3821 = CYLINDRICAL_SURFACE ( 'NONE', #4234, 1.000000000000000888 ) ;
#3822 = CARTESIAN_POINT ( 'NONE',  ( 1.583246015799828044, -8.236415657594555739, 11.12333212799901183 ) ) ;
#3823 = EDGE_LOOP ( 'NONE', ( #1844, #2634, #1116, #3335, #5062, #6308, #777 ) ) ;
#3824 = ORIENTED_EDGE ( 'NONE', *, *, #796, .F. ) ;
#3825 = DIRECTION ( 'NONE',  ( -1.000000000000000000, 0.000000000000000000, 0.000000000000000000 ) ) ;
#3826 = VERTEX_POINT ( 'NONE', #2121 ) ;
#3827 = CARTESIAN_POINT ( 'NONE',  ( -2.098089785723465717, -8.558080166329160576, 16.51500900135118144 ) ) ;
#3828 = EDGE_CURVE ( 'NONE', #7024, #5449, #5653, .T. ) ;
#3829 = PLANE ( 'NONE',  #3463 ) ;
#3830 = CARTESIAN_POINT ( 'NONE',  ( 15.57106778315772821, -8.873752814197141348, 9.250000000000000000 ) ) ;
#3831 = EDGE_CURVE ( 'NONE', #5340, #5782, #3988, .T. ) ;
#3832 = VERTEX_POINT ( 'NONE', #413 ) ;
#3833 = DIRECTION ( 'NONE',  ( -1.000000000000000000, 0.000000000000000000, 0.000000000000000000 ) ) ;
#3834 = CARTESIAN_POINT ( 'NONE',  ( 13.10896735784926825, 4.001132015584131452, 20.75195349176409465 ) ) ;
#3835 = ORIENTED_EDGE ( 'NONE', *, *, #4261, .T. ) ;
#3836 = VECTOR ( 'NONE', #6315, 1000.000000000000000 ) ;
#3837 = EDGE_CURVE ( 'NONE', #256, #879, #489, .T. ) ;
#3838 = DIRECTION ( 'NONE',  ( 1.000000000000000000, 0.000000000000000000, 0.000000000000000000 ) ) ;
#3839 = CARTESIAN_POINT ( 'NONE',  ( 2.195981536954739521, 4.070952539992247488, 20.24832212799901399 ) ) ;
#3840 = DIRECTION ( 'NONE',  ( 1.000000000000000000, -0.000000000000000000, 0.000000000000000000 ) ) ;
#3841 = CARTESIAN_POINT ( 'NONE',  ( 1.979346006133859692, 3.341984570568716340, 19.75775456439051325 ) ) ;
#3842 = CARTESIAN_POINT ( 'NONE',  ( -4.123167137600543874, 5.433540120033991450, 18.31293313555732993 ) ) ;
#3843 = VECTOR ( 'NONE', #3880, 1000.000000000000000 ) ;
#3844 = DIRECTION ( 'NONE',  ( 0.000000000000000000, 0.000000000000000000, 1.000000000000000000 ) ) ;
#3845 = VERTEX_POINT ( 'NONE', #6666 ) ;
#3846 = CARTESIAN_POINT ( 'NONE',  ( 2.747037821616259201, 5.240998216314790348, 20.98501500134159770 ) ) ;
#3847 = DIRECTION ( 'NONE',  ( -0.000000000000000000, -0.000000000000000000, -1.000000000000000000 ) ) ;
#3848 = FACE_OUTER_BOUND ( 'NONE', #294, .T. ) ;
#3849 = ORIENTED_EDGE ( 'NONE', *, *, #4385, .T. ) ;
#3850 = DIRECTION ( 'NONE',  ( 1.000000000000000000, 0.000000000000000000, 0.000000000000000000 ) ) ;
#3851 = LINE ( 'NONE', #6601, #6980 ) ;
#3852 = VERTEX_POINT ( 'NONE', #1480 ) ;
#3853 = EDGE_CURVE ( 'NONE', #4744, #2252, #4346, .T. ) ;
#3854 = ORIENTED_EDGE ( 'NONE', *, *, #2064, .F. ) ;
#3855 = CARTESIAN_POINT ( 'NONE',  ( -4.330428383661447000, 4.393118539265072897, 14.58166212799901373 ) ) ;
#3856 = CARTESIAN_POINT ( 'NONE',  ( 12.84673360312708290, 4.314280871778228388, 20.12117374705188055 ) ) ;
#3857 = VECTOR ( 'NONE', #12, 1000.000000000000227 ) ;
#3858 = AXIS2_PLACEMENT_3D ( 'NONE', #606, #7378, #2872 ) ;
#3859 = CARTESIAN_POINT ( 'NONE',  ( 11.53569333197112101, 3.729747284365623194, 23.99833212799901005 ) ) ;
#3860 = ORIENTED_EDGE ( 'NONE', *, *, #6642, .F. ) ;
#3861 = ORIENTED_EDGE ( 'NONE', *, *, #3607, .F. ) ;
#3862 = LINE ( 'NONE', #2175, #2963 ) ;
#3863 = ORIENTED_EDGE ( 'NONE', *, *, #7007, .T. ) ;
#3864 = VECTOR ( 'NONE', #5506, 1000.000000000000000 ) ;
#3865 = DIRECTION ( 'NONE',  ( -1.000000000000000000, 0.000000000000000000, 0.000000000000000000 ) ) ;
#3866 = PLANE ( 'NONE',  #4058 ) ;
#3867 = DIRECTION ( 'NONE',  ( 1.020425574104003753E-16, 0.000000000000000000, 1.000000000000000000 ) ) ;
#3868 = EDGE_CURVE ( 'NONE', #960, #708, #4498, .T. ) ;
#3869 = EDGE_LOOP ( 'NONE', ( #2623, #393, #4695, #5443, #3849 ) ) ;
#3870 = CIRCLE ( 'NONE', #7105, 1.000000000000000888 ) ;
#3871 = ORIENTED_EDGE ( 'NONE', *, *, #5718, .F. ) ;
#3872 = CARTESIAN_POINT ( 'NONE',  ( 2.720693331971122841, 5.251841508745992648, 10.74833212799901361 ) ) ;
#3873 = CARTESIAN_POINT ( 'NONE',  ( 2.021704316544363333, -12.57799432079165314, 11.30293419523750664 ) ) ;
#3874 = VERTEX_POINT ( 'NONE', #6776 ) ;
#3875 = CARTESIAN_POINT ( 'NONE',  ( -4.330428383661447000, 4.393118539265072897, 17.41499212799901031 ) ) ;
#3876 = DIRECTION ( 'NONE',  ( -0.000000000000000000, -0.000000000000000000, -1.000000000000000000 ) ) ;
#3877 = CARTESIAN_POINT ( 'NONE',  ( 3.415012898404748753, 4.547205325840168122, 11.78286395703857004 ) ) ;
#3878 = EDGE_CURVE ( 'NONE', #3976, #1230, #4230, .T. ) ;
#3879 = CARTESIAN_POINT ( 'NONE',  ( 12.23078178915819691, 4.832929057827291430, 11.74833212799901183 ) ) ;
#3880 = DIRECTION ( 'NONE',  ( 0.000000000000000000, -1.000000000000000000, 0.000000000000000000 ) ) ;
#3881 = CARTESIAN_POINT ( 'NONE',  ( 12.76050863093013987, 4.364475935100760928, 11.84963817415253828 ) ) ;
#3882 = ORIENTED_EDGE ( 'NONE', *, *, #5747, .F. ) ;
#3883 = CARTESIAN_POINT ( 'NONE',  ( 3.598414586524626646, 4.890574755641992510, 20.24713522898632689 ) ) ;
#3884 = B_SPLINE_CURVE_WITH_KNOTS ( 'NONE', 3,
 ( #4686, #2491, #4794, #5841, #1892 ),
 .UNSPECIFIED., .F., .F.,
 ( 4, 1, 4 ),
 ( 0.006305576480686836058, 0.006338266719979893798, 0.006370956959272952407 ),
 .UNSPECIFIED. ) ;
#3885 = ADVANCED_FACE ( 'NONE', ( #3925 ), #2683, .T. ) ;
#3886 = DIRECTION ( 'NONE',  ( 1.000000000000000000, 4.818676322157798361E-16, 0.000000000000000000 ) ) ;
#3887 =( BOUNDED_CURVE ( )  B_SPLINE_CURVE ( 3, ( #6480, #1406, #722, #5323 ),
 .UNSPECIFIED., .F., .F. ) 
 B_SPLINE_CURVE_WITH_KNOTS ( ( 4, 4 ),
 ( 1.734723475976807094E-15, 0.05105667561838288931 ),
 .UNSPECIFIED. ) 
 CURVE ( )  GEOMETRIC_REPRESENTATION_ITEM ( )  RATIONAL_B_SPLINE_CURVE ( ( 1.000000000000000000, 0.9997827797867469002, 0.9997827797867469002, 1.000000000000000000 ) ) 
 REPRESENTATION_ITEM ( '' )  );
#3888 = ADVANCED_FACE ( 'NONE', ( #4906 ), #1561, .T. ) ;
#3889 = CIRCLE ( 'NONE', #1244, 2.500000000000000444 ) ;
#3890 = FACE_OUTER_BOUND ( 'NONE', #6073, .T. ) ;
#3891 = ORIENTED_EDGE ( 'NONE', *, *, #3746, .F. ) ;
#3892 = EDGE_CURVE ( 'NONE', #1262, #883, #3262, .T. ) ;
#3893 = LINE ( 'NONE', #6600, #1284 ) ;
#3894 = DIRECTION ( 'NONE',  ( 0.000000000000000000, 0.000000000000000000, 1.000000000000000000 ) ) ;
#3895 = ADVANCED_FACE ( 'NONE', ( #4381 ), #6144, .F. ) ;
#3896 = EDGE_LOOP ( 'NONE', ( #6717, #7131, #3179 ) ) ;
#3897 = ORIENTED_EDGE ( 'NONE', *, *, #2584, .T. ) ;
#3898 = CARTESIAN_POINT ( 'NONE',  ( 14.42226709494465631, 4.271406621224085320, 22.41990500325282554 ) ) ;
#3899 = EDGE_CURVE ( 'NONE', #3813, #3747, #1489, .T. ) ;
#3900 = CARTESIAN_POINT ( 'NONE',  ( 13.02681349405676237, 4.234667155942654304, 20.07461830355342869 ) ) ;
#3901 = CARTESIAN_POINT ( 'NONE',  ( 0.9760982891701156516, -7.996643645148534318, 11.57859061772878029 ) ) ;
#3902 = EDGE_LOOP ( 'NONE', ( #6341, #3782, #4850, #499, #5177, #3413 ) ) ;
#3903 = VERTEX_POINT ( 'NONE', #5806 ) ;
#3904 = CARTESIAN_POINT ( 'NONE',  ( -0.3304283836614456682, -7.984007349944945986, 20.24832212799901399 ) ) ;
#3905 = VERTEX_POINT ( 'NONE', #1818 ) ;
#3906 = CARTESIAN_POINT ( 'NONE',  ( -5.337312669317465286, -4.213774396442231840, 16.51501827458399063 ) ) ;
#3907 = LINE ( 'NONE', #3830, #6438 ) ;
#3908 = VERTEX_POINT ( 'NONE', #3965 ) ;
#3909 = EDGE_LOOP ( 'NONE', ( #429, #2098, #6653, #438, #5890, #5479 ) ) ;
#3910 = CARTESIAN_POINT ( 'NONE',  ( 1.583246015799837147, -12.57799432079165314, 11.74833212799901183 ) ) ;
#3911 = CARTESIAN_POINT ( 'NONE',  ( -0.3378948879941183758, -8.875294732441114220, 23.99833212799901005 ) ) ;
#3912 = VERTEX_POINT ( 'NONE', #4605 ) ;
#3913 = CARTESIAN_POINT ( 'NONE',  ( 15.05895385150151711, 4.402435553298106541, 15.99833212799901183 ) ) ;
#3914 = CARTESIAN_POINT ( 'NONE',  ( -5.337894887994158566, 4.393118539265072009, 15.48163115597333750 ) ) ;
#3915 = DIRECTION ( 'NONE',  ( -0.000000000000000000, -0.000000000000000000, 1.000000000000000000 ) ) ;
#3916 = CARTESIAN_POINT ( 'NONE',  ( 2.720693331971124174, 4.025086560482840525, 23.99833212799901005 ) ) ;
#3917 = DIRECTION ( 'NONE',  ( 1.000000000000000000, 0.000000000000000000, 0.000000000000000000 ) ) ;
#3918 = CARTESIAN_POINT ( 'NONE',  ( 0.000000000000000000, 0.000000000000000000, 7.998332127999012719 ) ) ;
#3919 = VECTOR ( 'NONE', #6421, 1000.000000000000000 ) ;
#3920 = DIRECTION ( 'NONE',  ( 0.000000000000000000, 0.000000000000000000, -1.000000000000000000 ) ) ;
#3921 = EDGE_CURVE ( 'NONE', #5954, #5173, #4, .T. ) ;
#3922 = CARTESIAN_POINT ( 'NONE',  ( -5.079079203392927511, 5.132110818449016953, 21.14697308343020410 ) ) ;
#3923 = EDGE_CURVE ( 'NONE', #3526, #3305, #2648, .T. ) ;
#3924 = CARTESIAN_POINT ( 'NONE',  ( -5.337894887994158566, 4.403727938327389069, 18.31496115597333940 ) ) ;
#3925 = FACE_OUTER_BOUND ( 'NONE', #2604, .T. ) ;
#3926 = CARTESIAN_POINT ( 'NONE',  ( 11.83805397643143564, 4.760537278722607901, 8.748332127999011831 ) ) ;
#3927 = DIRECTION ( 'NONE',  ( 0.000000000000000000, 0.000000000000000000, 1.000000000000000000 ) ) ;
#3928 = CARTESIAN_POINT ( 'NONE',  ( 4.108004987075972281, 4.760537278722608789, 9.748332127999011831 ) ) ;
#3929 = AXIS2_PLACEMENT_3D ( 'NONE', #7071, #637, #80 ) ;
#3930 = ORIENTED_EDGE ( 'NONE', *, *, #4218, .F. ) ;
#3931 = VECTOR ( 'NONE', #7413, 1000.000000000000000 ) ;
#3932 = ORIENTED_EDGE ( 'NONE', *, *, #651, .T. ) ;
#3934 = EDGE_CURVE ( 'NONE', #5210, #6689, #6623, .T. ) ;
#3933 = CARTESIAN_POINT ( 'NONE',  ( 13.22069333197112506, 4.024125010056279095, 19.41461580751000682 ) ) ;
#3935 = EDGE_CURVE ( 'NONE', #5017, #2542, #4003, .T. ) ;
#3936 = FACE_OUTER_BOUND ( 'NONE', #3043, .T. ) ;
#3937 = AXIS2_PLACEMENT_3D ( 'NONE', #4188, #2378, #1282 ) ;
#3938 = CARTESIAN_POINT ( 'NONE',  ( 1.199207447275589589, -8.132527784637217039, 11.24899614110315227 ) ) ;
#3939 = ORIENTED_EDGE ( 'NONE', *, *, #799, .T. ) ;
#3940 = VECTOR ( 'NONE', #4365, 1000.000000000000000 ) ;
#3941 = ORIENTED_EDGE ( 'NONE', *, *, #3831, .T. ) ;
#3942 = SPHERICAL_SURFACE ( 'NONE', #1759, 1.000000000000000000 ) ;
#3943 = VERTEX_POINT ( 'NONE', #1248 ) ;
#3944 = B_SPLINE_CURVE_WITH_KNOTS ( 'NONE', 3,
 ( #5808, #7346, #4501, #2384, #81, #5242, #4687, #677, #6400, #6967, #1822, #4114, #1251, #3548 ),
 .UNSPECIFIED., .F., .F.,
 ( 4, 2, 2, 2, 2, 2, 4 ),
 ( 1.006486029470112394E-07, 0.0002206750416956523397, 0.0004412494347883576641, 0.0008823982209737663614, 0.001102972614066470656, 0.001323547007159174950, 0.001764695793344583756 ),
 .UNSPECIFIED. ) ;
#3945 = AXIS2_PLACEMENT_3D ( 'NONE', #4983, #2052, #1488 ) ;
#3946 = EDGE_LOOP ( 'NONE', ( #4511, #6939, #7270, #4731, #1615, #248, #4583, #1115, #3441, #5772 ) ) ;
#3947 = CARTESIAN_POINT ( 'NONE',  ( 0.000000000000000000, 0.000000000000000000, 24.99833212799901361 ) ) ;
#3948 = DIRECTION ( 'NONE',  ( 1.000000000000000000, 0.000000000000000000, 0.000000000000000000 ) ) ;
#3949 = AXIS2_PLACEMENT_3D ( 'NONE', #4595, #5374, #4135 ) ;
#3950 = ORIENTED_EDGE ( 'NONE', *, *, #4387, .T. ) ;
#3951 = ORIENTED_EDGE ( 'NONE', *, *, #5633, .F. ) ;
#3952 = FACE_OUTER_BOUND ( 'NONE', #5293, .T. ) ;
#3953 = DIRECTION ( 'NONE',  ( -1.000000000000000000, 0.000000000000000000, 0.000000000000000000 ) ) ;
#3954 = EDGE_CURVE ( 'NONE', #494, #7200, #3546, .T. ) ;
#3955 = CYLINDRICAL_SURFACE ( 'NONE', #7173, 5.000000000000000000 ) ;
#3956 = PLANE ( 'NONE',  #3272 ) ;
#3957 = VECTOR ( 'NONE', #4038, 1000.000000000000000 ) ;
#3958 = DIRECTION ( 'NONE',  ( -7.228014483236697541E-16, 1.000000000000000000, 0.000000000000000000 ) ) ;
#3959 = DIRECTION ( 'NONE',  ( -0.000000000000000000, -0.000000000000000000, -1.000000000000000000 ) ) ;
#3960 = CARTESIAN_POINT ( 'NONE',  ( -5.073557735825915849, -5.487850255025267465, 18.31498204908852045 ) ) ;
#3961 = CARTESIAN_POINT ( 'NONE',  ( -4.136321125020615774, 5.436247185802859150, 19.35039409952761602 ) ) ;
#3962 = CARTESIAN_POINT ( 'NONE',  ( -17.67643277480201647, -13.37061935686017655, 24.99666425599802366 ) ) ;
#3963 = CIRCLE ( 'NONE', #707, 0.9000000000000000222 ) ;
#3964 = CARTESIAN_POINT ( 'NONE',  ( -5.337892357666857102, -3.881103147417413801, 12.64830117697662004 ) ) ;
#3965 = CARTESIAN_POINT ( 'NONE',  ( 10.47069333197112506, 8.229747284365624083, 22.24833212799901361 ) ) ;
#3966 = ORIENTED_EDGE ( 'NONE', *, *, #3984, .F. ) ;
#3967 = CARTESIAN_POINT ( 'NONE',  ( -1.472860685521664381, -8.873752814197141348, 22.23490771956133472 ) ) ;
#3968 = DIRECTION ( 'NONE',  ( -1.000000000000000000, 0.000000000000000000, 0.000000000000000000 ) ) ;
#3969 = ADVANCED_FACE ( 'NONE', ( #6252, #6965, #1102 ), #2305, .F. ) ;
#3970 = VERTEX_POINT ( 'NONE', #3399 ) ;
#3971 = VERTEX_POINT ( 'NONE', #5694 ) ;
#3972 = DIRECTION ( 'NONE',  ( 0.000000000000000000, -1.000000000000000000, 0.000000000000000000 ) ) ;
#3973 = CARTESIAN_POINT ( 'NONE',  ( 12.38134296900821596, 4.686906202404715671, 20.23963641700123262 ) ) ;
#3974 = CARTESIAN_POINT ( 'NONE',  ( 16.14363185568497983, 21.28510420304709072, 6.999999999999999112 ) ) ;
#3975 = ORIENTED_EDGE ( 'NONE', *, *, #5860, .T. ) ;
#3976 = VERTEX_POINT ( 'NONE', #2869 ) ;
#3977 = CARTESIAN_POINT ( 'NONE',  ( -5.330428383661447889, 4.393118539265072009, 11.74833212799901183 ) ) ;
#3978 = EDGE_CURVE ( 'NONE', #3325, #4874, #5337, .T. ) ;
#3979 = ORIENTED_EDGE ( 'NONE', *, *, #5852, .T. ) ;
#3980 = EDGE_LOOP ( 'NONE', ( #2327, #1752, #6036 ) ) ;
#3981 = CARTESIAN_POINT ( 'NONE',  ( -5.330428383661446112, 4.393118539265072009, 21.14832212799901612 ) ) ;
#3982 = CIRCLE ( 'NONE', #4935, 1.500000000000000444 ) ;
#3983 = CARTESIAN_POINT ( 'NONE',  ( 13.97271927821310022, 4.178890529541749110, 12.25460562666478559 ) ) ;
#3984 = EDGE_CURVE ( 'NONE', #5294, #15, #1315, .T. ) ;
#3985 = ORIENTED_EDGE ( 'NONE', *, *, #3243, .T. ) ;
#3986 = B_SPLINE_CURVE_WITH_KNOTS ( 'NONE', 3,
 ( #5756, #6949, #765, #3069, #201, #2505, #4803, #7266, #2124, #3288 ),
 .UNSPECIFIED., .F., .F.,
 ( 4, 2, 2, 2, 4 ),
 ( 0.0005576856245254392143, 0.0008038372029494070172, 0.001049988781373374820, 0.001296140359797342406, 0.001542291938221310209 ),
 .UNSPECIFIED. ) ;
#3987 = VERTEX_POINT ( 'NONE', #6851 ) ;
#3988 = CIRCLE ( 'NONE', #729, 1.500000000000001332 ) ;
#3989 = DIRECTION ( 'NONE',  ( 0.000000000000000000, 0.000000000000000000, 1.000000000000000000 ) ) ;
#3990 = CARTESIAN_POINT ( 'NONE',  ( -0.3304283836614452796, -8.884007349944946341, 14.58166212799901373 ) ) ;
#3991 = VECTOR ( 'NONE', #3456, 1000.000000000000000 ) ;
#3992 = DIRECTION ( 'NONE',  ( 0.000000000000000000, 0.000000000000000000, 1.000000000000000000 ) ) ;
#3993 = FACE_OUTER_BOUND ( 'NONE', #7124, .T. ) ;
#3994 = ADVANCED_FACE ( 'NONE', ( #2909 ), #4690, .F. ) ;
#3995 = DIRECTION ( 'NONE',  ( -9.714451465470117757E-16, 1.000000000000000000, 0.000000000000000000 ) ) ;
#3996 = CARTESIAN_POINT ( 'NONE',  ( -0.6955820297432332433, -8.873752814197144900, 10.09985553141982351 ) ) ;
#3997 = DIRECTION ( 'NONE',  ( 0.2588112339506885018, 0.9659279192470429098, 0.000000000000000000 ) ) ;
#3998 = PLANE ( 'NONE',  #6152 ) ;
#3999 = VECTOR ( 'NONE', #4373, 1000.000000000000227 ) ;
#4000 = LINE ( 'NONE', #5803, #2738 ) ;
#4001 = CARTESIAN_POINT ( 'NONE',  ( 3.720693331971123730, 11.72974728436562408, 20.24833212799901361 ) ) ;
#4002 = LINE ( 'NONE', #1739, #3471 ) ;
#4003 = LINE ( 'NONE', #2945, #466 ) ;
#4004 = CARTESIAN_POINT ( 'NONE',  ( 1.583246015799837147, -8.236415657595513196, 20.87332212799901399 ) ) ;
#4005 = CARTESIAN_POINT ( 'NONE',  ( 1.413285024935993617, -8.218058352597033434, 13.97489491323812594 ) ) ;
#4006 = CARTESIAN_POINT ( 'NONE',  ( 2.195981536954739521, 4.070952539992247488, 14.58166212799901373 ) ) ;
#4007 = EDGE_CURVE ( 'NONE', #4910, #4918, #522, .T. ) ;
#4008 = ORIENTED_EDGE ( 'NONE', *, *, #4350, .F. ) ;
#4009 = CYLINDRICAL_SURFACE ( 'NONE', #327, 0.8999999999999998002 ) ;
#4010 = DIRECTION ( 'NONE',  ( -0.000000000000000000, 1.000000000000000000, -0.000000000000000000 ) ) ;
#4011 = CARTESIAN_POINT ( 'NONE',  ( -12.91971069101994196, 10.41189563371067450, 6.999999999999999112 ) ) ;
#4012 = VERTEX_POINT ( 'NONE', #6328 ) ;
#4013 = ORIENTED_EDGE ( 'NONE', *, *, #2920, .T. ) ;
#4014 = CARTESIAN_POINT ( 'NONE',  ( -5.337894887994158566, 4.456773848707507923, 23.99833212799901005 ) ) ;
#4015 = ORIENTED_EDGE ( 'NONE', *, *, #4166, .F. ) ;
#4016 = ORIENTED_EDGE ( 'NONE', *, *, #4809, .T. ) ;
#4017 = DIRECTION ( 'NONE',  ( -9.637352644315596722E-16, 1.000000000000000000, 0.000000000000000000 ) ) ;
#4018 = AXIS2_PLACEMENT_3D ( 'NONE', #44, #2759, #2343 ) ;
#4019 = DIRECTION ( 'NONE',  ( -0.2015737629735349923, 0.9794733370953440099, 0.000000000000000000 ) ) ;
#4020 = AXIS2_PLACEMENT_3D ( 'NONE', #1009, #3349, #2185 ) ;
#4021 = VERTEX_POINT ( 'NONE', #5771 ) ;
#4022 = EDGE_LOOP ( 'NONE', ( #3403, #4426, #3666, #4090 ) ) ;
#4023 = CYLINDRICAL_SURFACE ( 'NONE', #6324, 1.000000000000000888 ) ;
#4024 = CARTESIAN_POINT ( 'NONE',  ( -4.306622442006275087, -6.934194992480525954, 10.84833202384773898 ) ) ;
#4025 = EDGE_CURVE ( 'NONE', #896, #3826, #1177, .T. ) ;
#4026 = CYLINDRICAL_SURFACE ( 'NONE', #3949, 1.000000000000000888 ) ;
#4027 = EDGE_CURVE ( 'NONE', #1672, #2167, #5200, .T. ) ;
#4028 = ADVANCED_FACE ( 'NONE', ( #4148 ), #267, .F. ) ;
#4029 = CARTESIAN_POINT ( 'NONE',  ( 19.36578231149358231, 5.288772716631839899, 24.99833212799901361 ) ) ;
#4030 = EDGE_CURVE ( 'NONE', #6079, #6716, #2568, .T. ) ;
#4031 = AXIS2_PLACEMENT_3D ( 'NONE', #6465, #3506, #2373 ) ;
#4032 = CARTESIAN_POINT ( 'NONE',  ( -0.8746562824944889014, -24.72260983144137469, 9.250000000000000000 ) ) ;
#4033 = CARTESIAN_POINT ( 'NONE',  ( 5.470693331971125062, 8.229747284365624083, 20.24833212799901361 ) ) ;
#4034 = CARTESIAN_POINT ( 'NONE',  ( 12.03962773940497399, 3.781063941627265113, 23.99833212799901005 ) ) ;
#4035 = CARTESIAN_POINT ( 'NONE',  ( 2.021704316544359337, -8.875294732441114220, 23.99833212799901005 ) ) ;
#4036 = CARTESIAN_POINT ( 'NONE',  ( 2.258578520723726779, 4.375119489499277314, 11.14437694256242573 ) ) ;
#4037 = AXIS2_PLACEMENT_3D ( 'NONE', #1479, #5019, #4344 ) ;
#4038 = DIRECTION ( 'NONE',  ( 0.000000000000000000, 0.000000000000000000, 1.000000000000000000 ) ) ;
#4039 = CARTESIAN_POINT ( 'NONE',  ( 0.9582460157997620964, -7.984007349944893583, 11.83311400749641251 ) ) ;
#4040 = ORIENTED_EDGE ( 'NONE', *, *, #658, .T. ) ;
#4041 = CARTESIAN_POINT ( 'NONE',  ( 2.021704316544359337, -8.101945535577449675, 20.69372006076051917 ) ) ;
#4042 = CARTESIAN_POINT ( 'NONE',  ( -4.330428383661447000, 4.393118539265072897, 11.74833212799901183 ) ) ;
#4043 = EDGE_CURVE ( 'NONE', #7028, #2391, #6358, .T. ) ;
#4044 = ORIENTED_EDGE ( 'NONE', *, *, #5822, .F. ) ;
#4045 = CARTESIAN_POINT ( 'NONE',  ( 2.208246015799835149, 4.130547250359976275, 19.73783203613318449 ) ) ;
#4046 = AXIS2_PLACEMENT_3D ( 'NONE', #3008, #6283, #2337 ) ;
#4047 = CARTESIAN_POINT ( 'NONE',  ( -5.337894887994158566, 4.456773848707507923, 16.51504200983965731 ) ) ;
#4048 = FACE_OUTER_BOUND ( 'NONE', #5324, .T. ) ;
#4049 = ORIENTED_EDGE ( 'NONE', *, *, #3430, .F. ) ;
#4050 = ORIENTED_EDGE ( 'NONE', *, *, #4213, .F. ) ;
#4051 = CARTESIAN_POINT ( 'NONE',  ( 12.89686915431892977, 3.957482605858930746, 9.974995254087964724 ) ) ;
#4052 = VERTEX_POINT ( 'NONE', #6512 ) ;
#4053 = ORIENTED_EDGE ( 'NONE', *, *, #5040, .F. ) ;
#4054 = DIRECTION ( 'NONE',  ( -1.000000000000000000, 0.000000000000000000, 0.000000000000000000 ) ) ;
#4055 = CARTESIAN_POINT ( 'NONE',  ( -4.312998310797284240, -6.925695002571382375, 21.14832221152352076 ) ) ;
#4056 = AXIS2_PLACEMENT_3D ( 'NONE', #5697, #4500, #5166 ) ;
#4057 = CARTESIAN_POINT ( 'NONE',  ( 1.498882927495583717, -8.236415657595513196, 20.87332212799901754 ) ) ;
#4058 = AXIS2_PLACEMENT_3D ( 'NONE', #4440, #6723, #1577 ) ;
#4059 = ORIENTED_EDGE ( 'NONE', *, *, #2401, .F. ) ;
#4060 = AXIS2_PLACEMENT_3D ( 'NONE', #596, #5121, #2904 ) ;
#4061 = DIRECTION ( 'NONE',  ( 0.000000000000000000, -1.000000000000000000, 0.000000000000000000 ) ) ;
#4062 = CARTESIAN_POINT ( 'NONE',  ( 1.084063689002966457, 3.466383138801860220, 14.96632568969763888 ) ) ;
#4063 = ADVANCED_FACE ( 'NONE', ( #1891 ), #3655, .T. ) ;
#4064 = VECTOR ( 'NONE', #2332, 1000.000000000000000 ) ;
#4065 = CARTESIAN_POINT ( 'NONE',  ( -0.8746562824944945636, 21.28510420304709072, 24.99666425599802366 ) ) ;
#4066 = CARTESIAN_POINT ( 'NONE',  ( -17.67643277480201291, 9.933113728465889025, 24.99666425599802366 ) ) ;
#4067 = FACE_OUTER_BOUND ( 'NONE', #1273, .T. ) ;
#4068 = CARTESIAN_POINT ( 'NONE',  ( -0.6001904506693760410, -8.873752814197143124, 10.14661498881702784 ) ) ;
#4069 = DIRECTION ( 'NONE',  ( -0.9794733370953438989, 0.2015737629735342984, 0.000000000000000000 ) ) ;
#4070 = FACE_OUTER_BOUND ( 'NONE', #1356, .T. ) ;
#4071 = EDGE_CURVE ( 'NONE', #6230, #6238, #5642, .T. ) ;
#4072 = CARTESIAN_POINT ( 'NONE',  ( 5.470693331971125062, 8.229747284365624083, 9.748332127999011831 ) ) ;
#4073 = VECTOR ( 'NONE', #1397, 1000.000000000000000 ) ;
#4074 = CARTESIAN_POINT ( 'NONE',  ( -4.116590141842817019, 5.432186586728145805, 10.85039112044069576 ) ) ;
#4075 = CARTESIAN_POINT ( 'NONE',  ( 3.709587093705669414, 4.833249512103610535, 11.74833212799901183 ) ) ;
#4076 = CARTESIAN_POINT ( 'NONE',  ( -5.337894887994158566, -3.875294732441077805, 13.68169310002468819 ) ) ;
#4077 = CARTESIAN_POINT ( 'NONE',  ( 2.208246015799835149, 4.130547250359976275, 16.51705112044069779 ) ) ;
#4078 = CARTESIAN_POINT ( 'NONE',  ( -4.913161118397629146, 5.278043985895719103, 13.68346605220854961 ) ) ;
#4079 = DIRECTION ( 'NONE',  ( -0.9794733370953438989, 0.2015737629735347147, 0.000000000000000000 ) ) ;
#4080 = ORIENTED_EDGE ( 'NONE', *, *, #1556, .T. ) ;
#4081 = CARTESIAN_POINT ( 'NONE',  ( 3.922267094944658083, 4.798761786144844166, 9.748332127999011831 ) ) ;
#4082 = AXIS2_PLACEMENT_3D ( 'NONE', #7033, #1929, #120 ) ;
#4083 = CARTESIAN_POINT ( 'NONE',  ( 2.278268720235900435, 4.470796749970888051, 11.92386138451733224 ) ) ;
#4084 = PLANE ( 'NONE',  #6024 ) ;
#4085 = EDGE_LOOP ( 'NONE', ( #880, #5809, #2977, #2122, #2181, #3632 ) ) ;
#4086 = ORIENTED_EDGE ( 'NONE', *, *, #4930, .T. ) ;
#4087 = CARTESIAN_POINT ( 'NONE',  ( -0.3304283836614452796, -8.875294732441112444, 21.14827995495327073 ) ) ;
#4088 = TOROIDAL_SURFACE ( 'NONE', #6607, 5.000000000000001776, 0.8999999999999998002 ) ;
#4089 = ORIENTED_EDGE ( 'NONE', *, *, #5357, .T. ) ;
#4090 = ORIENTED_EDGE ( 'NONE', *, *, #1084, .T. ) ;
#4091 = DIRECTION ( 'NONE',  ( 1.000000000000000000, -0.000000000000000000, -0.000000000000000000 ) ) ;
#4092 = CARTESIAN_POINT ( 'NONE',  ( -3.641216819981793140, -7.642802912008154870, 21.14832098005152616 ) ) ;
#4093 = VERTEX_POINT ( 'NONE', #3096 ) ;
#4094 = CARTESIAN_POINT ( 'NONE',  ( 2.720693331971122841, 5.251841508745991760, 10.16254569037210942 ) ) ;
#4095 = EDGE_CURVE ( 'NONE', #4589, #5906, #3619, .T. ) ;
#4096 = DIRECTION ( 'NONE',  ( 0.2588112339506883908, -0.9659279192470430209, 0.000000000000000000 ) ) ;
#4097 = DIRECTION ( 'NONE',  ( 1.000000000000000000, 5.682499450283236309E-17, 0.000000000000000000 ) ) ;
#4098 = AXIS2_PLACEMENT_3D ( 'NONE', #5798, #2935, #5867 ) ;
#4099 = CARTESIAN_POINT ( 'NONE',  ( -5.444331195441170834, 5.761959758977540424, 22.71331288565951567 ) ) ;
#4100 = AXIS2_PLACEMENT_3D ( 'NONE', #309, #458, #3894 ) ;
#4101 = ORIENTED_EDGE ( 'NONE', *, *, #4291, .T. ) ;
#4102 = CARTESIAN_POINT ( 'NONE',  ( -5.330428383661447889, 4.393118539265072009, 17.41499212799901031 ) ) ;
#4103 = CARTESIAN_POINT ( 'NONE',  ( -5.330428383661446112, 4.393118539265072009, 11.74833212799901183 ) ) ;
#4104 = CARTESIAN_POINT ( 'NONE',  ( 3.720693331971123285, 12.72974728436562231, 9.748332127999011831 ) ) ;
#4105 = VECTOR ( 'NONE', #1748, 1000.000000000000000 ) ;
#4106 = ORIENTED_EDGE ( 'NONE', *, *, #5561, .F. ) ;
#4107 = CARTESIAN_POINT ( 'NONE',  ( 5.597734721401525171, -12.57799432079165314, 13.83396615689146714 ) ) ;
#4108 = CARTESIAN_POINT ( 'NONE',  ( 4.157095377505041434, 3.742609536185408370, 6.998332127999012719 ) ) ;
#4109 = EDGE_CURVE ( 'NONE', #2798, #3554, #3055, .T. ) ;
#4110 = DIRECTION ( 'NONE',  ( -0.000000000000000000, -0.000000000000000000, -1.000000000000000000 ) ) ;
#4111 = DIRECTION ( 'NONE',  ( -0.000000000000000000, -0.000000000000000000, 1.000000000000000000 ) ) ;
#4112 = CARTESIAN_POINT ( 'NONE',  ( 11.53569333197112101, 3.729747284365623194, 8.748332127999011831 ) ) ;
#4113 = CARTESIAN_POINT ( 'NONE',  ( 3.709587093704612926, 4.833249512102859136, 20.24833212799901361 ) ) ;
#4114 = CARTESIAN_POINT ( 'NONE',  ( -5.304756162198492220, 4.752221623441755582, 15.48126876716395195 ) ) ;
#4115 = ORIENTED_EDGE ( 'NONE', *, *, #5267, .T. ) ;
#4117 = ADVANCED_FACE ( 'NONE', ( #4267 ), #2490, .F. ) ;
#4116 = CARTESIAN_POINT ( 'NONE',  ( 2.720693331971123285, 4.025086560482841413, 21.24833212799901361 ) ) ;
#4118 = EDGE_CURVE ( 'NONE', #7420, #3229, #3122, .T. ) ;
#4119 = CARTESIAN_POINT ( 'NONE',  ( 4.157095377505041434, 3.742609536185408370, 24.99833212799901361 ) ) ;
#4120 = EDGE_CURVE ( 'NONE', #5545, #5868, #233, .T. ) ;
#4121 = CARTESIAN_POINT ( 'NONE',  ( -5.337887297018019339, -3.884007349944944565, 13.68169303707892048 ) ) ;
#4122 = EDGE_CURVE ( 'NONE', #7348, #4643, #5424, .T. ) ;
#4123 = VERTEX_POINT ( 'NONE', #7070 ) ;
#4124 = EDGE_LOOP ( 'NONE', ( #6377, #6523 ) ) ;
#4125 = LINE ( 'NONE', #2393, #4411 ) ;
#4126 = EDGE_CURVE ( 'NONE', #1507, #3555, #6125, .T. ) ;
#4127 = ORIENTED_EDGE ( 'NONE', *, *, #6363, .T. ) ;
#4128 = ORIENTED_EDGE ( 'NONE', *, *, #2693, .F. ) ;
#4129 = CARTESIAN_POINT ( 'NONE',  ( -4.430428383661448422, 4.393118539265072009, 20.24832212799901399 ) ) ;
#4130 = CARTESIAN_POINT ( 'NONE',  ( -4.829193988312215247, -6.096846978685412033, 21.14831790417298407 ) ) ;
#4131 =( BOUNDED_CURVE ( )  B_SPLINE_CURVE ( 3, ( #2877, #5703, #4083, #1145 ),
 .UNSPECIFIED., .F., .F. ) 
 B_SPLINE_CURVE_WITH_KNOTS ( ( 4, 4 ),
 ( 5.524029678433318935, 7.042340935925850864 ),
 .UNSPECIFIED. ) 
 CURVE ( )  GEOMETRIC_REPRESENTATION_ITEM ( )  RATIONAL_B_SPLINE_CURVE ( ( 1.000000000000000000, 0.8169449718303796182, 0.8169449718303796182, 1.000000000000000000 ) ) 
 REPRESENTATION_ITEM ( '' )  );
#4132 = AXIS2_PLACEMENT_3D ( 'NONE', #6023, #7140, #4928 ) ;
#4133 = ORIENTED_EDGE ( 'NONE', *, *, #7136, .F. ) ;
#4134 = FACE_OUTER_BOUND ( 'NONE', #886, .T. ) ;
#4135 = DIRECTION ( 'NONE',  ( 0.000000000000000000, 0.000000000000000000, -1.000000000000000000 ) ) ;
#4136 = CARTESIAN_POINT ( 'NONE',  ( 2.208246015799835149, 4.130547250359976275, 23.99833212799901005 ) ) ;
#4137 = B_SPLINE_CURVE_WITH_KNOTS ( 'NONE', 3,
 ( #2582, #6493, #3678, #3151, #4209, #1269 ),
 .UNSPECIFIED., .F., .F.,
 ( 4, 2, 4 ),
 ( 0.000000000000000000, 0.0003223310610493484931, 0.0006446621220986969861 ),
 .UNSPECIFIED. ) ;
#4138 = CARTESIAN_POINT ( 'NONE',  ( 13.22069333197112329, 5.250879958319429441, 10.74833212799901361 ) ) ;
#4139 = VERTEX_POINT ( 'NONE', #3584 ) ;
#4140 = CARTESIAN_POINT ( 'NONE',  ( 2.720693331971122841, 5.251841508745991760, 21.83411856562591780 ) ) ;
#4141 = CARTESIAN_POINT ( 'NONE',  ( 12.22069333197112151, 4.839283735452744928, 9.748332127999011831 ) ) ;
#4142 = DIRECTION ( 'NONE',  ( -0.9794733370953438989, -0.2015737629735349923, 1.524278022567048987E-15 ) ) ;
#4143 = VERTEX_POINT ( 'NONE', #4228 ) ;
#4144 = CARTESIAN_POINT ( 'NONE',  ( -4.116590141842817019, 5.432186586728145805, 16.51705112044069779 ) ) ;
#4145 = DIRECTION ( 'NONE',  ( 0.000000000000000000, 0.000000000000000000, 1.000000000000000000 ) ) ;
#4146 = CARTESIAN_POINT ( 'NONE',  ( 12.22069333197112329, 4.839283735452746704, 20.24833212799901361 ) ) ;
#4147 = CARTESIAN_POINT ( 'NONE',  ( -0.3378948879941071071, -8.875294732441114220, 16.51503424699681943 ) ) ;
#4148 = FACE_OUTER_BOUND ( 'NONE', #4943, .T. ) ;
#4149 = DIRECTION ( 'NONE',  ( -1.000000000000000000, 0.000000000000000000, 0.000000000000000000 ) ) ;
#4150 = EDGE_CURVE ( 'NONE', #4139, #1485, #2398, .T. ) ;
#4151 = ORIENTED_EDGE ( 'NONE', *, *, #5540, .F. ) ;
#4152 = VECTOR ( 'NONE', #4728, 1000.000000000000000 ) ;
#4153 = DIRECTION ( 'NONE',  ( 1.000000000000000000, 0.000000000000000000, 0.000000000000000000 ) ) ;
#4154 = CARTESIAN_POINT ( 'NONE',  ( 3.720693331971123730, 4.840245285879309023, 20.24833212799901361 ) ) ;
#4155 = EDGE_CURVE ( 'NONE', #1672, #6520, #5916, .T. ) ;
#4156 = CARTESIAN_POINT ( 'NONE',  ( 3.720693331971123285, 11.72974728436562408, 9.748332127999011831 ) ) ;
#4157 = PLANE ( 'NONE',  #1339 ) ;
#4158 = VERTEX_POINT ( 'NONE', #5878 ) ;
#4159 = ORIENTED_EDGE ( 'NONE', *, *, #14, .F. ) ;
#4160 = DIRECTION ( 'NONE',  ( 0.000000000000000000, 1.000000000000000000, 0.000000000000000000 ) ) ;
#4161 = VERTEX_POINT ( 'NONE', #5318 ) ;
#4162 = AXIS2_PLACEMENT_3D ( 'NONE', #3792, #6240, #3833 ) ;
#4163 = EDGE_CURVE ( 'NONE', #1650, #935, #751, .T. ) ;
#4164 = ORIENTED_EDGE ( 'NONE', *, *, #1738, .T. ) ;
#4166 = EDGE_CURVE ( 'NONE', #3557, #6453, #789, .T. ) ;
#4165 = CARTESIAN_POINT ( 'NONE',  ( 2.832419306093156397, 4.002093566010344716, 11.24471076423440330 ) ) ;
#4167 = CARTESIAN_POINT ( 'NONE',  ( -0.9938685729468695884, -8.842986446978361670, 21.14828964614040174 ) ) ;
#4168 = CIRCLE ( 'NONE', #916, 1.000000000000000888 ) ;
#4169 = CIRCLE ( 'NONE', #1885, 0.8999999999999998002 ) ;
#4170 = ORIENTED_EDGE ( 'NONE', *, *, #5170, .T. ) ;
#4171 = CARTESIAN_POINT ( 'NONE',  ( 3.906431224102437927, 3.781063941627265113, 23.99833212799901005 ) ) ;
#4172 = TOROIDAL_SURFACE ( 'NONE', #6925, 5.000000000000001776, 0.8999999999999998002 ) ;
#4173 = CARTESIAN_POINT ( 'NONE',  ( 1.519119568997588710, 4.272368171650646751, 10.74833212799901361 ) ) ;
#4174 = LINE ( 'NONE', #3534, #550 ) ;
#4175 = VECTOR ( 'NONE', #4270, 1000.000000000000000 ) ;
#4176 = CARTESIAN_POINT ( 'NONE',  ( 12.41244237029128961, 3.857788488578389074, 11.75018378848373324 ) ) ;
#4177 = VERTEX_POINT ( 'NONE', #831 ) ;
#4178 = FACE_OUTER_BOUND ( 'NONE', #1442, .T. ) ;
#4179 = CARTESIAN_POINT ( 'NONE',  ( 10.34865194254071596, -8.875294732441114220, 17.83396615689146358 ) ) ;
#4180 = EDGE_CURVE ( 'NONE', #6520, #2361, #3765, .T. ) ;
#4181 = CARTESIAN_POINT ( 'NONE',  ( -5.337894887994158566, 4.456773848707507923, 19.34837200983966099 ) ) ;
#4182 = AXIS2_PLACEMENT_3D ( 'NONE', #2850, #4054, #5751 ) ;
#4183 = ORIENTED_EDGE ( 'NONE', *, *, #1563, .T. ) ;
#4184 = EDGE_CURVE ( 'NONE', #2985, #5503, #1077, .T. ) ;
#4185 = DIRECTION ( 'NONE',  ( 0.000000000000000000, 0.000000000000000000, -1.000000000000000000 ) ) ;
#4186 = B_SPLINE_CURVE_WITH_KNOTS ( 'NONE', 3,
 ( #2091, #3371, #6750, #1532, #956, #1606, #6114, #5516, #818, #2805, #2768, #4473, #4987, #2695 ),
 .UNSPECIFIED., .F., .F.,
 ( 4, 2, 2, 2, 2, 2, 4 ),
 ( 1.006486029470112394E-07, 0.0002206750416956507947, 0.0004412494347883545742, 0.0008823982209737652772, 0.001102972614066469572, 0.001323547007159173866, 0.001764695793344582672 ),
 .UNSPECIFIED. ) ;
#4187 = AXIS2_PLACEMENT_3D ( 'NONE', #7416, #3551, #7074 ) ;
#4188 = CARTESIAN_POINT ( 'NONE',  ( -5.330428383661446112, -3.884007349944944565, 14.58166212799901373 ) ) ;
#4189 = LINE ( 'NONE', #5348, #6423 ) ;
#4190 = CARTESIAN_POINT ( 'NONE',  ( -5.337894887994158566, -3.875294732441077805, 21.14829115597333953 ) ) ;
#4191 = CARTESIAN_POINT ( 'NONE',  ( -5.330428383661447889, 4.393118539265072009, 20.24832212799901399 ) ) ;
#4192 = DIRECTION ( 'NONE',  ( 1.000000000000000000, -0.000000000000000000, -0.000000000000000000 ) ) ;
#4193 = PRODUCT_CONTEXT ( 'NONE', #2907, 'mechanical' ) ;
#4194 = ORIENTED_EDGE ( 'NONE', *, *, #3923, .F. ) ;
#4195 = FACE_OUTER_BOUND ( 'NONE', #2158, .T. ) ;
#4196 = DIRECTION ( 'NONE',  ( -0.000000000000000000, -0.000000000000000000, 1.000000000000000000 ) ) ;
#4197 = CARTESIAN_POINT ( 'NONE',  ( 5.470693331971125062, 8.229747284365624083, 11.74833212799901183 ) ) ;
#4198 = EDGE_CURVE ( 'NONE', #4886, #5972, #748, .T. ) ;
#4199 = VERTEX_POINT ( 'NONE', #3168 ) ;
#4200 = EDGE_LOOP ( 'NONE', ( #4838, #2310, #6016, #6049 ) ) ;
#4201 = DIRECTION ( 'NONE',  ( -1.000000000000000000, 0.000000000000000000, 3.469446951953610639E-15 ) ) ;
#4202 = DIRECTION ( 'NONE',  ( -0.2015737629735342984, -0.9794733370953438989, 0.000000000000000000 ) ) ;
#4203 = VERTEX_POINT ( 'NONE', #3733 ) ;
#4204 = ORIENTED_EDGE ( 'NONE', *, *, #2064, .T. ) ;
#4205 = CARTESIAN_POINT ( 'NONE',  ( 16.28395385150157182, -3.875294732441113332, 23.99833212799901005 ) ) ;
#4206 = LINE ( 'NONE', #5930, #2784 ) ;
#4207 = VECTOR ( 'NONE', #6172, 1000.000000000000000 ) ;
#4208 = VERTEX_POINT ( 'NONE', #3203 ) ;
#4209 = CARTESIAN_POINT ( 'NONE',  ( 13.22069333197112506, 4.134391348579054437, 12.05531926321034852 ) ) ;
#4210 = CARTESIAN_POINT ( 'NONE',  ( 2.720693331971123730, 4.829747284365623727, 20.24833212799901361 ) ) ;
#4211 = EDGE_CURVE ( 'NONE', #7200, #2428, #6478, .T. ) ;
#4212 = CARTESIAN_POINT ( 'NONE',  ( 1.583246015799837147, -12.57799432079165314, 12.37333212799901361 ) ) ;
#4213 = EDGE_CURVE ( 'NONE', #1991, #7348, #975, .T. ) ;
#4214 = CARTESIAN_POINT ( 'NONE',  ( -5.337894887994158566, 4.393118539265072009, 19.34835310002468844 ) ) ;
#4215 = ORIENTED_EDGE ( 'NONE', *, *, #2144, .T. ) ;
#4216 = CARTESIAN_POINT ( 'NONE',  ( 2.208246015799837370, 4.130547250359981604, 14.58166212799901373 ) ) ;
#4217 = DIRECTION ( 'NONE',  ( 1.000000000000000000, 0.000000000000000000, 0.000000000000000000 ) ) ;
#4218 = EDGE_CURVE ( 'NONE', #3184, #708, #4256, .T. ) ;
#4219 = LINE ( 'NONE', #3645, #527 ) ;
#4220 = ORIENTED_EDGE ( 'NONE', *, *, #523, .T. ) ;
#4221 = CARTESIAN_POINT ( 'NONE',  ( 2.021704316544359337, -8.875294732441114220, 23.99833212799901005 ) ) ;
#4222 =( BOUNDED_CURVE ( )  B_SPLINE_CURVE ( 3, ( #2118, #3172, #4311, #5464 ),
 .UNSPECIFIED., .F., .F. ) 
 B_SPLINE_CURVE_WITH_KNOTS ( ( 4, 4 ),
 ( 1.570796326794896558, 3.141592653589793116 ),
 .UNSPECIFIED. ) 
 CURVE ( )  GEOMETRIC_REPRESENTATION_ITEM ( )  RATIONAL_B_SPLINE_CURVE ( ( 1.000000000000000000, 0.8047378541243649375, 0.8047378541243649375, 1.000000000000000000 ) ) 
 REPRESENTATION_ITEM ( '' )  );
#4223 = EDGE_CURVE ( 'NONE', #5028, #4925, #4932, .T. ) ;
#4224 = DIRECTION ( 'NONE',  ( 0.000000000000000000, 1.000000000000000000, 0.000000000000000000 ) ) ;
#4225 = VECTOR ( 'NONE', #6897, 1000.000000000000000 ) ;
#4226 = DIRECTION ( 'NONE',  ( 1.000000000000000000, 4.818676322157798361E-16, 0.000000000000000000 ) ) ;
#4227 = DIRECTION ( 'NONE',  ( 1.000000000000000000, 0.000000000000000000, 0.000000000000000000 ) ) ;
#4228 = CARTESIAN_POINT ( 'NONE',  ( 0.9582460157998370365, 3.406815019553060875, 14.58166212799901373 ) ) ;
#4229 = CARTESIAN_POINT ( 'NONE',  ( 3.715147617326088003, 4.836752081552635474, 20.24833212799901361 ) ) ;
#4230 = CIRCLE ( 'NONE', #4591, 1.000000000000000888 ) ;
#4231 = EDGE_CURVE ( 'NONE', #2361, #5545, #869, .T. ) ;
#4232 = ORIENTED_EDGE ( 'NONE', *, *, #3509, .F. ) ;
#4233 = CARTESIAN_POINT ( 'NONE',  ( 27.02373522356765179, -1.718752814197137102, 9.250000000000000000 ) ) ;
#4234 = AXIS2_PLACEMENT_3D ( 'NONE', #6113, #1639, #955 ) ;
#4235 = CARTESIAN_POINT ( 'NONE',  ( 1.771546788140418105, 4.220419126676684840, 22.25557007872492221 ) ) ;
#4236 = CIRCLE ( 'NONE', #6508, 4.100000000000002309 ) ;
#4237 = FACE_OUTER_BOUND ( 'NONE', #2577, .T. ) ;
#4238 = ORIENTED_EDGE ( 'NONE', *, *, #2938, .T. ) ;
#4239 = EDGE_LOOP ( 'NONE', ( #5820, #5379, #2173, #2595, #5352, #1467 ) ) ;
#4240 = CARTESIAN_POINT ( 'NONE',  ( 13.22069333197112329, 5.250879958317725915, 10.61740883700218419 ) ) ;
#4241 = CARTESIAN_POINT ( 'NONE',  ( -4.828026495970161314, -6.098896013116121395, 10.84833633850839796 ) ) ;
#4242 = ORIENTED_EDGE ( 'NONE', *, *, #5109, .F. ) ;
#4243 = AXIS2_PLACEMENT_3D ( 'NONE', #6168, #512, #2859 ) ;
#4244 = ORIENTED_EDGE ( 'NONE', *, *, #1607, .F. ) ;
#4245 = CARTESIAN_POINT ( 'NONE',  ( 2.923373373525393504, 5.168419169191849960, 11.36608761840023796 ) ) ;
#4246 = FACE_OUTER_BOUND ( 'NONE', #5366, .T. ) ;
#4247 = VERTEX_POINT ( 'NONE', #2076 ) ;
#4248 = CARTESIAN_POINT ( 'NONE',  ( -0.3378948879941582883, -3.875294732441113332, 23.99833212799901005 ) ) ;
#4249 = ORIENTED_EDGE ( 'NONE', *, *, #3473, .T. ) ;
#4250 = B_SPLINE_CURVE_WITH_KNOTS ( 'NONE', 3,
 ( #4824, #2488, #6428, #1396, #5278, #5947, #230, #7106, #1962, #3617 ),
 .UNSPECIFIED., .F., .F.,
 ( 4, 2, 2, 2, 4 ),
 ( 0.001542291938221315630, 0.001788277303140139302, 0.002034262668058962973, 0.002280248032977786644, 0.002526233397896610316 ),
 .UNSPECIFIED. ) ;
#4251 = DIRECTION ( 'NONE',  ( 0.9798072599803949734, 0.1999443254751453181, 0.000000000000000000 ) ) ;
#4252 = CARTESIAN_POINT ( 'NONE',  ( -0.3378948879941582883, -3.875294732441113332, 23.99833212799901005 ) ) ;
#4253 = CARTESIAN_POINT ( 'NONE',  ( 12.34297207741760793, 4.889613205215631808, 11.74952902701170210 ) ) ;
#4254 = ORIENTED_EDGE ( 'NONE', *, *, #4842, .T. ) ;
#4255 = CARTESIAN_POINT ( 'NONE',  ( 2.155836326694193339, 4.339462893744016725, 21.11628877659495274 ) ) ;
#4256 = B_SPLINE_CURVE_WITH_KNOTS ( 'NONE', 3,
 ( #338, #3842, #2640, #300 ),
 .UNSPECIFIED., .F., .F.,
 ( 4, 4 ),
 ( 0.0001728020807050636477, 0.0001929461982881175528 ),
 .UNSPECIFIED. ) ;
#4257 = LINE ( 'NONE', #3644, #5957 ) ;
#4258 = FACE_OUTER_BOUND ( 'NONE', #2057, .T. ) ;
#4259 = EDGE_CURVE ( 'NONE', #4123, #7014, #5331, .T. ) ;
#4260 = ORIENTED_EDGE ( 'NONE', *, *, #4355, .F. ) ;
#4261 = EDGE_CURVE ( 'NONE', #4964, #6230, #2037, .T. ) ;
#4262 = VERTEX_POINT ( 'NONE', #3804 ) ;
#4263 = DIRECTION ( 'NONE',  ( -1.000000000000000000, 0.000000000000000000, 0.000000000000000000 ) ) ;
#4264 = EDGE_CURVE ( 'NONE', #6689, #2563, #6099, .T. ) ;
#4265 = CARTESIAN_POINT ( 'NONE',  ( 2.208246015799835149, 4.130547250359976275, 19.73783203613318449 ) ) ;
#4266 = CARTESIAN_POINT ( 'NONE',  ( 19.40529669821110303, 5.436247185802859150, 24.99666425599802366 ) ) ;
#4267 = FACE_OUTER_BOUND ( 'NONE', #2068, .T. ) ;
#4268 = CARTESIAN_POINT ( 'NONE',  ( 2.021704316544359337, -8.884007349944944565, 20.24832212799901399 ) ) ;
#4269 = ORIENTED_EDGE ( 'NONE', *, *, #6076, .F. ) ;
#4270 = DIRECTION ( 'NONE',  ( -0.000000000000000000, -0.000000000000000000, -1.000000000000000000 ) ) ;
#4271 = CYLINDRICAL_SURFACE ( 'NONE', #3550, 0.8999999999999980238 ) ;
#4272 = LINE ( 'NONE', #1598, #3864 ) ;
#4273 = ORIENTED_EDGE ( 'NONE', *, *, #701, .T. ) ;
#4274 = CARTESIAN_POINT ( 'NONE',  ( 1.583246015799837147, -12.57799432079165314, 19.62332212799901399 ) ) ;
#4275 = CARTESIAN_POINT ( 'NONE',  ( 4.410365631536292241, 3.729747284365623194, 23.99833212799901005 ) ) ;
#4276 = EDGE_CURVE ( 'NONE', #6445, #6782, #3484, .T. ) ;
#4277 = ORIENTED_EDGE ( 'NONE', *, *, #2555, .T. ) ;
#4278 = ORIENTED_EDGE ( 'NONE', *, *, #7007, .F. ) ;
#4279 = DIRECTION ( 'NONE',  ( 0.000000000000000000, 1.000000000000000000, 0.000000000000000000 ) ) ;
#4280 = CARTESIAN_POINT ( 'NONE',  ( -0.3329172180384511459, -8.875294732441114220, 18.31494995495327061 ) ) ;
#4281 = AXIS2_PLACEMENT_3D ( 'NONE', #5768, #598, #5837 ) ;
#4282 = AXIS2_PLACEMENT_3D ( 'NONE', #4672, #1699, #2408 ) ;
#4283 = EDGE_LOOP ( 'NONE', ( #5064, #5670, #4049, #2176 ) ) ;
#4284 = ORIENTED_EDGE ( 'NONE', *, *, #6870, .T. ) ;
#4285 = CARTESIAN_POINT ( 'NONE',  ( -5.138790821684905197, 5.675264366075718492, 9.400049308483435340 ) ) ;
#4286 = CARTESIAN_POINT ( 'NONE',  ( -4.136321125020615774, 5.436247185802859150, 23.99833212799901005 ) ) ;
#4287 = AXIS2_PLACEMENT_3D ( 'NONE', #4248, #2022, #6455 ) ;
#4288 = ORIENTED_EDGE ( 'NONE', *, *, #431, .T. ) ;
#4289 = FACE_OUTER_BOUND ( 'NONE', #1464, .T. ) ;
#4290 = FACE_OUTER_BOUND ( 'NONE', #6968, .T. ) ;
#4291 = EDGE_CURVE ( 'NONE', #3030, #3874, #4802, .T. ) ;
#4292 = CARTESIAN_POINT ( 'NONE',  ( -5.017606031512334752, -5.643646821551061343, 12.64832366847015344 ) ) ;
#4293 = AXIS2_PLACEMENT_3D ( 'NONE', #154, #5951, #790 ) ;
#4294 = CIRCLE ( 'NONE', #6441, 1.000000000000000888 ) ;
#4295 = EDGE_CURVE ( 'NONE', #6129, #1650, #3722, .T. ) ;
#4296 = ORIENTED_EDGE ( 'NONE', *, *, #2002, .F. ) ;
#4297 = ORIENTED_EDGE ( 'NONE', *, *, #3237, .T. ) ;
#4298 = VECTOR ( 'NONE', #6313, 1000.000000000000000 ) ;
#4299 = CARTESIAN_POINT ( 'NONE',  ( 2.208246015799837370, 4.130547250359986045, 17.25291429924098807 ) ) ;
#4300 = CARTESIAN_POINT ( 'NONE',  ( 3.720693331971123285, 12.72974728436562231, 10.74833212799901361 ) ) ;
#4301 = VECTOR ( 'NONE', #2496, 1000.000000000000000 ) ;
#4302 = VECTOR ( 'NONE', #5094, 1000.000000000000000 ) ;
#4303 = CARTESIAN_POINT ( 'NONE',  ( 1.265634459074677531, -8.166039084895123423, 16.87077150145245241 ) ) ;
#4304 = LINE ( 'NONE', #974, #1064 ) ;
#4305 = AXIS2_PLACEMENT_3D ( 'NONE', #3298, #6721, #961 ) ;
#4306 = DIRECTION ( 'NONE',  ( 0.000000000000000000, -1.000000000000000000, 0.000000000000000000 ) ) ;
#4307 = EDGE_CURVE ( 'NONE', #5491, #5928, #1745, .T. ) ;
#4308 = CARTESIAN_POINT ( 'NONE',  ( 3.095459836886832683, 4.316815088667908640, 20.12252194304934250 ) ) ;
#4309 = CIRCLE ( 'NONE', #2979, 0.9000000000000000222 ) ;
#4310 = ORIENTED_EDGE ( 'NONE', *, *, #114, .F. ) ;
#4311 = CARTESIAN_POINT ( 'NONE',  ( 1.519119568997590042, 4.272368171650648527, 22.41990500325282554 ) ) ;
#4312 = CIRCLE ( 'NONE', #2019, 2.500000000000000444 ) ;
#4313 = DIRECTION ( 'NONE',  ( 0.000000000000000000, -1.000000000000000000, 0.000000000000000000 ) ) ;
#4314 = CARTESIAN_POINT ( 'NONE',  ( -0.3378948879941183758, -8.875294732441114220, 23.99833212799901005 ) ) ;
#4315 = ORIENTED_EDGE ( 'NONE', *, *, #1197, .T. ) ;
#4316 = CARTESIAN_POINT ( 'NONE',  ( -5.337887297018019339, -3.884007349944944565, 13.68169303707892048 ) ) ;
#4317 = DIRECTION ( 'NONE',  ( 0.000000000000000000, 0.000000000000000000, 1.000000000000000000 ) ) ;
#4318 = ORIENTED_EDGE ( 'NONE', *, *, #1308, .T. ) ;
#4319 = ORIENTED_EDGE ( 'NONE', *, *, #2111, .F. ) ;
#4320 = DIRECTION ( 'NONE',  ( -0.000000000000000000, 0.000000000000000000, -1.000000000000000000 ) ) ;
#4321 = VECTOR ( 'NONE', #6964, 1000.000000000000000 ) ;
#4322 = CARTESIAN_POINT ( 'NONE',  ( 11.78896358600237981, 3.742609536185409258, 23.99833212799901005 ) ) ;
#4323 = ORIENTED_EDGE ( 'NONE', *, *, #6096, .T. ) ;
#4324 = EDGE_LOOP ( 'NONE', ( #5147, #1960, #529 ) ) ;
#4325 = DIRECTION ( 'NONE',  ( 1.000000000000000000, 0.000000000000000000, 0.000000000000000000 ) ) ;
#4326 = VERTEX_POINT ( 'NONE', #6882 ) ;
#4327 = CARTESIAN_POINT ( 'NONE',  ( 11.53569333197112101, 3.729747284365623194, 23.99833212799901005 ) ) ;
#4328 = CARTESIAN_POINT ( 'NONE',  ( 12.22069333197112151, 11.72974728436562408, 11.74833212799901183 ) ) ;
#4329 = AXIS2_PLACEMENT_3D ( 'NONE', #2528, #1855, #6431 ) ;
#4330 = EDGE_LOOP ( 'NONE', ( #1611, #3689, #1522, #5558 ) ) ;
#4331 = FACE_OUTER_BOUND ( 'NONE', #4915, .T. ) ;
#4332 = CARTESIAN_POINT ( 'NONE',  ( -4.312998310797283352, -6.925695002571383263, 12.64833221152352571 ) ) ;
#4333 = AXIS2_PLACEMENT_3D ( 'NONE', #778, #142, #1349 ) ;
#4334 = EDGE_CURVE ( 'NONE', #95, #1971, #2863, .T. ) ;
#4335 = ORIENTED_EDGE ( 'NONE', *, *, #3116, .F. ) ;
#4336 = VERTEX_POINT ( 'NONE', #4033 ) ;
#4337 = CARTESIAN_POINT ( 'NONE',  ( 2.361954521851107991, 4.098914330103385240, 12.39222672713380291 ) ) ;
#4338 = DIRECTION ( 'NONE',  ( 0.000000000000000000, 0.000000000000000000, 1.000000000000000000 ) ) ;
#4339 = DIRECTION ( 'NONE',  ( -0.2015737629735347980, -0.9794733370953438989, 0.000000000000000000 ) ) ;
#4340 = CARTESIAN_POINT ( 'NONE',  ( -5.337312670008241611, -4.213774000388534446, 15.48163598140831887 ) ) ;
#4341 = FACE_OUTER_BOUND ( 'NONE', #807, .T. ) ;
#4342 = ORIENTED_EDGE ( 'NONE', *, *, #3429, .T. ) ;
#4343 = CARTESIAN_POINT ( 'NONE',  ( 3.730117970404267957, 4.836366140298342664, 20.24837654089006378 ) ) ;
#4344 = DIRECTION ( 'NONE',  ( -1.000000000000000000, 0.000000000000000000, 0.000000000000000000 ) ) ;
#4345 = CIRCLE ( 'NONE', #3023, 1.999999999999999556 ) ;
#4346 = LINE ( 'NONE', #985, #372 ) ;
#4347 = ORIENTED_EDGE ( 'NONE', *, *, #3664, .T. ) ;
#4348 = CARTESIAN_POINT ( 'NONE',  ( 1.040493752103467173, -8.039391438412163637, 14.90224935669696293 ) ) ;
#4349 = LINE ( 'NONE', #3250, #1215 ) ;
#4350 = EDGE_CURVE ( 'NONE', #6376, #2921, #6843, .T. ) ;
#4351 = ORIENTED_EDGE ( 'NONE', *, *, #1723, .T. ) ;
#4352 = AXIS2_PLACEMENT_3D ( 'NONE', #5812, #7005, #5287 ) ;
#4353 = ORIENTED_EDGE ( 'NONE', *, *, #6234, .F. ) ;
#4355 = EDGE_CURVE ( 'NONE', #6729, #4509, #1799, .T. ) ;
#4354 = DIRECTION ( 'NONE',  ( 0.000000000000000000, 0.000000000000000000, 1.000000000000000000 ) ) ;
#4356 = EDGE_CURVE ( 'NONE', #1812, #639, #2262, .T. ) ;
#4357 = EDGE_CURVE ( 'NONE', #5271, #1386, #1192, .T. ) ;
#4358 = FACE_OUTER_BOUND ( 'NONE', #1609, .T. ) ;
#4359 = ORIENTED_EDGE ( 'NONE', *, *, #2507, .F. ) ;
#4360 = ADVANCED_FACE ( 'NONE', ( #515 ), #4561, .F. ) ;
#4361 = ORIENTED_EDGE ( 'NONE', *, *, #3878, .T. ) ;
#4362 = CARTESIAN_POINT ( 'NONE',  ( 0.9582460157974503900, -7.984007349943287757, 20.24832212799870135 ) ) ;
#4363 = VERTEX_POINT ( 'NONE', #1167 ) ;
#4364 = CARTESIAN_POINT ( 'NONE',  ( -4.672349158720131790, -6.389290630176335917, 16.51499427851818780 ) ) ;
#4365 = DIRECTION ( 'NONE',  ( 0.000000000000000000, 0.000000000000000000, -1.000000000000000000 ) ) ;
#4366 = DIRECTION ( 'NONE',  ( 1.000000000000000000, 4.818676322157798361E-16, 0.000000000000000000 ) ) ;
#4367 = ORIENTED_EDGE ( 'NONE', *, *, #1218, .T. ) ;
#4368 = DIRECTION ( 'NONE',  ( 0.000000000000000000, 0.000000000000000000, 1.000000000000000000 ) ) ;
#4369 = CARTESIAN_POINT ( 'NONE',  ( 12.97849662561785955, 3.974281385293224833, 20.56083449990480005 ) ) ;
#4370 = ORIENTED_EDGE ( 'NONE', *, *, #6237, .T. ) ;
#4371 = ORIENTED_EDGE ( 'NONE', *, *, #474, .F. ) ;
#4372 = CARTESIAN_POINT ( 'NONE',  ( -4.430428383661446645, -3.884007349944944121, 17.41499212799901031 ) ) ;
#4373 = DIRECTION ( 'NONE',  ( 0.9794733370953440099, 0.2015737629735339653, 0.000000000000000000 ) ) ;
#4374 = FACE_BOUND ( 'NONE', #4951, .T. ) ;
#4375 = CARTESIAN_POINT ( 'NONE',  ( -17.67643277480201647, -13.37061935686017655, 6.999999999999999112 ) ) ;
#4376 = DIRECTION ( 'NONE',  ( 0.000000000000000000, 0.000000000000000000, -1.000000000000000000 ) ) ;
#4377 = CARTESIAN_POINT ( 'NONE',  ( -5.330428383661446112, -3.884007349944944565, 15.48166212799901231 ) ) ;
#4378 = ORIENTED_EDGE ( 'NONE', *, *, #3145, .F. ) ;
#4379 = CARTESIAN_POINT ( 'NONE',  ( 2.732888265082458634, 4.022576866279598207, 21.05176618457060655 ) ) ;
#4380 = CARTESIAN_POINT ( 'NONE',  ( -4.116590141842817019, 5.432186586728145805, 13.68372112044069588 ) ) ;
#4381 = FACE_OUTER_BOUND ( 'NONE', #5785, .T. ) ;
#4382 = ORIENTED_EDGE ( 'NONE', *, *, #7235, .F. ) ;
#4383 = CARTESIAN_POINT ( 'NONE',  ( -1.628580593088098549, -8.708613295541924870, 13.68168544232401374 ) ) ;
#4384 = CARTESIAN_POINT ( 'NONE',  ( -5.337894887994158566, 4.456773848707507923, 23.99833212799901005 ) ) ;
#4385 = EDGE_CURVE ( 'NONE', #5165, #1370, #2371, .T. ) ;
#4386 = ORIENTED_EDGE ( 'NONE', *, *, #4995, .T. ) ;
#4387 = EDGE_CURVE ( 'NONE', #7079, #1468, #6282, .T. ) ;
#4388 = EDGE_LOOP ( 'NONE', ( #226, #4463, #3377, #344 ) ) ;
#4389 = DIRECTION ( 'NONE',  ( -0.000000000000000000, -0.000000000000000000, -1.000000000000000000 ) ) ;
#4390 = FACE_OUTER_BOUND ( 'NONE', #2243, .T. ) ;
#4391 = AXIS2_PLACEMENT_3D ( 'NONE', #1810, #743, #5941 ) ;
#4392 = CARTESIAN_POINT ( 'NONE',  ( 2.021704316544363333, -8.875294732441114220, 17.86039006076051905 ) ) ;
#4393 = ORIENTED_EDGE ( 'NONE', *, *, #115, .T. ) ;
#4394 = ORIENTED_EDGE ( 'NONE', *, *, #6612, .T. ) ;
#4395 = CARTESIAN_POINT ( 'NONE',  ( 1.087379772044297477, -8.069686008791975951, 19.85981380347147862 ) ) ;
#4396 = EDGE_CURVE ( 'NONE', #7344, #3184, #6246, .T. ) ;
#4397 = ORIENTED_EDGE ( 'NONE', *, *, #2103, .T. ) ;
#4398 = DIRECTION ( 'NONE',  ( 1.000000000000000000, 0.000000000000000000, 0.000000000000000000 ) ) ;
#4399 = CARTESIAN_POINT ( 'NONE',  ( -5.762886430835527207, 5.860126656390095334, 9.250000000000000000 ) ) ;
#4400 = AXIS2_PLACEMENT_3D ( 'NONE', #1519, #5057, #2647 ) ;
#4401 = CARTESIAN_POINT ( 'NONE',  ( -4.116590141842817019, 5.432186586728145805, 15.47960313555732981 ) ) ;
#4402 = ORIENTED_EDGE ( 'NONE', *, *, #51, .F. ) ;
#4403 = CARTESIAN_POINT ( 'NONE',  ( 2.746720657377161423, 5.241128759917548230, 10.48658423863180111 ) ) ;
#4404 = CYLINDRICAL_SURFACE ( 'NONE', #2707, 1.000000000000000888 ) ;
#4405 = ORIENTED_EDGE ( 'NONE', *, *, #4264, .T. ) ;
#4406 = VECTOR ( 'NONE', #5043, 1000.000000000000000 ) ;
#4407 = DIRECTION ( 'NONE',  ( -0.000000000000000000, 1.000000000000000000, -0.000000000000000000 ) ) ;
#4408 = DIRECTION ( 'NONE',  ( 0.000000000000000000, -1.000000000000000000, 0.000000000000000000 ) ) ;
#4409 = LINE ( 'NONE', #5571, #2152 ) ;
#4410 = CARTESIAN_POINT ( 'NONE',  ( 13.22069333197112329, 5.250879958319428553, 10.74833212799901361 ) ) ;
#4411 = VECTOR ( 'NONE', #7081, 1000.000000000000000 ) ;
#4412 = CARTESIAN_POINT ( 'NONE',  ( -4.675606283204271740, -6.383411332971535401, 15.48165993821426589 ) ) ;
#4413 = EDGE_CURVE ( 'NONE', #2015, #291, #3963, .T. ) ;
#4414 = DIRECTION ( 'NONE',  ( -0.000000000000000000, 1.000000000000000000, -0.000000000000000000 ) ) ;
#4415 = VECTOR ( 'NONE', #4880, 1000.000000000000114 ) ;
#4416 = ORIENTED_EDGE ( 'NONE', *, *, #51, .T. ) ;
#4417 = CARTESIAN_POINT ( 'NONE',  ( 13.22069333197112329, 5.250879958319429441, 21.24833212799901361 ) ) ;
#4418 = CARTESIAN_POINT ( 'NONE',  ( -4.136321125020613998, 5.436247185802858262, 21.14625015647041195 ) ) ;
#4419 = AXIS2_PLACEMENT_3D ( 'NONE', #6506, #5802, #1280 ) ;
#4420 = DIRECTION ( 'NONE',  ( -1.000000000000000000, 0.000000000000000000, 0.000000000000000000 ) ) ;
#4421 = VECTOR ( 'NONE', #2423, 1000.000000000000000 ) ;
#4422 = ORIENTED_EDGE ( 'NONE', *, *, #1389, .T. ) ;
#4423 = DIRECTION ( 'NONE',  ( -0.000000000000000000, 1.000000000000000000, 0.000000000000000000 ) ) ;
#4424 = DIRECTION ( 'NONE',  ( -9.540979117872440597E-15, 1.000000000000000000, 9.540979117872446908E-15 ) ) ;
#4425 = B_SPLINE_CURVE_WITH_KNOTS ( 'NONE', 3,
 ( #670, #2943, #5692, #4603, #41, #1208, #6250, #2227, #1099, #520, #1136, #6286, #3434, #5236, #5730, #2831, #5123, #1246, #2379, #561 ),
 .UNSPECIFIED., .F., .F.,
 ( 4, 2, 2, 2, 2, 2, 2, 2, 2, 4 ),
 ( 9.858081489261144740E-08, 0.0009753616760182495186, 0.001462993223619927802, 0.001950624771221606303, 0.002925887866424963304, 0.003901150961628320306, 0.004876414056831676440, 0.005851677152035033441, 0.006826940247238390443, 0.007802203342441747444 ),
 .UNSPECIFIED. ) ;
#4426 = ORIENTED_EDGE ( 'NONE', *, *, #2842, .T. ) ;
#4427 = AXIS2_PLACEMENT_3D ( 'NONE', #5189, #2821, #3992 ) ;
#4428 = ORIENTED_EDGE ( 'NONE', *, *, #2326, .F. ) ;
#4429 = DIRECTION ( 'NONE',  ( -4.216341781888073566E-16, 1.000000000000000000, 0.000000000000000000 ) ) ;
#4430 = CARTESIAN_POINT ( 'NONE',  ( 4.410365631536292241, 3.729747284365623194, 23.24833212799901361 ) ) ;
#4431 = EDGE_CURVE ( 'NONE', #2673, #6188, #2905, .T. ) ;
#4432 = FACE_BOUND ( 'NONE', #2570, .T. ) ;
#4433 = ORIENTED_EDGE ( 'NONE', *, *, #6781, .T. ) ;
#4434 = EDGE_LOOP ( 'NONE', ( #2432, #4766, #5397, #243, #2429, #4618, #1979 ) ) ;
#4435 = CARTESIAN_POINT ( 'NONE',  ( -4.116590141842817019, 5.432186586728145805, 12.64627313555732968 ) ) ;
#4436 = ORIENTED_EDGE ( 'NONE', *, *, #7078, .T. ) ;
#4437 = VECTOR ( 'NONE', #3163, 1000.000000000000000 ) ;
#4438 = CARTESIAN_POINT ( 'NONE',  ( 4.410365631536280695, 6.229747284365624083, 8.748332127999011831 ) ) ;
#4439 = EDGE_CURVE ( 'NONE', #5027, #3794, #7199, .T. ) ;
#4440 = CARTESIAN_POINT ( 'NONE',  ( -5.337894887994158566, 4.456773848707507923, 23.99833212799901005 ) ) ;
#4441 = DIRECTION ( 'NONE',  ( 0.000000000000000000, 0.000000000000000000, 1.000000000000000000 ) ) ;
#4442 = VERTEX_POINT ( 'NONE', #6206 ) ;
#4443 = DIRECTION ( 'NONE',  ( -1.000000000000000000, 0.000000000000000000, -0.000000000000000000 ) ) ;
#4444 = CARTESIAN_POINT ( 'NONE',  ( 2.720693331971122841, 12.72974728436562231, 10.74833212799901361 ) ) ;
#4445 = ORIENTED_EDGE ( 'NONE', *, *, #4971, .F. ) ;
#4446 = ADVANCED_FACE ( 'NONE', ( #4178 ), #5306, .T. ) ;
#4447 = VECTOR ( 'NONE', #6807, 1000.000000000000000 ) ;
#4448 = DIRECTION ( 'NONE',  ( 0.9659279192470430209, 0.2588112339506885573, 0.000000000000000000 ) ) ;
#4449 = EDGE_CURVE ( 'NONE', #3549, #5144, #6247, .T. ) ;
#4450 = PLANE ( 'NONE',  #382 ) ;
#4451 = CARTESIAN_POINT ( 'NONE',  ( 10.34865194254071596, -10.67529473244111315, 16.88396615689146429 ) ) ;
#4452 = ADVANCED_FACE ( 'NONE', ( #741 ), #2557, .F. ) ;
#4453 = EDGE_CURVE ( 'NONE', #1834, #291, #5791, .T. ) ;
#4454 = DIRECTION ( 'NONE',  ( 1.000000000000000000, 7.375108878104640636E-16, -0.000000000000000000 ) ) ;
#4455 = DIRECTION ( 'NONE',  ( 2.498001805406602216E-16, -1.000000000000000000, 0.000000000000000000 ) ) ;
#4456 = AXIS2_PLACEMENT_3D ( 'NONE', #1625, #3355, #3917 ) ;
#4457 = CARTESIAN_POINT ( 'NONE',  ( -2.844334080500919182, -8.214123119587712907, 18.31498437342439090 ) ) ;
#4458 = ADVANCED_FACE ( 'NONE', ( #6534 ), #2407, .F. ) ;
#4459 = ORIENTED_EDGE ( 'NONE', *, *, #3519, .F. ) ;
#4460 = DIRECTION ( 'NONE',  ( 0.2015737629735342151, -0.9794733370953440099, 0.000000000000000000 ) ) ;
#4461 = CARTESIAN_POINT ( 'NONE',  ( 15.05895385150151711, 4.402435553298106541, 15.99833212799901183 ) ) ;
#4462 = DIRECTION ( 'NONE',  ( -0.000000000000000000, -0.000000000000000000, -1.000000000000000000 ) ) ;
#4463 = ORIENTED_EDGE ( 'NONE', *, *, #5079, .F. ) ;
#4464 = EDGE_CURVE ( 'NONE', #5782, #1103, #663, .T. ) ;
#4465 = CARTESIAN_POINT ( 'NONE',  ( -5.330428383661446112, 4.393118539265072009, 18.31499212799901244 ) ) ;
#4466 = DIRECTION ( 'NONE',  ( 1.000000000000000000, 0.000000000000000000, 0.000000000000000000 ) ) ;
#4467 = ORIENTED_EDGE ( 'NONE', *, *, #5907, .F. ) ;
#4468 = ORIENTED_EDGE ( 'NONE', *, *, #5218, .T. ) ;
#4469 = CARTESIAN_POINT ( 'NONE',  ( 2.208246015799837370, 4.130547250359985156, 14.74373995675703064 ) ) ;
#4470 = LINE ( 'NONE', #7312, #5187 ) ;
#4471 = TOROIDAL_SURFACE ( 'NONE', #5537, 0.9999999999999993339, 0.8999999999999998002 ) ;
#4472 = AXIS2_PLACEMENT_3D ( 'NONE', #1939, #7152, #3631 ) ;
#4473 = CARTESIAN_POINT ( 'NONE',  ( -5.304756162198490443, 4.752221623441756471, 18.31459876716394675 ) ) ;
#4474 = VERTEX_POINT ( 'NONE', #2442 ) ;
#4475 = ORIENTED_EDGE ( 'NONE', *, *, #1261, .T. ) ;
#4476 = CARTESIAN_POINT ( 'NONE',  ( -5.330428383661446112, -3.884007349944944565, 17.41499212799901031 ) ) ;
#4477 = VECTOR ( 'NONE', #6526, 1000.000000000000000 ) ;
#4478 = ORIENTED_EDGE ( 'NONE', *, *, #989, .T. ) ;
#4479 = DIRECTION ( 'NONE',  ( -0.000000000000000000, -0.000000000000000000, -1.000000000000000000 ) ) ;
#4480 = CARTESIAN_POINT ( 'NONE',  ( 2.021704316544359337, -8.884007349944944565, 11.74833212799901183 ) ) ;
#4481 = EDGE_LOOP ( 'NONE', ( #7050, #2321, #5886, #5106, #7064 ) ) ;
#4482 = VERTEX_POINT ( 'NONE', #2973 ) ;
#4483 = FACE_OUTER_BOUND ( 'NONE', #6754, .T. ) ;
#4484 = CARTESIAN_POINT ( 'NONE',  ( -5.337894887994158566, 4.393118539265072009, 21.14829115597333953 ) ) ;
#4485 = EDGE_LOOP ( 'NONE', ( #3487, #5511, #5565, #3897 ) ) ;
#4486 = EDGE_CURVE ( 'NONE', #7279, #3912, #117, .T. ) ;
#4487 = CYLINDRICAL_SURFACE ( 'NONE', #4427, 0.6250000000000005551 ) ;
#4488 = LINE ( 'NONE', #6764, #6871 ) ;
#4489 = DIRECTION ( 'NONE',  ( -0.000000000000000000, -0.000000000000000000, -1.000000000000000000 ) ) ;
#4490 = CARTESIAN_POINT ( 'NONE',  ( -4.136321125020613998, -8.873752814197141348, 22.74666425599802366 ) ) ;
#4491 = CARTESIAN_POINT ( 'NONE',  ( -5.168957062996156537, -5.174400649222203441, 15.48164851934678943 ) ) ;
#4492 = CARTESIAN_POINT ( 'NONE',  ( -4.829193988312215247, -6.096846978685412033, 18.31498790417298039 ) ) ;
#4493 = ADVANCED_FACE ( 'NONE', ( #6463 ), #1803, .F. ) ;
#4494 = EDGE_CURVE ( 'NONE', #4810, #95, #5869, .T. ) ;
#4495 = LINE ( 'NONE', #5766, #323 ) ;
#4496 = CARTESIAN_POINT ( 'NONE',  ( -5.026349240883941860, 5.185777609562861379, 21.14680808173194748 ) ) ;
#4497 = LINE ( 'NONE', #7409, #3352 ) ;
#4498 = LINE ( 'NONE', #3811, #1701 ) ;
#4499 = LINE ( 'NONE', #1632, #1731 ) ;
#4500 = DIRECTION ( 'NONE',  ( 1.000000000000000000, -0.000000000000000000, -1.020425574104003753E-16 ) ) ;
#4501 = CARTESIAN_POINT ( 'NONE',  ( -4.282710726335266394, 5.457960999510000022, 15.47942882227917138 ) ) ;
#4502 = VERTEX_POINT ( 'NONE', #4781 ) ;
#4503 = VERTEX_POINT ( 'NONE', #704 ) ;
#4504 = CARTESIAN_POINT ( 'NONE',  ( 16.28395385150157182, -8.873752814197141348, 7.998332127999012719 ) ) ;
#4505 = CARTESIAN_POINT ( 'NONE',  ( 12.32823439341067662, 4.741733904183123016, 20.24495913905691324 ) ) ;
#4506 = CARTESIAN_POINT ( 'NONE',  ( 0.9582460157999106443, -7.984007349944994836, 11.66367377925286597 ) ) ;
#4507 = EDGE_CURVE ( 'NONE', #3549, #7318, #1868, .T. ) ;
#4508 = ORIENTED_EDGE ( 'NONE', *, *, #2709, .F. ) ;
#4509 = VERTEX_POINT ( 'NONE', #5980 ) ;
#4510 = CARTESIAN_POINT ( 'NONE',  ( -5.337894887994158566, 4.393118539265072009, 21.14829115597333953 ) ) ;
#4511 = ORIENTED_EDGE ( 'NONE', *, *, #6322, .T. ) ;
#4512 = VERTEX_POINT ( 'NONE', #821 ) ;
#4513 = CARTESIAN_POINT ( 'NONE',  ( 1.674890344502793837, 3.517028957506929121, 20.87332212800090048 ) ) ;
#4514 = DIRECTION ( 'NONE',  ( -0.000000000000000000, 1.000000000000000000, -0.000000000000000000 ) ) ;
#4515 = ORIENTED_EDGE ( 'NONE', *, *, #6394, .T. ) ;
#4516 = ORIENTED_EDGE ( 'NONE', *, *, #5686, .F. ) ;
#4517 = DIRECTION ( 'NONE',  ( -0.000000000000000000, 0.000000000000000000, -1.000000000000000000 ) ) ;
#4518 = DIRECTION ( 'NONE',  ( -0.000000000000000000, 0.000000000000000000, -1.000000000000000000 ) ) ;
#4519 = CIRCLE ( 'NONE', #1267, 0.8999999999999998002 ) ;
#4520 = CARTESIAN_POINT ( 'NONE',  ( 5.597734721401525171, -10.67529473244111315, 15.83396615689146714 ) ) ;
#4521 = CARTESIAN_POINT ( 'NONE',  ( -17.67643277480201647, -13.37061935686017655, 9.250000000000000000 ) ) ;
#4522 = ADVANCED_FACE ( 'NONE', ( #3537 ), #4088, .F. ) ;
#4523 = DIRECTION ( 'NONE',  ( 0.000000000000000000, 0.000000000000000000, 1.000000000000000000 ) ) ;
#4524 = DIRECTION ( 'NONE',  ( 1.000000000000000000, 0.000000000000000000, 0.000000000000000000 ) ) ;
#4525 = CARTESIAN_POINT ( 'NONE',  ( 27.02373522356765179, -1.718752814197137102, 24.99666425599802366 ) ) ;
#4526 = VECTOR ( 'NONE', #4069, 1000.000000000000114 ) ;
#4527 = DIRECTION ( 'NONE',  ( -0.000000000000000000, -0.000000000000000000, -1.000000000000000000 ) ) ;
#4528 = LINE ( 'NONE', #3510, #6911 ) ;
#4529 = VECTOR ( 'NONE', #321, 1000.000000000000114 ) ;
#4530 = EDGE_CURVE ( 'NONE', #5551, #1923, #5648, .T. ) ;
#4531 = DIRECTION ( 'NONE',  ( -0.000000000000000000, -0.000000000000000000, -1.000000000000000000 ) ) ;
#4532 = VECTOR ( 'NONE', #2404, 1000.000000000000227 ) ;
#4533 = CARTESIAN_POINT ( 'NONE',  ( 1.751785773140525082, -8.218418253747350022, 19.64118023071154440 ) ) ;
#4534 = ORIENTED_EDGE ( 'NONE', *, *, #6638, .T. ) ;
#4535 = CARTESIAN_POINT ( 'NONE',  ( -3.656843035363722016, -8.873752814197141348, 22.74666425599802366 ) ) ;
#4536 = DIRECTION ( 'NONE',  ( 1.000000000000000000, -0.000000000000000000, -0.000000000000000000 ) ) ;
#4537 = AXIS2_PLACEMENT_3D ( 'NONE', #1856, #5807, #4149 ) ;
#4538 = ORIENTED_EDGE ( 'NONE', *, *, #7364, .F. ) ;
#4539 = VERTEX_POINT ( 'NONE', #6420 ) ;
#4541 = EDGE_CURVE ( 'NONE', #6874, #3295, #3406, .T. ) ;
#4540 = CARTESIAN_POINT ( 'NONE',  ( 2.036631926890818178, 3.296651896735200982, 15.01185535856430420 ) ) ;
#4542 = CARTESIAN_POINT ( 'NONE',  ( 13.22069333197112506, 4.183336712770299393, 20.03836211228595232 ) ) ;
#4543 = CIRCLE ( 'NONE', #5377, 0.8999999999999998002 ) ;
#4544 = CARTESIAN_POINT ( 'NONE',  ( 0.9582460157974505011, -7.984007349943287757, 11.74833212799870097 ) ) ;
#4545 = VERTEX_POINT ( 'NONE', #1274 ) ;
#4546 = AXIS2_PLACEMENT_3D ( 'NONE', #1721, #4620, #7427 ) ;
#4547 = ORIENTED_EDGE ( 'NONE', *, *, #3382, .F. ) ;
#4548 = DIRECTION ( 'NONE',  ( -0.000000000000000000, 0.000000000000000000, -1.000000000000000000 ) ) ;
#4549 = ORIENTED_EDGE ( 'NONE', *, *, #5356, .T. ) ;
#4550 = VERTEX_POINT ( 'NONE', #292 ) ;
#4551 = CARTESIAN_POINT ( 'NONE',  ( 2.021704316544363333, -12.57799432079165314, 17.86039006076051905 ) ) ;
#4552 = DIRECTION ( 'NONE',  ( -0.000000000000000000, 0.000000000000000000, -1.000000000000000000 ) ) ;
#4553 = ORIENTED_EDGE ( 'NONE', *, *, #755, .F. ) ;
#4554 = ORIENTED_EDGE ( 'NONE', *, *, #834, .T. ) ;
#4555 = CARTESIAN_POINT ( 'NONE',  ( 2.995623790552707888, 3.968506391331249716, 8.800386778691297707 ) ) ;
#4556 = CARTESIAN_POINT ( 'NONE',  ( -5.337894887994158566, 4.456773848707507923, 23.99833212799901005 ) ) ;
#4557 = CARTESIAN_POINT ( 'NONE',  ( -5.170096865981498091, 5.016125330270527094, 12.64731215907326245 ) ) ;
#4558 = DIRECTION ( 'NONE',  ( -0.000000000000000000, -0.000000000000000000, -1.000000000000000000 ) ) ;
#4559 = CIRCLE ( 'NONE', #5991, 0.7500000000000006661 ) ;
#4560 = CARTESIAN_POINT ( 'NONE',  ( 1.264809656741814115, 3.529456912432836102, 16.87083288474244469 ) ) ;
#4561 = CYLINDRICAL_SURFACE ( 'NONE', #6242, 16.18099892769363990 ) ;
#4562 = DIRECTION ( 'NONE',  ( 1.000000000000000000, 9.714451465470117757E-16, 0.000000000000000000 ) ) ;
#4563 = EDGE_CURVE ( 'NONE', #2289, #1334, #1424, .T. ) ;
#4564 = CARTESIAN_POINT ( 'NONE',  ( 13.02557860500704479, 4.235084449682202212, 11.92176458065452316 ) ) ;
#4565 = DIRECTION ( 'NONE',  ( -0.2588112339506883353, -0.9659279192470430209, -0.000000000000000000 ) ) ;
#4566 =( NAMED_UNIT ( * ) SI_UNIT ( $, .STERADIAN. ) SOLID_ANGLE_UNIT ( ) );
#4567 = AXIS2_PLACEMENT_3D ( 'NONE', #6364, #6289, #78 ) ;
#4568 = CARTESIAN_POINT ( 'NONE',  ( 13.22069333197112506, 4.024125010056279095, 23.99833212799901005 ) ) ;
#4569 = CARTESIAN_POINT ( 'NONE',  ( 12.22069333197112506, 11.72974728436562408, 21.24833212799901716 ) ) ;
#4570 = LINE ( 'NONE', #3363, #4302 ) ;
#4571 = CARTESIAN_POINT ( 'NONE',  ( -4.330428383661447000, 4.393118539265072897, 14.58166212799901373 ) ) ;
#4572 = CYLINDRICAL_SURFACE ( 'NONE', #1000, 0.9000000000000000222 ) ;
#4573 = EDGE_LOOP ( 'NONE', ( #3128, #4015, #2769, #7119 ) ) ;
#4574 = CARTESIAN_POINT ( 'NONE',  ( 2.264415980530219308, 4.403484471888260643, 21.08183232061936607 ) ) ;
#4575 = CARTESIAN_POINT ( 'NONE',  ( -4.123167137600543874, 5.433540120033991450, 12.64627313555732968 ) ) ;
#4576 = CARTESIAN_POINT ( 'NONE',  ( 2.720693331971123730, 5.251841508745991760, 21.24833212799901361 ) ) ;
#4577 = ORIENTED_EDGE ( 'NONE', *, *, #6612, .F. ) ;
#4578 = ADVANCED_FACE ( 'NONE', ( #4289 ), #5450, .F. ) ;
#4579 = ORIENTED_EDGE ( 'NONE', *, *, #1352, .T. ) ;
#4580 = CARTESIAN_POINT ( 'NONE',  ( -0.3304283836614461678, -3.884007349944943677, 17.41499212799901031 ) ) ;
#4581 = EDGE_CURVE ( 'NONE', #6570, #4545, #6017, .T. ) ;
#4582 = ADVANCED_FACE ( 'NONE', ( #5929 ), #6424, .F. ) ;
#4583 = ORIENTED_EDGE ( 'NONE', *, *, #4999, .T. ) ;
#4584 = ORIENTED_EDGE ( 'NONE', *, *, #5358, .T. ) ;
#4586 = EDGE_CURVE ( 'NONE', #104, #3592, #3127, .T. ) ;
#4585 = CARTESIAN_POINT ( 'NONE',  ( -5.337894887994158566, 4.456773848707507923, 21.74666425599802366 ) ) ;
#4587 = AXIS2_PLACEMENT_3D ( 'NONE', #3354, #4523, #6768 ) ;
#4588 = CARTESIAN_POINT ( 'NONE',  ( 12.22069333197112329, 4.839283735452746704, 23.24833212799901361 ) ) ;
#4589 = VERTEX_POINT ( 'NONE', #5329 ) ;
#4590 = ORIENTED_EDGE ( 'NONE', *, *, #4737, .T. ) ;
#4591 = AXIS2_PLACEMENT_3D ( 'NONE', #6106, #1631, #4420 ) ;
#4592 = PLANE ( 'NONE',  #5731 ) ;
#4593 = CARTESIAN_POINT ( 'NONE',  ( 14.42226709494465808, 4.271406621224086209, 21.24833212799901361 ) ) ;
#4594 = VECTOR ( 'NONE', #6786, 1000.000000000000000 ) ;
#4595 = CARTESIAN_POINT ( 'NONE',  ( 2.720693331971122841, 11.72974728436562408, 10.74833212799901361 ) ) ;
#4596 = CARTESIAN_POINT ( 'NONE',  ( 5.597734721401525171, -12.57799432079165314, 17.83396615689146358 ) ) ;
#4597 = DIRECTION ( 'NONE',  ( -0.9659279192470430209, 0.2588112339506885573, 0.000000000000000000 ) ) ;
#4598 = CARTESIAN_POINT ( 'NONE',  ( -1.737806690545250055, -8.873752814197143124, 9.658035019775187635 ) ) ;
#4599 = DIRECTION ( 'NONE',  ( 1.000000000000000000, -0.000000000000000000, -0.000000000000000000 ) ) ;
#4600 = DIRECTION ( 'NONE',  ( 1.000000000000000000, 0.000000000000000000, 0.000000000000000000 ) ) ;
#4601 = VECTOR ( 'NONE', #1657, 1000.000000000000000 ) ;
#4602 = CARTESIAN_POINT ( 'NONE',  ( 12.42226709494465453, 3.859810398357402139, 23.24833212799901361 ) ) ;
#4603 = CARTESIAN_POINT ( 'NONE',  ( -1.470414075519788311, -8.748059895569600286, 19.34834770251918101 ) ) ;
#4604 = CARTESIAN_POINT ( 'NONE',  ( 3.720693331971123285, 4.840245285879309023, 11.74833212799901183 ) ) ;
#4605 = CARTESIAN_POINT ( 'NONE',  ( -5.337894887994158566, 4.393118539265072009, 18.31496115597333585 ) ) ;
#4606 = ORIENTED_EDGE ( 'NONE', *, *, #2331, .F. ) ;
#4607 = CARTESIAN_POINT ( 'NONE',  ( 0.9760982891701163178, -7.996643645148536095, 14.41192061772877864 ) ) ;
#4608 = CARTESIAN_POINT ( 'NONE',  ( 15.05895385150151000, 11.93464622485824655, 15.99833212799901183 ) ) ;
#4609 = VERTEX_POINT ( 'NONE', #2997 ) ;
#4610 = DIRECTION ( 'NONE',  ( 1.000000000000000000, 7.375108878104640636E-16, -0.000000000000000000 ) ) ;
#4611 = DIRECTION ( 'NONE',  ( -0.000000000000000000, 1.000000000000000000, -0.000000000000000000 ) ) ;
#4612 = CARTESIAN_POINT ( 'NONE',  ( -5.337887297018019339, -3.884007349944944565, 18.31496121891910533 ) ) ;
#4613 = EDGE_CURVE ( 'NONE', #295, #7190, #3367, .T. ) ;
#4614 = ORIENTED_EDGE ( 'NONE', *, *, #1978, .T. ) ;
#4615 = ORIENTED_EDGE ( 'NONE', *, *, #4541, .T. ) ;
#4616 = CARTESIAN_POINT ( 'NONE',  ( 12.35161662307666575, 4.893171267556867932, 9.748332127999011831 ) ) ;
#4617 = EDGE_CURVE ( 'NONE', #5854, #322, #691, .T. ) ;
#4618 = ORIENTED_EDGE ( 'NONE', *, *, #5402, .F. ) ;
#4619 = EDGE_LOOP ( 'NONE', ( #1311, #4353, #2351 ) ) ;
#4620 = DIRECTION ( 'NONE',  ( -1.000000000000000000, 0.000000000000000000, 0.000000000000000000 ) ) ;
#4621 = CARTESIAN_POINT ( 'NONE',  ( -5.073557735825915849, -5.487850255025267465, 21.14831204908853124 ) ) ;
#4622 = CARTESIAN_POINT ( 'NONE',  ( 1.413965883628308662, -8.218325354206799105, 20.85542170632876946 ) ) ;
#4623 = EDGE_CURVE ( 'NONE', #2523, #3592, #3727, .T. ) ;
#4624 = VECTOR ( 'NONE', #7289, 1000.000000000000000 ) ;
#4625 = ORIENTED_EDGE ( 'NONE', *, *, #5373, .T. ) ;
#4626 = ORIENTED_EDGE ( 'NONE', *, *, #2551, .T. ) ;
#4627 = PLANE ( 'NONE',  #311 ) ;
#4628 = CARTESIAN_POINT ( 'NONE',  ( -0.3378948879941071071, -8.875294732441114220, 10.84837424699681918 ) ) ;
#4629 = DIRECTION ( 'NONE',  ( -4.216341781888073566E-16, 1.000000000000000000, 0.000000000000000000 ) ) ;
#4630 = CARTESIAN_POINT ( 'NONE',  ( 1.583246015787041161, 3.535889187281870516, 15.20666212800530559 ) ) ;
#4631 = DIRECTION ( 'NONE',  ( -1.020425574104003753E-16, 2.100016560088871314E-17, -1.000000000000000000 ) ) ;
#4632 = CARTESIAN_POINT ( 'NONE',  ( -3.088503982576106033, -8.873752814197143124, 9.286639979071601658 ) ) ;
#4633 = DIRECTION ( 'NONE',  ( 9.392764624727896197E-16, -1.000000000000000000, 0.000000000000000000 ) ) ;
#4634 = DIRECTION ( 'NONE',  ( -0.000000000000000000, 1.000000000000000000, -0.000000000000000000 ) ) ;
#4635 = LINE ( 'NONE', #7339, #5023 ) ;
#4636 = AXIS2_PLACEMENT_3D ( 'NONE', #2198, #908, #3207 ) ;
#4637 = CARTESIAN_POINT ( 'NONE',  ( -4.432384610162944938, 5.463343191038570801, 16.51732279180167495 ) ) ;
#4638 = AXIS2_PLACEMENT_3D ( 'NONE', #4103, #628, #2937 ) ;
#4639 = DIRECTION ( 'NONE',  ( 0.000000000000000000, 0.000000000000000000, 1.000000000000000000 ) ) ;
#4640 = CARTESIAN_POINT ( 'NONE',  ( -0.3378948879941071071, -8.875294732441114220, 10.84837424699681918 ) ) ;
#4641 = DIRECTION ( 'NONE',  ( -0.000000000000000000, -0.000000000000000000, -1.000000000000000000 ) ) ;
#4642 = CARTESIAN_POINT ( 'NONE',  ( 2.021704316544359337, -8.884007349944944565, 17.41499212799901031 ) ) ;
#4643 = VERTEX_POINT ( 'NONE', #5966 ) ;
#4644 = DIRECTION ( 'NONE',  ( 1.000000000000000000, 0.000000000000000000, 0.000000000000000000 ) ) ;
#4645 = CIRCLE ( 'NONE', #2126, 5.000000000000000000 ) ;
#4646 = CARTESIAN_POINT ( 'NONE',  ( -5.337894887994159454, 4.424946075272210066, 16.51502578731737003 ) ) ;
#4647 = LINE ( 'NONE', #7419, #5788 ) ;
#4648 = ORIENTED_EDGE ( 'NONE', *, *, #5950, .T. ) ;
#4649 = CIRCLE ( 'NONE', #2968, 0.8999999999999998002 ) ;
#4650 = ORIENTED_EDGE ( 'NONE', *, *, #6339, .T. ) ;
#4651 = DIRECTION ( 'NONE',  ( -1.000000000000000000, 0.000000000000000000, 0.000000000000000000 ) ) ;
#4652 = ADVANCED_FACE ( 'NONE', ( #1413 ), #3672, .F. ) ;
#4653 = ORIENTED_EDGE ( 'NONE', *, *, #1590, .T. ) ;
#4654 = AXIS2_PLACEMENT_3D ( 'NONE', #1082, #4552, #2102 ) ;
#4655 = B_SPLINE_SURFACE_WITH_KNOTS ( 'NONE', 3, 1, ( 
 ( #644, #6262 ),
 ( #5742, #4011 ),
 ( #6297, #1146 ),
 ( #575, #532 ),
 ( #684, #5247 ) ),
 .UNSPECIFIED., .F., .F., .F.,
 ( 4, 1, 4 ),
 ( 2, 2 ),
 ( 0.000000000000000000, 0.3777526420860334855, 1.000000000000000000 ),
 ( 0.000000000000000000, 1.000000000000000000 ),
 .UNSPECIFIED. ) ;
#4656 = ORIENTED_EDGE ( 'NONE', *, *, #2229, .F. ) ;
#4657 = CARTESIAN_POINT ( 'NONE',  ( 1.979597979144388509, 3.341785174100088351, 17.90529413416765792 ) ) ;
#4658 = CARTESIAN_POINT ( 'NONE',  ( -5.337894887994158566, 4.456773848707507923, 19.34837200983966099 ) ) ;
#4659 = VECTOR ( 'NONE', #7390, 1000.000000000000000 ) ;
#4660 =( BOUNDED_CURVE ( )  B_SPLINE_CURVE ( 3, ( #421, #4469, #6112, #355 ),
 .UNSPECIFIED., .F., .F. ) 
 B_SPLINE_CURVE_WITH_KNOTS ( ( 4, 4 ),
 ( 0.000000000000000000, 0.7591556287462672969 ),
 .UNSPECIFIED. ) 
 CURVE ( )  GEOMETRIC_REPRESENTATION_ITEM ( )  RATIONAL_B_SPLINE_CURVE ( ( 1.000000000000000000, 0.9525474333998913412, 0.9525474333998913412, 1.000000000000000000 ) ) 
 REPRESENTATION_ITEM ( '' )  );
#4661 = ORIENTED_EDGE ( 'NONE', *, *, #2562, .T. ) ;
#4662 = VECTOR ( 'NONE', #2636, 1000.000000000000227 ) ;
#4663 = CARTESIAN_POINT ( 'NONE',  ( 3.720693331971124618, 4.840245285879309023, 9.748332127999011831 ) ) ;
#4664 = DIRECTION ( 'NONE',  ( -0.000000000000000000, 0.000000000000000000, 1.000000000000000000 ) ) ;
#4665 = EDGE_CURVE ( 'NONE', #3826, #6276, #2469, .T. ) ;
#4666 = VECTOR ( 'NONE', #1656, 1000.000000000000227 ) ;
#4667 = CARTESIAN_POINT ( 'NONE',  ( 12.22069333197112329, 11.72974728436562408, 22.24833212799901361 ) ) ;
#4668 = LINE ( 'NONE', #1199, #7399 ) ;
#4669 = UNCERTAINTY_MEASURE_WITH_UNIT (LENGTH_MEASURE( 1.000000000000000082E-05 ), #7035, 'distance_accuracy_value', 'NONE');
#4670 = CARTESIAN_POINT ( 'NONE',  ( -4.250801132004041527, 5.459806955036923704, 21.86710026512398741 ) ) ;
#4671 = DIRECTION ( 'NONE',  ( -0.000000000000000000, -0.000000000000000000, 1.000000000000000000 ) ) ;
#4672 = CARTESIAN_POINT ( 'NONE',  ( -4.128854620687912202, 5.372591876360418794, 11.74833212799901183 ) ) ;
#4673 = CARTESIAN_POINT ( 'NONE',  ( -0.3025607775276020761, -8.872004039688025756, 24.99666425599802366 ) ) ;
#4674 = ADVANCED_FACE ( 'NONE', ( #7157 ), #2016, .F. ) ;
#4675 = ORIENTED_EDGE ( 'NONE', *, *, #1261, .F. ) ;
#4676 = EDGE_CURVE ( 'NONE', #3075, #2167, #808, .T. ) ;
#4677 = CARTESIAN_POINT ( 'NONE',  ( -4.116590141842817019, 5.432186586728145805, 21.14626313555732651 ) ) ;
#4678 = AXIS2_PLACEMENT_3D ( 'NONE', #2676, #3840, #4967 ) ;
#4679 = CARTESIAN_POINT ( 'NONE',  ( 1.583246015799837147, -8.875294732441114220, 20.24832212799901399 ) ) ;
#4680 = ADVANCED_FACE ( 'NONE', ( #2433 ), #6748, .T. ) ;
#4681 = ADVANCED_FACE ( 'NONE', ( #954 ), #1528, .F. ) ;
#4682 = CARTESIAN_POINT ( 'NONE',  ( 2.036631926890818178, 3.296651896735200982, 15.01185535856430420 ) ) ;
#4683 = CARTESIAN_POINT ( 'NONE',  ( -0.3304283836614452796, -8.875294732441114220, 21.14827995495327073 ) ) ;
#4684 = ADVANCED_FACE ( 'NONE', ( #3327 ), #2170, .T. ) ;
#4685 = CARTESIAN_POINT ( 'NONE',  ( 1.040493752103467173, -8.039391438412163637, 12.06891935669696458 ) ) ;
#4686 = CARTESIAN_POINT ( 'NONE',  ( -5.337894887994158566, 4.393118539265072009, 10.84836310002468984 ) ) ;
#4687 = CARTESIAN_POINT ( 'NONE',  ( -4.855142743477020240, 5.325173626122778892, 15.47971007702953017 ) ) ;
#4688 = ORIENTED_EDGE ( 'NONE', *, *, #6207, .F. ) ;
#4689 = CARTESIAN_POINT ( 'NONE',  ( 4.410365631536292241, 3.729747284365623194, 8.748332127999011831 ) ) ;
#4690 = TOROIDAL_SURFACE ( 'NONE', #1435, 5.000000000000001776, 0.8999999999999998002 ) ;
#4691 = CARTESIAN_POINT ( 'NONE',  ( 21.28395385150157182, 21.28510420304709072, 24.99666425599802366 ) ) ;
#4692 = DIRECTION ( 'NONE',  ( 0.000000000000000000, 0.000000000000000000, -1.000000000000000000 ) ) ;
#4693 = B_SPLINE_CURVE_WITH_KNOTS ( 'NONE', 3,
 ( #4375, #7218, #3764, #6171, #1512 ),
 .UNSPECIFIED., .F., .F.,
 ( 4, 1, 4 ),
 ( 0.000000000000000000, 0.6222473579139662370, 1.000000000000000000 ),
 .UNSPECIFIED. ) ;
#4694 = ORIENTED_EDGE ( 'NONE', *, *, #2818, .F. ) ;
#4695 = ORIENTED_EDGE ( 'NONE', *, *, #4095, .T. ) ;
#4696 = CARTESIAN_POINT ( 'NONE',  ( 15.57106778315772821, -8.873752814197141348, 9.250000000000000000 ) ) ;
#4697 = AXIS2_PLACEMENT_3D ( 'NONE', #6578, #7132, #1985 ) ;
#4698 = ORIENTED_EDGE ( 'NONE', *, *, #2555, .F. ) ;
#4699 = ORIENTED_EDGE ( 'NONE', *, *, #3790, .T. ) ;
#4700 = CARTESIAN_POINT ( 'NONE',  ( 2.021704316544359337, -8.884007349944944565, 17.41499212799901031 ) ) ;
#4701 = CARTESIAN_POINT ( 'NONE',  ( 2.720693331971123730, 4.025086560482840525, 19.41461580751000682 ) ) ;
#4702 = ORIENTED_EDGE ( 'NONE', *, *, #1817, .T. ) ;
#4703 = FACE_OUTER_BOUND ( 'NONE', #29, .T. ) ;
#4704 = DIRECTION ( 'NONE',  ( 0.000000000000000000, 0.000000000000000000, -1.000000000000000000 ) ) ;
#4705 = CARTESIAN_POINT ( 'NONE',  ( 0.9582460157998368144, 3.406815019553060875, 17.41499212799901031 ) ) ;
#4706 = VECTOR ( 'NONE', #5996, 1000.000000000000000 ) ;
#4707 = DIRECTION ( 'NONE',  ( -0.000000000000000000, 1.000000000000000000, -0.000000000000000000 ) ) ;
#4708 = ORIENTED_EDGE ( 'NONE', *, *, #7337, .F. ) ;
#4709 = DIRECTION ( 'NONE',  ( 1.000000000000000000, -0.000000000000000000, -0.000000000000000000 ) ) ;
#4710 = DIRECTION ( 'NONE',  ( -0.000000000000000000, 0.000000000000000000, -1.000000000000000000 ) ) ;
#4711 = ADVANCED_FACE ( 'NONE', ( #3291 ), #3580, .F. ) ;
#4712 = CARTESIAN_POINT ( 'NONE',  ( -5.304443363323905203, -4.537983515093833908, 12.64831051466361345 ) ) ;
#4713 = EDGE_CURVE ( 'NONE', #2531, #6343, #2617, .T. ) ;
#4714 = VECTOR ( 'NONE', #2580, 1000.000000000000000 ) ;
#4715 = ORIENTED_EDGE ( 'NONE', *, *, #6951, .T. ) ;
#4716 = DIRECTION ( 'NONE',  ( -0.9794733370953440099, 0.2015737629735344927, 0.000000000000000000 ) ) ;
#4717 = DIRECTION ( 'NONE',  ( 1.000000000000000000, 0.000000000000000000, 0.000000000000000000 ) ) ;
#4718 = FACE_OUTER_BOUND ( 'NONE', #3896, .T. ) ;
#4719 = CARTESIAN_POINT ( 'NONE',  ( -4.116590141842817019, 5.432186586728145805, 19.35038112044069791 ) ) ;
#4720 = CARTESIAN_POINT ( 'NONE',  ( 19.40529669821110303, 5.436247185802859150, 6.999999999999999112 ) ) ;
#4721 = EDGE_CURVE ( 'NONE', #4910, #3156, #6784, .T. ) ;
#4722 = DIRECTION ( 'NONE',  ( 0.9794733370953438989, -0.2015737629735347147, -0.000000000000000000 ) ) ;
#4723 = EDGE_CURVE ( 'NONE', #3660, #7228, #6473, .T. ) ;
#4724 = DIRECTION ( 'NONE',  ( 1.000000000000000000, 0.000000000000000000, 0.000000000000000000 ) ) ;
#4725 = ORIENTED_EDGE ( 'NONE', *, *, #1128, .T. ) ;
#4726 = CARTESIAN_POINT ( 'NONE',  ( -5.337887297018019339, -3.884007349944944565, 21.14829121891910546 ) ) ;
#4727 = CARTESIAN_POINT ( 'NONE',  ( -5.337894887994158566, 4.393118539265072009, 18.31496115597333585 ) ) ;
#4728 = DIRECTION ( 'NONE',  ( -0.000000000000000000, -0.000000000000000000, 1.000000000000000000 ) ) ;
#4729 = CARTESIAN_POINT ( 'NONE',  ( 16.14363185568497983, 21.28510420304709072, 24.99666425599802366 ) ) ;
#4730 = ORIENTED_EDGE ( 'NONE', *, *, #4118, .F. ) ;
#4731 = ORIENTED_EDGE ( 'NONE', *, *, #6452, .T. ) ;
#4732 = LINE ( 'NONE', #5398, #3562 ) ;
#4733 = ORIENTED_EDGE ( 'NONE', *, *, #3396, .F. ) ;
#4734 = EDGE_LOOP ( 'NONE', ( #5591, #5695, #4170, #1447, #2556, #3595 ) ) ;
#4735 = CARTESIAN_POINT ( 'NONE',  ( 1.519119568997588710, 4.272368171650648527, 10.74833212799901538 ) ) ;
#4736 = CARTESIAN_POINT ( 'NONE',  ( -1.953089181917822437, -8.618377264427518725, 21.14830340622448546 ) ) ;
#4737 = EDGE_CURVE ( 'NONE', #4177, #2174, #5143, .T. ) ;
#4738 = ORIENTED_EDGE ( 'NONE', *, *, #3837, .F. ) ;
#4739 = CARTESIAN_POINT ( 'NONE',  ( 1.583246015799837147, -12.57799432079165314, 14.58166212799901373 ) ) ;
#4740 = LINE ( 'NONE', #2933, #6342 ) ;
#4741 = CARTESIAN_POINT ( 'NONE',  ( 1.417719702571786700, 3.552573535720909170, 18.02326879009707383 ) ) ;
#4742 = CIRCLE ( 'NONE', #2452, 2.500000000000000444 ) ;
#4743 = CARTESIAN_POINT ( 'NONE',  ( 13.22069333197112329, 5.250879958317716145, 10.88004153111581473 ) ) ;
#4744 = VERTEX_POINT ( 'NONE', #2088 ) ;
#4745 = DIRECTION ( 'NONE',  ( 1.000000000000000000, 0.000000000000000000, 0.000000000000000000 ) ) ;
#4746 = DIRECTION ( 'NONE',  ( 0.000000000000000000, -0.000000000000000000, 1.000000000000000000 ) ) ;
#4747 = CARTESIAN_POINT ( 'NONE',  ( 12.22069333197111973, 4.839283735452746704, 8.748332127999011831 ) ) ;
#4748 = VERTEX_POINT ( 'NONE', #7311 ) ;
#4749 = DIRECTION ( 'NONE',  ( -0.2015737629735342984, -0.9794733370953438989, 0.000000000000000000 ) ) ;
#4750 = DIRECTION ( 'NONE',  ( 0.000000000000000000, -1.000000000000000000, -0.000000000000000000 ) ) ;
#4751 = TOROIDAL_SURFACE ( 'NONE', #1142, 5.000000000000001776, 0.8999999999999998002 ) ;
#4752 = EDGE_CURVE ( 'NONE', #4831, #2563, #1381, .T. ) ;
#4753 = CARTESIAN_POINT ( 'NONE',  ( 1.899295661110431466, -8.166727367320568476, 16.86988704185017340 ) ) ;
#4754 = CARTESIAN_POINT ( 'NONE',  ( -5.337892357666857102, -3.881103147417413801, 21.14829117697661687 ) ) ;
#4755 = DIRECTION ( 'NONE',  ( -1.000000000000000000, 0.000000000000000000, 0.000000000000000000 ) ) ;
#4756 = CARTESIAN_POINT ( 'NONE',  ( 12.22069333197112151, 11.72974728436562408, 10.74833212799901361 ) ) ;
#4757 = DIRECTION ( 'NONE',  ( 1.000000000000000000, 0.000000000000000000, 0.000000000000000000 ) ) ;
#4758 = VERTEX_POINT ( 'NONE', #6713 ) ;
#4759 = DIRECTION ( 'NONE',  ( 1.000000000000000000, 0.000000000000000000, 0.000000000000000000 ) ) ;
#4760 = CARTESIAN_POINT ( 'NONE',  ( 3.720693331971123730, 4.840245285879309911, 22.24833212799901005 ) ) ;
#4761 = FACE_OUTER_BOUND ( 'NONE', #6867, .T. ) ;
#4762 = ORIENTED_EDGE ( 'NONE', *, *, #2559, .T. ) ;
#4763 = ORIENTED_EDGE ( 'NONE', *, *, #7384, .F. ) ;
#4764 = CARTESIAN_POINT ( 'NONE',  ( -0.3378948879941183758, -8.875294732441114220, 7.998332127999012719 ) ) ;
#4765 = ADVANCED_FACE ( 'NONE', ( #1569 ), #6150, .F. ) ;
#4766 = ORIENTED_EDGE ( 'NONE', *, *, #1228, .T. ) ;
#4767 = AXIS2_PLACEMENT_3D ( 'NONE', #5831, #1734, #1846 ) ;
#4768 = ORIENTED_EDGE ( 'NONE', *, *, #1495, .T. ) ;
#4769 = CARTESIAN_POINT ( 'NONE',  ( 2.298692365457714271, 4.111933562414345822, 12.35454546659603459 ) ) ;
#4770 = DIRECTION ( 'NONE',  ( 0.000000000000000000, 0.000000000000000000, 1.000000000000000000 ) ) ;
#4771 = ADVANCED_FACE ( 'NONE', ( #2205 ), #7168, .F. ) ;
#4772 = CIRCLE ( 'NONE', #1529, 0.9999999999999995559 ) ;
#4773 = ORIENTED_EDGE ( 'NONE', *, *, #2402, .T. ) ;
#4774 = CARTESIAN_POINT ( 'NONE',  ( 3.720693331971123285, 12.72974728436562231, 10.74833212799901361 ) ) ;
#4775 = EDGE_CURVE ( 'NONE', #295, #5954, #5586, .T. ) ;
#4776 = DIRECTION ( 'NONE',  ( -1.000000000000000000, 0.000000000000000000, 0.000000000000000000 ) ) ;
#4777 = CARTESIAN_POINT ( 'NONE',  ( 0.9750883371898647622, 3.415525464549294732, 17.58072021779549132 ) ) ;
#4778 = VECTOR ( 'NONE', #74, 999.9999999999998863 ) ;
#4779 = CARTESIAN_POINT ( 'NONE',  ( 13.19434884232604333, 5.240036665888112566, 11.01164925465630517 ) ) ;
#4780 = ORIENTED_EDGE ( 'NONE', *, *, #2111, .T. ) ;
#4781 = CARTESIAN_POINT ( 'NONE',  ( 0.9582460157974503900, -7.984007349943287757, 17.41499212799869767 ) ) ;
#4782 = CARTESIAN_POINT ( 'NONE',  ( -14.28307289072193598, 12.86592914530930720, 9.250000000000000000 ) ) ;
#4783 = B_SPLINE_CURVE_WITH_KNOTS ( 'NONE', 3,
 ( #5912, #3132, #6509, #5421, #116, #2415, #747, #3092, #1360, #7031 ),
 .UNSPECIFIED., .F., .F.,
 ( 4, 2, 2, 2, 4 ),
 ( 0.001542291938221310209, 0.001788277303140133447, 0.002034262668058956901, 0.002280248032977780139, 0.002526233397896603377 ),
 .UNSPECIFIED. ) ;
#4784 = DIRECTION ( 'NONE',  ( 0.9798072599803949734, 0.1999443254751453181, -0.000000000000000000 ) ) ;
#4785 = AXIS2_PLACEMENT_3D ( 'NONE', #3154, #7128, #5444 ) ;
#4786 = VERTEX_POINT ( 'NONE', #3215 ) ;
#4787 = PLANE ( 'NONE',  #4419 ) ;
#4788 = AXIS2_PLACEMENT_3D ( 'NONE', #5627, #3819, #4429 ) ;
#4789 = CARTESIAN_POINT ( 'NONE',  ( -0.3025607775276037414, -8.872004039688025756, 7.998332127999012719 ) ) ;
#4790 = CARTESIAN_POINT ( 'NONE',  ( 0.9760982891701166508, -7.996643645148536095, 17.24525061772877876 ) ) ;
#4791 = EDGE_CURVE ( 'NONE', #3295, #2547, #4660, .T. ) ;
#4792 = DIRECTION ( 'NONE',  ( 2.498001805406602216E-16, -1.000000000000000000, 0.000000000000000000 ) ) ;
#4793 = CARTESIAN_POINT ( 'NONE',  ( -6.337894887994158566, 4.456773848707507923, 9.250000000000000000 ) ) ;
#4794 = CARTESIAN_POINT ( 'NONE',  ( -5.337894887994159454, 4.424946075277855329, 10.84836578731736090 ) ) ;
#4795 = EDGE_LOOP ( 'NONE', ( #5834, #414, #6866, #7084, #3932, #4277 ) ) ;
#4796 = CARTESIAN_POINT ( 'NONE',  ( 2.036631926890818178, 3.296651896735200982, 12.17852535856430229 ) ) ;
#4797 = CARTESIAN_POINT ( 'NONE',  ( 2.511881617982152370, 4.068059616866932515, 22.99590490873625370 ) ) ;
#4798 = CARTESIAN_POINT ( 'NONE',  ( 1.675288848723323065, 3.516946946089085646, 13.95666212799901196 ) ) ;
#4799 = EDGE_LOOP ( 'NONE', ( #1684, #2663, #4115, #4183, #4862, #5409, #213, #1119, #319, #2472, #2216, #1677, #2689, #6419, #5568, #6302, #4284, #2050, #4315, #4204, #3049, #3745, #6391, #6819, #5024, #6790, #579, #3753, #7201, #3690, #6907, #4907, #5182, #576, #2040, #1477 ) ) ;
#4800 = VERTEX_POINT ( 'NONE', #2655 ) ;
#4801 = LINE ( 'NONE', #4274, #3448 ) ;
#4802 = B_SPLINE_CURVE_WITH_KNOTS ( 'NONE', 3,
 ( #6028, #5014, #3311, #4969 ),
 .UNSPECIFIED., .F., .F.,
 ( 4, 4 ),
 ( 0.0002416536741658051432, 0.0008896110838781268876 ),
 .UNSPECIFIED. ) ;
#4803 = CARTESIAN_POINT ( 'NONE',  ( 1.037821602741807236, 3.445207956239864089, 11.43252577981446549 ) ) ;
#4804 = ORIENTED_EDGE ( 'NONE', *, *, #2385, .T. ) ;
#4805 = EDGE_LOOP ( 'NONE', ( #3160, #6527, #3767, #1304 ) ) ;
#4806 = CARTESIAN_POINT ( 'NONE',  ( 3.389384513984938341, 3.887471178090806667, 11.72460994446762683 ) ) ;
#4807 = DIRECTION ( 'NONE',  ( -0.000000000000000000, -0.000000000000000000, 1.000000000000000000 ) ) ;
#4808 = EDGE_CURVE ( 'NONE', #4158, #6231, #7234, .T. ) ;
#4809 = EDGE_CURVE ( 'NONE', #1407, #2547, #4975, .T. ) ;
#4810 = VERTEX_POINT ( 'NONE', #1710 ) ;
#4811 = CYLINDRICAL_SURFACE ( 'NONE', #4287, 5.000000000000000000 ) ;
#4812 = EDGE_CURVE ( 'NONE', #2087, #2203, #5502, .T. ) ;
#4813 = PLANE ( 'NONE',  #2619 ) ;
#4814 = CYLINDRICAL_SURFACE ( 'NONE', #3328, 5.000000000000000000 ) ;
#4815 = DIRECTION ( 'NONE',  ( 0.000000000000000000, 0.000000000000000000, -1.000000000000000000 ) ) ;
#4816 = ORIENTED_EDGE ( 'NONE', *, *, #2226, .F. ) ;
#4817 = DIRECTION ( 'NONE',  ( 0.000000000000000000, 0.000000000000000000, -1.000000000000000000 ) ) ;
#4818 = LINE ( 'NONE', #2558, #788 ) ;
#4819 = CARTESIAN_POINT ( 'NONE',  ( 2.720693331971123730, 4.135748854566156041, 19.94229733899906876 ) ) ;
#4820 = ORIENTED_EDGE ( 'NONE', *, *, #3149, .T. ) ;
#4821 = ORIENTED_EDGE ( 'NONE', *, *, #1355, .T. ) ;
#4822 = DIRECTION ( 'NONE',  ( 0.000000000000000000, 0.000000000000000000, -1.000000000000000000 ) ) ;
#4823 = VECTOR ( 'NONE', #4631, 1000.000000000000000 ) ;
#4824 = CARTESIAN_POINT ( 'NONE',  ( 0.9582460157998368144, 3.406815019553060875, 20.24832212799901399 ) ) ;
#4825 = AXIS2_PLACEMENT_3D ( 'NONE', #6310, #4664, #1159 ) ;
#4826 = ADVANCED_FACE ( 'NONE', ( #5739 ), #1294, .F. ) ;
#4827 = LINE ( 'NONE', #1963, #2272 ) ;
#4828 = DIRECTION ( 'NONE',  ( -0.2588112339506885018, -0.9659279192470429098, 0.000000000000000000 ) ) ;
#4829 = CYLINDRICAL_SURFACE ( 'NONE', #316, 0.9000000000000000222 ) ;
#4830 = AXIS2_PLACEMENT_3D ( 'NONE', #5544, #3208, #4942 ) ;
#4831 = VERTEX_POINT ( 'NONE', #5099 ) ;
#4832 = DIRECTION ( 'NONE',  ( -0.000000000000000000, -0.000000000000000000, -1.000000000000000000 ) ) ;
#4833 = CARTESIAN_POINT ( 'NONE',  ( 2.720693331971123730, 5.251841508744289122, 21.37925541899559079 ) ) ;
#4834 = FACE_OUTER_BOUND ( 'NONE', #6829, .T. ) ;
#4835 = ORIENTED_EDGE ( 'NONE', *, *, #4276, .T. ) ;
#4836 = CARTESIAN_POINT ( 'NONE',  ( 13.02036017059259976, 5.168423585781124707, 10.13378540424739604 ) ) ;
#4837 = CARTESIAN_POINT ( 'NONE',  ( 1.038255222641245146, 3.445410028235290856, 14.89837429570374283 ) ) ;
#4838 = ORIENTED_EDGE ( 'NONE', *, *, #3116, .T. ) ;
#4839 = ORIENTED_EDGE ( 'NONE', *, *, #6810, .T. ) ;
#4840 = CARTESIAN_POINT ( 'NONE',  ( 1.924479652105903549, 4.188945832096495181, 11.98384310880125092 ) ) ;
#4841 = CARTESIAN_POINT ( 'NONE',  ( 1.583246015787041383, 3.535889187281870516, 18.03999212800530572 ) ) ;
#4842 = EDGE_CURVE ( 'NONE', #6738, #476, #4309, .T. ) ;
#4843 = ADVANCED_FACE ( 'NONE', ( #573 ), #4009, .F. ) ;
#4844 = ORIENTED_EDGE ( 'NONE', *, *, #6535, .F. ) ;
#4845 = LINE ( 'NONE', #7126, #795 ) ;
#4846 = VERTEX_POINT ( 'NONE', #530 ) ;
#4847 = CARTESIAN_POINT ( 'NONE',  ( -0.3378948879941071071, -8.875294732441114220, 13.68170424699681931 ) ) ;
#4848 = CARTESIAN_POINT ( 'NONE',  ( 12.22069333197112329, 4.839283735452748481, 22.24833212799901361 ) ) ;
#4849 = AXIS2_PLACEMENT_3D ( 'NONE', #4642, #1634, #1708 ) ;
#4850 = ORIENTED_EDGE ( 'NONE', *, *, #7174, .T. ) ;
#4851 = CARTESIAN_POINT ( 'NONE',  ( -5.337894887994158566, 4.393118539265072009, 10.84836310002468984 ) ) ;
#4852 = DIRECTION ( 'NONE',  ( -1.000000000000000000, 0.000000000000000000, 0.000000000000000000 ) ) ;
#4853 = CARTESIAN_POINT ( 'NONE',  ( 3.704026288812423573, 4.829747284377331695, 11.74833212799901183 ) ) ;
#4854 = ORIENTED_EDGE ( 'NONE', *, *, #6096, .F. ) ;
#4855 = EDGE_LOOP ( 'NONE', ( #3701, #3629, #6825, #2650 ) ) ;
#4856 = CARTESIAN_POINT ( 'NONE',  ( -12.40663181555144767, -13.37191528868327772, 9.250000000000000000 ) ) ;
#4857 = CYLINDRICAL_SURFACE ( 'NONE', #4132, 0.8999999999999998002 ) ;
#4858 = PLANE ( 'NONE',  #3189 ) ;
#4859 = CARTESIAN_POINT ( 'NONE',  ( 1.086734128815990852, -8.069294384771511730, 17.80271303639685954 ) ) ;
#4860 = CARTESIAN_POINT ( 'NONE',  ( 16.28395385150157182, -3.875294732441113332, 23.99833212799901005 ) ) ;
#4861 = DIRECTION ( 'NONE',  ( 1.000000000000000000, 9.714451465470117757E-16, 0.000000000000000000 ) ) ;
#4862 = ORIENTED_EDGE ( 'NONE', *, *, #2034, .T. ) ;
#4863 = CARTESIAN_POINT ( 'NONE',  ( 1.519119568997589376, 4.272368171650646751, 21.24833212799901716 ) ) ;
#4864 = CARTESIAN_POINT ( 'NONE',  ( 16.40811827848401805, -8.873752814197141348, 6.998332127999012719 ) ) ;
#4865 = DIRECTION ( 'NONE',  ( 0.000000000000000000, -0.000000000000000000, -1.000000000000000000 ) ) ;
#4866 = ORIENTED_EDGE ( 'NONE', *, *, #3899, .F. ) ;
#4867 = DIRECTION ( 'NONE',  ( 1.000000000000000000, -0.000000000000000000, 0.000000000000000000 ) ) ;
#4868 = DIRECTION ( 'NONE',  ( -0.000000000000000000, -0.000000000000000000, -1.000000000000000000 ) ) ;
#4869 = ORIENTED_EDGE ( 'NONE', *, *, #2190, .F. ) ;
#4870 = VERTEX_POINT ( 'NONE', #1109 ) ;
#4871 = DIRECTION ( 'NONE',  ( 0.000000000000000000, -0.000000000000000000, 1.000000000000000000 ) ) ;
#4872 = CARTESIAN_POINT ( 'NONE',  ( 2.208246015799835149, 4.130547250359976275, 12.64627313555732968 ) ) ;
#4873 = EDGE_CURVE ( 'NONE', #291, #2592, #5151, .T. ) ;
#4874 = VERTEX_POINT ( 'NONE', #3483 ) ;
#4875 = VECTOR ( 'NONE', #2590, 1000.000000000000000 ) ;
#4876 = EDGE_LOOP ( 'NONE', ( #5283, #1152, #1864, #5786, #1863, #4590 ) ) ;
#4877 = CARTESIAN_POINT ( 'NONE',  ( -0.3020922099672417871, -8.873752814197141348, 24.99666425599802366 ) ) ;
#4878 = EDGE_LOOP ( 'NONE', ( #222, #7061, #5931, #1566 ) ) ;
#4879 = CARTESIAN_POINT ( 'NONE',  ( -5.444325484127893411, 5.761958049903450174, 9.283352559633243573 ) ) ;
#4880 = DIRECTION ( 'NONE',  ( -0.2588112339506885018, 0.9659279192470429098, -0.000000000000000000 ) ) ;
#4881 = ORIENTED_EDGE ( 'NONE', *, *, #6595, .F. ) ;
#4882 = CARTESIAN_POINT ( 'NONE',  ( -5.330428383661446112, -3.884007349944944565, 13.68166212799901338 ) ) ;
#4883 = DIRECTION ( 'NONE',  ( -0.000000000000000000, -0.000000000000000000, -1.000000000000000000 ) ) ;
#4884 = AXIS2_PLACEMENT_3D ( 'NONE', #1857, #1893, #4724 ) ;
#4885 = ORIENTED_EDGE ( 'NONE', *, *, #1455, .F. ) ;
#4886 = VERTEX_POINT ( 'NONE', #48 ) ;
#4887 = DIRECTION ( 'NONE',  ( 0.000000000000000000, 0.000000000000000000, -1.000000000000000000 ) ) ;
#4888 = LINE ( 'NONE', #6622, #5915 ) ;
#4889 = AXIS2_PLACEMENT_3D ( 'NONE', #6477, #679, #1367 ) ;
#4890 = CARTESIAN_POINT ( 'NONE',  ( -4.330428383661447000, 4.393118539265072897, 17.41499212799901031 ) ) ;
#4891 = CARTESIAN_POINT ( 'NONE',  ( 1.762631749864692399, 3.477864650872939389, 19.64388554123635799 ) ) ;
#4892 = ADVANCED_FACE ( 'NONE', ( #640 ), #2259, .F. ) ;
#4893 = VECTOR ( 'NONE', #6883, 1000.000000000000000 ) ;
#4894 = CARTESIAN_POINT ( 'NONE',  ( -0.3304283836614452796, -8.875294732441112444, 21.14827995495327073 ) ) ;
#4895 =( BOUNDED_CURVE ( )  B_SPLINE_CURVE ( 3, ( #3300, #6194, #3983, #5038 ),
 .UNSPECIFIED., .F., .F. ) 
 B_SPLINE_CURVE_WITH_KNOTS ( ( 4, 4 ),
 ( 0.000000000000000000, 1.160137878129374300 ),
 .UNSPECIFIED. ) 
 CURVE ( )  GEOMETRIC_REPRESENTATION_ITEM ( )  RATIONAL_B_SPLINE_CURVE ( ( 1.000000000000000000, 0.8909499117799362100, 0.8909499117799362100, 1.000000000000000000 ) ) 
 REPRESENTATION_ITEM ( '' )  );
#4896 = CARTESIAN_POINT ( 'NONE',  ( -5.337887297018019339, -3.884007349944944565, 15.48163121891910521 ) ) ;
#4897 = EDGE_CURVE ( 'NONE', #1010, #1456, #2311, .T. ) ;
#4898 = AXIS2_PLACEMENT_3D ( 'NONE', #1747, #6969, #6933 ) ;
#4899 = ADVANCED_FACE ( 'NONE', ( #5810 ), #3518, .F. ) ;
#4900 = ADVANCED_FACE ( 'NONE', ( #5133 ), #5661, .F. ) ;
#4901 = ORIENTED_EDGE ( 'NONE', *, *, #2709, .T. ) ;
#4902 = CARTESIAN_POINT ( 'NONE',  ( 2.298692365457717823, 4.111933562414344934, 19.64211878940203704 ) ) ;
#4903 = AXIS2_PLACEMENT_3D ( 'NONE', #2365, #3604, #7021 ) ;
#4904 = CARTESIAN_POINT ( 'NONE',  ( 1.519119569005692894, 4.272368171648980528, 21.51017870999244863 ) ) ;
#4905 = EDGE_CURVE ( 'NONE', #4964, #2391, #5244, .T. ) ;
#4906 = FACE_OUTER_BOUND ( 'NONE', #1493, .T. ) ;
#4907 = ORIENTED_EDGE ( 'NONE', *, *, #3476, .T. ) ;
#4908 = LINE ( 'NONE', #3249, #2251 ) ;
#4909 = CARTESIAN_POINT ( 'NONE',  ( 1.501994186416536259, 3.552610660313298752, 13.95666212799901018 ) ) ;
#4910 = VERTEX_POINT ( 'NONE', #4689 ) ;
#4911 = ORIENTED_EDGE ( 'NONE', *, *, #4439, .F. ) ;
#4912 = CARTESIAN_POINT ( 'NONE',  ( 13.22069333197112506, 5.250879958319428553, 21.24833212799901361 ) ) ;
#4913 = VECTOR ( 'NONE', #4489, 1000.000000000000000 ) ;
#4914 = DIRECTION ( 'NONE',  ( -0.2015737629735344649, -0.9794733370953438989, 0.000000000000000000 ) ) ;
#4915 = EDGE_LOOP ( 'NONE', ( #2020, #5081, #3854 ) ) ;
#4916 = VERTEX_POINT ( 'NONE', #3933 ) ;
#4917 = PLANE ( 'NONE',  #71 ) ;
#4918 = VERTEX_POINT ( 'NONE', #496 ) ;
#4919 = CARTESIAN_POINT ( 'NONE',  ( -5.337887297018019339, -3.884007349944944565, 16.51502303707891883 ) ) ;
#4920 = CARTESIAN_POINT ( 'NONE',  ( 1.583246015799837147, -12.57799432079165314, 17.41499212799901031 ) ) ;
#4921 = CARTESIAN_POINT ( 'NONE',  ( 1.751084036740373495, -8.218663944361779272, 12.35576880307108283 ) ) ;
#4922 = EDGE_LOOP ( 'NONE', ( #501, #3861, #5437, #5400, #3368, #7135, #2023, #1750 ) ) ;
#4923 = CARTESIAN_POINT ( 'NONE',  ( 0.000000000000000000, 0.000000000000000000, 23.99833212799901005 ) ) ;
#4924 = CARTESIAN_POINT ( 'NONE',  ( -3.641216819981794028, -7.642802912008153093, 12.64833098005152578 ) ) ;
#4925 = VERTEX_POINT ( 'NONE', #7381 ) ;
#4926 = ORIENTED_EDGE ( 'NONE', *, *, #6237, .F. ) ;
#4927 = FACE_OUTER_BOUND ( 'NONE', #3447, .T. ) ;
#4928 = DIRECTION ( 'NONE',  ( 0.000000000000000000, 0.000000000000000000, -1.000000000000000000 ) ) ;
#4929 = CARTESIAN_POINT ( 'NONE',  ( 3.611428376179201649, 4.742396666897583657, 11.75165349532703374 ) ) ;
#4930 = EDGE_CURVE ( 'NONE', #5868, #2361, #6894, .T. ) ;
#4931 = FACE_OUTER_BOUND ( 'NONE', #59, .T. ) ;
#4932 = LINE ( 'NONE', #1591, #3843 ) ;
#4933 = EDGE_CURVE ( 'NONE', #2891, #6692, #7411, .T. ) ;
#4934 = CARTESIAN_POINT ( 'NONE',  ( 3.682063166385455055, 4.815914780310362353, 20.24833212799901361 ) ) ;
#4935 = AXIS2_PLACEMENT_3D ( 'NONE', #1995, #407, #7296 ) ;
#4936 = EDGE_LOOP ( 'NONE', ( #1316, #203, #3409, #5743, #6703, #3756, #6081 ) ) ;
#4937 = CARTESIAN_POINT ( 'NONE',  ( 3.274561833822303036, 3.911101468819453864, 19.24593832767986612 ) ) ;
#4938 = LINE ( 'NONE', #6142, #6670 ) ;
#4939 = EDGE_CURVE ( 'NONE', #5754, #4925, #3820, .T. ) ;
#4940 = ADVANCED_FACE ( 'NONE', ( #7038 ), #567, .F. ) ;
#4941 = AXIS2_PLACEMENT_3D ( 'NONE', #5058, #2163, #3362 ) ;
#4942 = DIRECTION ( 'NONE',  ( 0.000000000000000000, 0.000000000000000000, 1.000000000000000000 ) ) ;
#4943 = EDGE_LOOP ( 'NONE', ( #6751, #6265, #5959, #387, #6414, #4238 ) ) ;
#4944 = DIRECTION ( 'NONE',  ( 0.000000000000000000, 0.000000000000000000, 1.000000000000000000 ) ) ;
#4945 = CARTESIAN_POINT ( 'NONE',  ( 1.583246015799836259, 3.535889187275713219, 13.95666212799901196 ) ) ;
#4946 = VERTEX_POINT ( 'NONE', #3136 ) ;
#4947 = AXIS2_PLACEMENT_3D ( 'NONE', #4588, #2288, #4019 ) ;
#4948 = EDGE_LOOP ( 'NONE', ( #6408, #947, #3087, #5580 ) ) ;
#4949 = DIRECTION ( 'NONE',  ( 0.1999443254751452625, -0.9798072599803948624, 0.000000000000000000 ) ) ;
#4950 = LINE ( 'NONE', #5629, #7091 ) ;
#4951 = EDGE_LOOP ( 'NONE', ( #5507, #2215 ) ) ;
#4952 = AXIS2_PLACEMENT_3D ( 'NONE', #1292, #5458, #371 ) ;
#4953 = ORIENTED_EDGE ( 'NONE', *, *, #1160, .F. ) ;
#4954 = DIRECTION ( 'NONE',  ( -0.000000000000000000, -0.000000000000000000, -1.000000000000000000 ) ) ;
#4955 = ORIENTED_EDGE ( 'NONE', *, *, #4897, .F. ) ;
#4956 = B_SPLINE_CURVE_WITH_KNOTS ( 'NONE', 3,
 ( #5054, #6284, #2300, #7299, #7336, #3960, #2865, #4492, #7371, #1058, #2223, #2264, #5613, #4457, #5015, #5726, #6248, #3428, #451, #2156 ),
 .UNSPECIFIED., .F., .F.,
 ( 4, 2, 2, 2, 2, 2, 2, 2, 2, 4 ),
 ( 9.858096285126658558E-08, 0.0009753616761650894156, 0.001462993223766208360, 0.001950624771367327412, 0.002925887866569564649, 0.003901150961771801887, 0.004876414056974039991, 0.005851677152176278096, 0.006826940247378516201, 0.007802203342580754306 ),
 .UNSPECIFIED. ) ;
#4957 = CARTESIAN_POINT ( 'NONE',  ( -5.174509623811448300, -5.185035295802959077, 16.51500550544975354 ) ) ;
#4958 = FACE_OUTER_BOUND ( 'NONE', #4485, .T. ) ;
#4959 = CARTESIAN_POINT ( 'NONE',  ( -0.3378948879941071071, -8.875294732441114220, 19.34836424699681956 ) ) ;
#4960 = ADVANCED_FACE ( 'NONE', ( #5354 ), #3102, .F. ) ;
#4961 = ORIENTED_EDGE ( 'NONE', *, *, #2268, .T. ) ;
#4962 = CARTESIAN_POINT ( 'NONE',  ( 2.720693331963753625, 4.025086560484429477, 10.65061690379111781 ) ) ;
#4963 = CARTESIAN_POINT ( 'NONE',  ( -4.829193988312216135, -6.096846978685412921, 12.64832790417297659 ) ) ;
#4964 = VERTEX_POINT ( 'NONE', #3026 ) ;
#4965 = DIRECTION ( 'NONE',  ( -0.9794733370953440099, 0.2015737629735344927, 0.000000000000000000 ) ) ;
#4966 = CARTESIAN_POINT ( 'NONE',  ( 1.583246015799828044, -8.236415657594555739, 11.12333212799901183 ) ) ;
#4967 = DIRECTION ( 'NONE',  ( 0.000000000000000000, 0.000000000000000000, -1.000000000000000000 ) ) ;
#4968 = CARTESIAN_POINT ( 'NONE',  ( -12.91971069101993486, -13.84940126210495492, 24.99666425599802366 ) ) ;
#4969 = CARTESIAN_POINT ( 'NONE',  ( 2.720693331971122841, 4.025086560482840525, 12.58204844848802395 ) ) ;
#4970 = CARTESIAN_POINT ( 'NONE',  ( 1.197360756279695515, 3.508314779782196080, 19.75012894798231144 ) ) ;
#4971 = EDGE_CURVE ( 'NONE', #3558, #3482, #6515, .T. ) ;
#4972 = EDGE_LOOP ( 'NONE', ( #1867, #2880, #3750 ) ) ;
#4973 = CARTESIAN_POINT ( 'NONE',  ( 3.528944293650956521, 3.858750039004949617, 20.24648046751429931 ) ) ;
#4974 = CARTESIAN_POINT ( 'NONE',  ( -5.337894887994158566, 4.456773848707508812, 21.14827224615836698 ) ) ;
#4975 = B_SPLINE_CURVE_WITH_KNOTS ( 'NONE', 3,
 ( #1144, #3442, #2347, #2276, #6370, #4540 ),
 .UNSPECIFIED., .F., .F.,
 ( 4, 2, 4 ),
 ( 0.002526233397896602943, 0.002803602335833734176, 0.003080971273770865410 ),
 .UNSPECIFIED. ) ;
#4976 = CIRCLE ( 'NONE', #6740, 0.9000000000000000222 ) ;
#4977 = CARTESIAN_POINT ( 'NONE',  ( -0.3304283836614452796, -8.884007349944946341, 14.58166212799901373 ) ) ;
#4978 = VERTEX_POINT ( 'NONE', #4726 ) ;
#4979 = CARTESIAN_POINT ( 'NONE',  ( -4.828026495970161314, -6.098896013116121395, 13.68166633850839986 ) ) ;
#4980 = CARTESIAN_POINT ( 'NONE',  ( -0.4406843748671965266, -8.356503081941468736, 7.998332127999012719 ) ) ;
#4981 = ORIENTED_EDGE ( 'NONE', *, *, #6449, .F. ) ;
#4982 = ORIENTED_EDGE ( 'NONE', *, *, #6320, .T. ) ;
#4983 = CARTESIAN_POINT ( 'NONE',  ( 3.720693331971123730, 11.72974728436562408, 21.24833212799901716 ) ) ;
#4984 =( BOUNDED_CURVE ( )  B_SPLINE_CURVE ( 3, ( #3913, #3350, #7328, #2192 ),
 .UNSPECIFIED., .F., .F. ) 
 B_SPLINE_CURVE_WITH_KNOTS ( ( 4, 4 ),
 ( 3.141592653589793116, 6.283185307179586232 ),
 .UNSPECIFIED. ) 
 CURVE ( )  GEOMETRIC_REPRESENTATION_ITEM ( )  RATIONAL_B_SPLINE_CURVE ( ( 1.000000000000000000, 0.3333333333333333703, 0.3333333333333333703, 1.000000000000000000 ) ) 
 REPRESENTATION_ITEM ( '' )  );
#4985 = CARTESIAN_POINT ( 'NONE',  ( 21.28395385150157182, 4.456773848707507923, 6.999999999999999112 ) ) ;
#4986 = VECTOR ( 'NONE', #4883, 1000.000000000000000 ) ;
#4987 = CARTESIAN_POINT ( 'NONE',  ( -5.337894887994177218, 4.605939966993048529, 18.31484321038961482 ) ) ;
#4988 = ORIENTED_EDGE ( 'NONE', *, *, #4791, .T. ) ;
#4989 = ADVANCED_FACE ( 'NONE', ( #4195 ), #1402, .T. ) ;
#4990 = VERTEX_POINT ( 'NONE', #193 ) ;
#4991 = CARTESIAN_POINT ( 'NONE',  ( -0.3378948879941582883, -3.875294732441113332, 23.99833212799901005 ) ) ;
#4992 = EDGE_CURVE ( 'NONE', #7389, #7323, #7001, .T. ) ;
#4993 = ORIENTED_EDGE ( 'NONE', *, *, #755, .T. ) ;
#4994 = CARTESIAN_POINT ( 'NONE',  ( 4.410365631536280695, 6.229747284365624083, 23.24833212799901361 ) ) ;
#4995 = EDGE_CURVE ( 'NONE', #7310, #5551, #3086, .T. ) ;
#4996 = LINE ( 'NONE', #6613, #6699 ) ;
#4997 = AXIS2_PLACEMENT_3D ( 'NONE', #346, #6741, #3886 ) ;
#4998 = CARTESIAN_POINT ( 'NONE',  ( -14.28307289072193598, 12.86592914530930720, 24.99666425599802366 ) ) ;
#4999 = EDGE_CURVE ( 'NONE', #4052, #5027, #7294, .T. ) ;
#5000 = VECTOR ( 'NONE', #6844, 1000.000000000000000 ) ;
#5001 = EDGE_CURVE ( 'NONE', #19, #5745, #718, .T. ) ;
#5002 = VERTEX_POINT ( 'NONE', #2456 ) ;
#5003 = ORIENTED_EDGE ( 'NONE', *, *, #3016, .F. ) ;
#5004 = CARTESIAN_POINT ( 'NONE',  ( 13.22069333197112506, 4.829747284365623727, 19.14833212799901574 ) ) ;
#5005 = CARTESIAN_POINT ( 'NONE',  ( 11.53569333197113167, 6.229747284365624083, 23.24833212799901361 ) ) ;
#5006 = VERTEX_POINT ( 'NONE', #2986 ) ;
#5007 = AXIS2_PLACEMENT_3D ( 'NONE', #2147, #4368, #6127 ) ;
#5008 = LINE ( 'NONE', #3798, #7164 ) ;
#5009 = DIRECTION ( 'NONE',  ( 0.000000000000000000, 0.000000000000000000, -1.000000000000000000 ) ) ;
#5010 = EDGE_CURVE ( 'NONE', #3305, #6231, #1291, .T. ) ;
#5011 = CARTESIAN_POINT ( 'NONE',  ( 2.021704316544359337, -8.875294732441112444, 19.34836430104475369 ) ) ;
#5012 = CARTESIAN_POINT ( 'NONE',  ( 0.9582460157974503900, -7.984007349943287757, 17.41499212799869767 ) ) ;
#5013 = CIRCLE ( 'NONE', #1278, 0.8999999999999998002 ) ;
#5014 = CARTESIAN_POINT ( 'NONE',  ( 2.720693331971122841, 4.087427319325837693, 12.14998174406530396 ) ) ;
#5015 = CARTESIAN_POINT ( 'NONE',  ( -2.553668632915654158, -8.369294201029720881, 18.31498106985148411 ) ) ;
#5016 = VECTOR ( 'NONE', #1462, 1000.000000000000000 ) ;
#5017 = VERTEX_POINT ( 'NONE', #3587 ) ;
#5018 = CARTESIAN_POINT ( 'NONE',  ( 14.37021244413255161, 4.260693872395632908, 21.77182790673346346 ) ) ;
#5019 = DIRECTION ( 'NONE',  ( -0.000000000000000000, -0.000000000000000000, -1.000000000000000000 ) ) ;
#5020 = VECTOR ( 'NONE', #2703, 1000.000000000000000 ) ;
#5021 = B_SPLINE_CURVE_WITH_KNOTS ( 'NONE', 3,
 ( #1509, #3131, #2110, #681, #6585, #3762 ),
 .UNSPECIFIED., .F., .F.,
 ( 4, 2, 4 ),
 ( 1.939479807224432123E-18, 0.0002788428122627207998, 0.0005576856245254396480 ),
 .UNSPECIFIED. ) ;
#5022 = DIRECTION ( 'NONE',  ( 0.000000000000000000, 0.000000000000000000, -1.000000000000000000 ) ) ;
#5023 = VECTOR ( 'NONE', #5650, 1000.000000000000000 ) ;
#5024 = ORIENTED_EDGE ( 'NONE', *, *, #5683, .T. ) ;
#5025 = CARTESIAN_POINT ( 'NONE',  ( 1.498882927495584383, -8.236415657595513196, 15.20666212799901196 ) ) ;
#5026 = CARTESIAN_POINT ( 'NONE',  ( -6.337894887994158566, 4.456773848707507923, 9.250000000000000000 ) ) ;
#5027 = VERTEX_POINT ( 'NONE', #5429 ) ;
#5028 = VERTEX_POINT ( 'NONE', #5994 ) ;
#5029 = CARTESIAN_POINT ( 'NONE',  ( 4.664559717938744576, 3.284245707946895632, 8.748332127999011831 ) ) ;
#5030 = CARTESIAN_POINT ( 'NONE',  ( 2.036631926890818178, 3.296651896735200982, 20.67851535856430445 ) ) ;
#5031 = CARTESIAN_POINT ( 'NONE',  ( -5.337894887994158566, 4.393118539265072009, 15.48163115597333750 ) ) ;
#5032 = EDGE_LOOP ( 'NONE', ( #4821, #2047, #4050, #4534, #1725 ) ) ;
#5033 = ORIENTED_EDGE ( 'NONE', *, *, #4307, .F. ) ;
#5034 = CARTESIAN_POINT ( 'NONE',  ( -0.3304283836614461678, -3.884007349944943677, 17.41499212799901031 ) ) ;
#5035 = ORIENTED_EDGE ( 'NONE', *, *, #6642, .T. ) ;
#5036 = AXIS2_PLACEMENT_3D ( 'NONE', #2450, #3695, #118 ) ;
#5037 = CARTESIAN_POINT ( 'NONE',  ( 1.583246015787041383, 3.535889187281870516, 18.03999212800530572 ) ) ;
#5038 = CARTESIAN_POINT ( 'NONE',  ( 13.22069333197112506, 4.024125010056279095, 12.58204844848802217 ) ) ;
#5039 = ADVANCED_FACE ( 'NONE', ( #158 ), #2571, .F. ) ;
#5040 = EDGE_CURVE ( 'NONE', #5943, #3144, #2916, .T. ) ;
#5041 = ORIENTED_EDGE ( 'NONE', *, *, #984, .F. ) ;
#5042 = ORIENTED_EDGE ( 'NONE', *, *, #215, .F. ) ;
#5043 = DIRECTION ( 'NONE',  ( 1.000000000000000000, -0.000000000000000000, -0.000000000000000000 ) ) ;
#5044 = CARTESIAN_POINT ( 'NONE',  ( -4.136321125020615774, 5.436247185802859150, 6.999999999999999112 ) ) ;
#5045 = ORIENTED_EDGE ( 'NONE', *, *, #7400, .F. ) ;
#5046 = AXIS2_PLACEMENT_3D ( 'NONE', #1554, #6769, #6735 ) ;
#5047 = CARTESIAN_POINT ( 'NONE',  ( 1.965387807475296178, -8.133519051144450174, 14.08082513938650315 ) ) ;
#5048 = CARTESIAN_POINT ( 'NONE',  ( -5.337894887994158566, -3.875294732441077805, 19.34835310002468844 ) ) ;
#5049 = CARTESIAN_POINT ( 'NONE',  ( 2.720693331971122841, 4.184853523558590638, 11.95720248688490450 ) ) ;
#5050 = B_SPLINE_CURVE_WITH_KNOTS ( 'NONE', 3,
 ( #42, #2341, #6774, #3924, #6214 ),
 .UNSPECIFIED., .F., .F.,
 ( 4, 1, 4 ),
 ( 0.002020911749992924770, 0.002053132317618550431, 0.002085352885244176092 ),
 .UNSPECIFIED. ) ;
#5051 = CARTESIAN_POINT ( 'NONE',  ( -4.136321125020613998, 5.436247185802858262, 12.64626015647041157 ) ) ;
#5052 = CARTESIAN_POINT ( 'NONE',  ( 12.03962773940497399, 3.781063941627265113, 7.998332127999012719 ) ) ;
#5053 = AXIS2_PLACEMENT_3D ( 'NONE', #5367, #3072, #1976 ) ;
#5054 = CARTESIAN_POINT ( 'NONE',  ( -5.337887297018019339, -3.884007349944944565, 18.31496121891910533 ) ) ;
#5055 = CARTESIAN_POINT ( 'NONE',  ( 12.68411367715554761, 3.913697930461678798, 23.24833212799113014 ) ) ;
#5056 = ADVANCED_FACE ( 'NONE', ( #5955 ), #5425, .F. ) ;
#5057 = DIRECTION ( 'NONE',  ( 0.000000000000000000, -1.000000000000000000, 0.000000000000000000 ) ) ;
#5058 = CARTESIAN_POINT ( 'NONE',  ( 3.906431224102437927, 3.781063941627265113, 23.99833212799901005 ) ) ;
#5059 = DIRECTION ( 'NONE',  ( -0.000000000000000000, 0.000000000000000000, -1.000000000000000000 ) ) ;
#5060 = CARTESIAN_POINT ( 'NONE',  ( 0.9582460157974506121, -7.984007349943287757, 14.58166212799870110 ) ) ;
#5061 = CARTESIAN_POINT ( 'NONE',  ( 0.9582460157998370365, 3.406815019553060875, 14.58166212799901373 ) ) ;
#5062 = ORIENTED_EDGE ( 'NONE', *, *, #6226, .F. ) ;
#5063 = B_SPLINE_CURVE_WITH_KNOTS ( 'NONE', 3,
 ( #1729, #5606, #1620, #1051, #5047, #2748 ),
 .UNSPECIFIED., .F., .F.,
 ( 4, 2, 4 ),
 ( 0.002535073272971940291, 0.002786593946710806506, 0.003038114620449672721 ),
 .UNSPECIFIED. ) ;
#5064 = ORIENTED_EDGE ( 'NONE', *, *, #4939, .T. ) ;
#5065 = CARTESIAN_POINT ( 'NONE',  ( 12.80647976959802747, 5.080391220586510492, 20.24833212799901361 ) ) ;
#5066 = CARTESIAN_POINT ( 'NONE',  ( 14.42226709494465986, 4.271406621224086209, 20.42811153243663469 ) ) ;
#5067 = AXIS2_PLACEMENT_3D ( 'NONE', #3219, #6153, #1033 ) ;
#5068 = VECTOR ( 'NONE', #7193, 1000.000000000000000 ) ;
#5069 = CARTESIAN_POINT ( 'NONE',  ( 1.265634459074675977, -8.166039084895123423, 11.20411150145246104 ) ) ;
#5070 = ORIENTED_EDGE ( 'NONE', *, *, #5542, .F. ) ;
#5071 = EDGE_LOOP ( 'NONE', ( #6609, #6792, #608, #5102, #2013 ) ) ;
#5072 = DIRECTION ( 'NONE',  ( -1.000000000000000000, 0.000000000000000000, 0.000000000000000000 ) ) ;
#5073 = VECTOR ( 'NONE', #6380, 1000.000000000000000 ) ;
#5074 = VERTEX_POINT ( 'NONE', #2041 ) ;
#5075 = ORIENTED_EDGE ( 'NONE', *, *, #3376, .T. ) ;
#5076 = CARTESIAN_POINT ( 'NONE',  ( 2.036631926890818178, 3.296651896735200982, 20.67851535856430445 ) ) ;
#5077 = ADVANCED_FACE ( 'NONE', ( #2645 ), #7186, .F. ) ;
#5078 = DIRECTION ( 'NONE',  ( -0.2015737629735347980, -0.9794733370953438989, 0.000000000000000000 ) ) ;
#5079 = EDGE_CURVE ( 'NONE', #6298, #5340, #6104, .T. ) ;
#5080 = ORIENTED_EDGE ( 'NONE', *, *, #2144, .F. ) ;
#5081 = ORIENTED_EDGE ( 'NONE', *, *, #3152, .F. ) ;
#5082 = DIRECTION ( 'NONE',  ( 0.000000000000000000, 0.000000000000000000, 1.000000000000000000 ) ) ;
#5083 = FACE_OUTER_BOUND ( 'NONE', #2537, .T. ) ;
#5084 = ADVANCED_FACE ( 'NONE', ( #3768 ), #980, .F. ) ;
#5085 = CARTESIAN_POINT ( 'NONE',  ( -4.128854620687912202, 5.372591876360418794, 17.41499212799901031 ) ) ;
#5086 = CARTESIAN_POINT ( 'NONE',  ( -0.8746562824944945636, 21.28510420304709072, 22.74666425599802366 ) ) ;
#5087 = DIRECTION ( 'NONE',  ( 1.000000000000000000, 0.000000000000000000, 0.000000000000000000 ) ) ;
#5088 = DIRECTION ( 'NONE',  ( 1.000000000000000000, 0.000000000000000000, 0.000000000000000000 ) ) ;
#5089 = CARTESIAN_POINT ( 'NONE',  ( 12.25785028912100749, 4.815880731277478510, 11.74833212799901716 ) ) ;
#5090 = CARTESIAN_POINT ( 'NONE',  ( 13.02036017059271522, 5.168423585781011020, 21.86287885175051571 ) ) ;
#5091 = CARTESIAN_POINT ( 'NONE',  ( 2.021704316544359337, -8.101945535577451452, 14.13626419523750499 ) ) ;
#5092 = CARTESIAN_POINT ( 'NONE',  ( -4.849966951082723021, 5.318873863347462816, 16.51692776458610012 ) ) ;
#5093 = CARTESIAN_POINT ( 'NONE',  ( 1.498882927495583939, -8.236415657595513196, 12.37333212799901538 ) ) ;
#5094 = DIRECTION ( 'NONE',  ( -0.000000000000000000, -0.000000000000000000, 1.000000000000000000 ) ) ;
#5095 = CARTESIAN_POINT ( 'NONE',  ( -5.084206320142425461, 5.138450269426164674, 13.68302754074992578 ) ) ;
#5096 = CARTESIAN_POINT ( 'NONE',  ( -4.718015283677847727, 5.384643838427614959, 10.85047122742158088 ) ) ;
#5097 = ORIENTED_EDGE ( 'NONE', *, *, #3115, .T. ) ;
#5098 = EDGE_LOOP ( 'NONE', ( #1446, #2697, #4318, #4656 ) ) ;
#5099 = CARTESIAN_POINT ( 'NONE',  ( 13.22069333197112506, 5.250879958319428553, 21.24833212799901361 ) ) ;
#5100 = CARTESIAN_POINT ( 'NONE',  ( 19.36578231149358231, 5.288772716631839899, 6.998332127999012719 ) ) ;
#5101 = DIRECTION ( 'NONE',  ( -9.714451465470117757E-16, 1.000000000000000000, 0.000000000000000000 ) ) ;
#5102 = ORIENTED_EDGE ( 'NONE', *, *, #3020, .F. ) ;
#5103 = ORIENTED_EDGE ( 'NONE', *, *, #4791, .F. ) ;
#5104 = CARTESIAN_POINT ( 'NONE',  ( 12.48244122119351651, 4.947018178000085697, 9.774359453345065063 ) ) ;
#5105 = ORIENTED_EDGE ( 'NONE', *, *, #4999, .F. ) ;
#5106 = ORIENTED_EDGE ( 'NONE', *, *, #6812, .F. ) ;
#5107 = PLANE ( 'NONE',  #4182 ) ;
#5108 = FACE_OUTER_BOUND ( 'NONE', #1904, .T. ) ;
#5109 = EDGE_CURVE ( 'NONE', #4643, #5144, #4222, .T. ) ;
#5110 = VERTEX_POINT ( 'NONE', #3245 ) ;
#5111 = VERTEX_POINT ( 'NONE', #5539 ) ;
#5112 = DIRECTION ( 'NONE',  ( -0.9794733370953438989, 0.2015737629735347147, 0.000000000000000000 ) ) ;
#5113 = DIRECTION ( 'NONE',  ( -1.000000000000000000, 0.000000000000000000, 0.000000000000000000 ) ) ;
#5114 = VECTOR ( 'NONE', #3738, 1000.000000000000000 ) ;
#5115 = CARTESIAN_POINT ( 'NONE',  ( -4.719215676914300772, 5.392884190626654473, 12.64615762216595840 ) ) ;
#5116 = LINE ( 'NONE', #4521, #983 ) ;
#5117 = CYLINDRICAL_SURFACE ( 'NONE', #5179, 0.8999999999999998002 ) ;
#5118 = CARTESIAN_POINT ( 'NONE',  ( -5.337894887994158566, 4.456773848707507923, 23.99833212799901005 ) ) ;
#5119 = DIRECTION ( 'NONE',  ( 0.000000000000000000, 0.000000000000000000, -1.000000000000000000 ) ) ;
#5120 = AXIS2_PLACEMENT_3D ( 'NONE', #6087, #4517, #2706 ) ;
#5121 = DIRECTION ( 'NONE',  ( 0.000000000000000000, -0.000000000000000000, 1.000000000000000000 ) ) ;
#5122 = ADVANCED_FACE ( 'NONE', ( #2720 ), #5227, .F. ) ;
#5123 = CARTESIAN_POINT ( 'NONE',  ( -5.174509623811448300, -5.185035295802959077, 19.34833550544975722 ) ) ;
#5124 = VECTOR ( 'NONE', #249, 1000.000000000000114 ) ;
#5125 = EDGE_CURVE ( 'NONE', #4643, #7318, #1414, .T. ) ;
#5126 = EDGE_CURVE ( 'NONE', #3175, #3908, #4635, .T. ) ;
#5127 = VECTOR ( 'NONE', #5482, 1000.000000000000000 ) ;
#5128 = FACE_OUTER_BOUND ( 'NONE', #5032, .T. ) ;
#5129 = EDGE_CURVE ( 'NONE', #6758, #6453, #1135, .T. ) ;
#5130 = CARTESIAN_POINT ( 'NONE',  ( 1.040995091370846781, -8.039719456106315221, 14.26009646251782037 ) ) ;
#5131 = FACE_OUTER_BOUND ( 'NONE', #3823, .T. ) ;
#5132 = EDGE_LOOP ( 'NONE', ( #6217, #3522, #5714, #4242 ) ) ;
#5133 = FACE_OUTER_BOUND ( 'NONE', #3980, .T. ) ;
#5134 = EDGE_CURVE ( 'NONE', #7344, #5708, #4000, .T. ) ;
#5135 = LINE ( 'NONE', #610, #299 ) ;
#5136 = AXIS2_PLACEMENT_3D ( 'NONE', #5836, #5346, #4822 ) ;
#5137 = DIRECTION ( 'NONE',  ( 0.9794733370953440099, -0.2015737629735343539, 0.000000000000000000 ) ) ;
#5138 = ORIENTED_EDGE ( 'NONE', *, *, #3284, .F. ) ;
#5139 = CIRCLE ( 'NONE', #1897, 0.7500000000000006661 ) ;
#5140 = ORIENTED_EDGE ( 'NONE', *, *, #6880, .T. ) ;
#5141 = PLANE ( 'NONE',  #1035 ) ;
#5142 = EDGE_LOOP ( 'NONE', ( #1394, #568, #5829, #5456 ) ) ;
#5143 = CIRCLE ( 'NONE', #4788, 0.8999999999999998002 ) ;
#5144 = VERTEX_POINT ( 'NONE', #2197 ) ;
#5145 = PLANE ( 'NONE',  #1050 ) ;
#5146 = DIRECTION ( 'NONE',  ( -1.000000000000000000, 0.000000000000000000, 0.000000000000000000 ) ) ;
#5147 = ORIENTED_EDGE ( 'NONE', *, *, #146, .F. ) ;
#5148 = ORIENTED_EDGE ( 'NONE', *, *, #5129, .F. ) ;
#5149 = DIRECTION ( 'NONE',  ( 0.000000000000000000, 1.000000000000000000, 0.000000000000000000 ) ) ;
#5150 = CARTESIAN_POINT ( 'NONE',  ( 13.22069333197112506, 4.183336712770302945, 11.95830214371207489 ) ) ;
#5151 = B_SPLINE_CURVE_WITH_KNOTS ( 'NONE', 3,
 ( #4574, #6335, #5205, #1674, #5169, #4045 ),
 .UNSPECIFIED., .F., .F.,
 ( 4, 2, 4 ),
 ( 0.000000000000000000, 0.0006891196622018133221, 0.001378239324403626644 ),
 .UNSPECIFIED. ) ;
#5152 = CARTESIAN_POINT ( 'NONE',  ( -5.337894887994176329, 4.605939966993058299, 12.64818321038962345 ) ) ;
#5153 = DIRECTION ( 'NONE',  ( 0.000000000000000000, -1.000000000000000000, 0.000000000000000000 ) ) ;
#5154 = LINE ( 'NONE', #4490, #5299 ) ;
#5155 = CARTESIAN_POINT ( 'NONE',  ( -0.8746562824944889014, -24.72260983144137469, 22.74666425599802366 ) ) ;
#5156 = CARTESIAN_POINT ( 'NONE',  ( 14.30895385150151000, 11.93464622485824655, 15.99833212799901183 ) ) ;
#5157 = DIRECTION ( 'NONE',  ( -1.000000000000000000, 0.000000000000000000, -0.000000000000000000 ) ) ;
#5158 = CARTESIAN_POINT ( 'NONE',  ( -4.123167137600544763, 5.433540120033991450, 10.85039112044069576 ) ) ;
#5159 = EDGE_CURVE ( 'NONE', #5851, #256, #4495, .T. ) ;
#5160 = CARTESIAN_POINT ( 'NONE',  ( 0.9582460157998369255, 3.406815019553060875, 11.74833212799901183 ) ) ;
#5161 = VECTOR ( 'NONE', #1434, 999.9999999999998863 ) ;
#5162 = EDGE_CURVE ( 'NONE', #328, #7242, #485, .T. ) ;
#5163 = DIRECTION ( 'NONE',  ( -0.000000000000000000, 1.000000000000000000, -0.000000000000000000 ) ) ;
#5164 = CARTESIAN_POINT ( 'NONE',  ( -5.337892357666857102, -3.881103147417413801, 13.68169307902140552 ) ) ;
#5165 = VERTEX_POINT ( 'NONE', #6771 ) ;
#5166 = DIRECTION ( 'NONE',  ( 0.000000000000000000, 0.000000000000000000, 1.000000000000000000 ) ) ;
#5167 = DIRECTION ( 'NONE',  ( 1.000000000000000000, 0.000000000000000000, 0.000000000000000000 ) ) ;
#5168 = EDGE_LOOP ( 'NONE', ( #6752, #4988, #3221 ) ) ;
#5169 = CARTESIAN_POINT ( 'NONE',  ( 2.208246015799835149, 4.130547250359976275, 19.96903577503228533 ) ) ;
#5170 = EDGE_CURVE ( 'NONE', #6902, #7014, #209, .T. ) ;
#5171 = DIRECTION ( 'NONE',  ( 1.000000000000000000, 0.000000000000000000, 0.000000000000000000 ) ) ;
#5172 = CARTESIAN_POINT ( 'NONE',  ( -4.136321125020615774, 5.436247185802859150, 13.68373409952761222 ) ) ;
#5173 = VERTEX_POINT ( 'NONE', #1097 ) ;
#5174 = ORIENTED_EDGE ( 'NONE', *, *, #891, .F. ) ;
#5175 = CYLINDRICAL_SURFACE ( 'NONE', #6435, 0.9999999999999991118 ) ;
#5176 = VERTEX_POINT ( 'NONE', #1 ) ;
#5177 = ORIENTED_EDGE ( 'NONE', *, *, #2631, .T. ) ;
#5178 = CARTESIAN_POINT ( 'NONE',  ( -5.337894887994159454, 4.424946582232935910, 12.64829846801143631 ) ) ;
#5179 = AXIS2_PLACEMENT_3D ( 'NONE', #6354, #6245, #3958 ) ;
#5180 = LINE ( 'NONE', #730, #1463 ) ;
#5181 = CARTESIAN_POINT ( 'NONE',  ( 2.195981536954739521, 4.070952539992247488, 14.58166212799901373 ) ) ;
#5182 = ORIENTED_EDGE ( 'NONE', *, *, #1352, .F. ) ;
#5183 = ORIENTED_EDGE ( 'NONE', *, *, #1689, .T. ) ;
#5184 = VECTOR ( 'NONE', #3627, 1000.000000000000000 ) ;
#5185 = DIRECTION ( 'NONE',  ( -9.714451465470117757E-16, 1.000000000000000000, 0.000000000000000000 ) ) ;
#5186 = CARTESIAN_POINT ( 'NONE',  ( 0.9582460157998369255, 3.406815019553060875, 14.66420488238459008 ) ) ;
#5187 = VECTOR ( 'NONE', #5628, 1000.000000000000114 ) ;
#5188 = ADVANCED_FACE ( 'NONE', ( #2794 ), #1664, .F. ) ;
#5189 = CARTESIAN_POINT ( 'NONE',  ( 1.583246015799837147, -12.57799432079165314, 20.24832212799901399 ) ) ;
#5190 = CARTESIAN_POINT ( 'NONE',  ( -5.330428383661446112, 4.393118539265072009, 16.51499212799901173 ) ) ;
#5191 = AXIS2_PLACEMENT_3D ( 'NONE', #1132, #5649, #6736 ) ;
#5192 = CARTESIAN_POINT ( 'NONE',  ( 10.47069333197112506, 8.229747284365624083, 20.24833212799901361 ) ) ;
#5193 = DIRECTION ( 'NONE',  ( -0.000000000000000000, -0.000000000000000000, 1.000000000000000000 ) ) ;
#5194 = DIRECTION ( 'NONE',  ( -9.637352644315596722E-16, 1.000000000000000000, 0.000000000000000000 ) ) ;
#5195 = DIRECTION ( 'NONE',  ( -1.000000000000000000, 0.000000000000000000, 0.000000000000000000 ) ) ;
#5196 = CARTESIAN_POINT ( 'NONE',  ( 15.57153635071808928, -8.872004039688027532, 6.998332127999012719 ) ) ;
#5197 = PRESENTATION_STYLE_ASSIGNMENT (( #453 ) ) ;
#5198 = EDGE_CURVE ( 'NONE', #960, #2985, #6849, .T. ) ;
#5199 = DIRECTION ( 'NONE',  ( 0.000000000000000000, 0.000000000000000000, -1.000000000000000000 ) ) ;
#5200 = LINE ( 'NONE', #5280, #5524 ) ;
#5201 = ORIENTED_EDGE ( 'NONE', *, *, #1874, .T. ) ;
#5202 = DIRECTION ( 'NONE',  ( 0.000000000000000000, -1.000000000000000000, 0.000000000000000000 ) ) ;
#5203 = CARTESIAN_POINT ( 'NONE',  ( 7.970693331971125062, 8.229747284365624083, 9.748332127999011831 ) ) ;
#5204 = ORIENTED_EDGE ( 'NONE', *, *, #4723, .T. ) ;
#5205 = CARTESIAN_POINT ( 'NONE',  ( 2.242535523861571622, 4.297164464788800764, 20.63539734836826867 ) ) ;
#5206 = CARTESIAN_POINT ( 'NONE',  ( -4.129744134739635975, 5.434893653624119025, 12.64626882204863456 ) ) ;
#5207 = AXIS2_PLACEMENT_3D ( 'NONE', #3839, #297, #6695 ) ;
#5208 = EDGE_CURVE ( 'NONE', #5111, #4846, #218, .T. ) ;
#5209 = DIRECTION ( 'NONE',  ( 1.000000000000000000, 0.000000000000000000, 0.000000000000000000 ) ) ;
#5210 = VERTEX_POINT ( 'NONE', #3431 ) ;
#5211 = ORIENTED_EDGE ( 'NONE', *, *, #1978, .F. ) ;
#5212 = CARTESIAN_POINT ( 'NONE',  ( 13.11039389980825476, 4.001425595225302168, 10.25492960096263140 ) ) ;
#5213 = ORIENTED_EDGE ( 'NONE', *, *, #6587, .T. ) ;
#5214 = ORIENTED_EDGE ( 'NONE', *, *, #2326, .T. ) ;
#5215 = LINE ( 'NONE', #4585, #4893 ) ;
#5216 = CARTESIAN_POINT ( 'NONE',  ( 2.361954521851107103, 4.098914330103384351, 19.60443752886422786 ) ) ;
#5217 = EDGE_CURVE ( 'NONE', #2965, #6524, #6938, .T. ) ;
#5218 = EDGE_CURVE ( 'NONE', #7274, #3633, #4543, .T. ) ;
#5219 = ORIENTED_EDGE ( 'NONE', *, *, #1308, .F. ) ;
#5220 = CARTESIAN_POINT ( 'NONE',  ( -4.310271007364092632, 4.491065872974608908, 17.41499212799901031 ) ) ;
#5221 = CARTESIAN_POINT ( 'NONE',  ( 2.208246015799835149, 4.130547250359976275, 19.35038112044069791 ) ) ;
#5222 = ADVANCED_FACE ( 'NONE', ( #1395 ), #7067, .T. ) ;
#5223 = EDGE_CURVE ( 'NONE', #1760, #4946, #5875, .T. ) ;
#5224 = DIRECTION ( 'NONE',  ( 1.000000000000000000, 7.375108878104640636E-16, -0.000000000000000000 ) ) ;
#5225 = EDGE_CURVE ( 'NONE', #2289, #6129, #6962, .T. ) ;
#5226 = LINE ( 'NONE', #5190, #6567 ) ;
#5227 =( BOUNDED_SURFACE ( )  B_SPLINE_SURFACE ( 3, 2, ( 
 ( #6065, #907, #4417 ),
 ( #1019, #5576, #5615 ),
 ( #5018, #7301, #6739 ),
 ( #7146, #6594, #2004 ),
 ( #1438, #519, #5090 ),
 ( #2866, #2224, #1628 ),
 ( #6360, #6321, #3395 ),
 ( #40, #2829, #632 ),
 ( #5055, #2301, #3357 ),
 ( #4602, #1702, #7373 ) ),
 .UNSPECIFIED., .F., .F., .F. ) 
 B_SPLINE_SURFACE_WITH_KNOTS ( ( 4, 2, 2, 2, 4 ),
 ( 3, 3 ),
 ( 3.141592653589793116, 3.534291735288517255, 3.926990816987241395, 4.319689898685965090, 4.712388980384689674 ),
 ( 0.000000000000000000, 1.000000000000000000 ),
 .UNSPECIFIED. ) 
 GEOMETRIC_REPRESENTATION_ITEM ( )  RATIONAL_B_SPLINE_SURFACE ( (
 ( 1.000000000000000000, 0.6318331413539752806, 1.000000000000000000),
 ( 1.000000000000000000, 0.6318202333991965736, 1.000000000000000000),
 ( 1.000000000000000000, 0.6339179702651340786, 1.000000000000000000),
 ( 1.000000000000000000, 0.6418328879336518966, 1.000000000000000000),
 ( 1.000000000000000000, 0.6476533177294891974, 1.000000000000000000),
 ( 1.000000000000000000, 0.6619006714531818769, 1.000000000000000000),
 ( 1.000000000000000000, 0.6703150792515706335, 1.000000000000000000),
 ( 1.000000000000000000, 0.6882584818856543052, 1.000000000000000000),
 ( 1.000000000000000000, 0.6977799071279251475, 1.000000000000000000),
 ( 1.000000000000000000, 0.7071067811865476838, 1.000000000000000000) ) ) 
 REPRESENTATION_ITEM ( '' )  SURFACE ( )  );
#5228 = CARTESIAN_POINT ( 'NONE',  ( 2.036631926890818178, 3.296651896735201870, 19.81812889743372352 ) ) ;
#5229 = CARTESIAN_POINT ( 'NONE',  ( 4.410365631536280695, 6.229747284365624083, 7.998332127999010943 ) ) ;
#5230 = CARTESIAN_POINT ( 'NONE',  ( -5.330428383661446112, 4.393118539265072009, 20.24832212799901399 ) ) ;
#5231 = CARTESIAN_POINT ( 'NONE',  ( -0.3025607775276037414, -8.872004039688025756, 24.99833212799901361 ) ) ;
#5232 = VERTEX_POINT ( 'NONE', #4789 ) ;
#5233 = DIRECTION ( 'NONE',  ( -0.2015737629735347980, -0.9794733370953438989, 0.000000000000000000 ) ) ;
#5234 = CARTESIAN_POINT ( 'NONE',  ( 2.155897328673249014, 4.339499398429369492, 10.88038490966897598 ) ) ;
#5235 = ADVANCED_FACE ( 'NONE', ( #5910 ), #113, .F. ) ;
#5236 = CARTESIAN_POINT ( 'NONE',  ( -4.672349158720131790, -6.389290630176335917, 19.34832427851819503 ) ) ;
#5237 = CARTESIAN_POINT ( 'NONE',  ( -5.330428383661446112, 4.393118539265072009, 21.14832212799901257 ) ) ;
#5238 = VECTOR ( 'NONE', #822, 1000.000000000000000 ) ;
#5239 = CARTESIAN_POINT ( 'NONE',  ( -5.337894887994158566, -3.878198939378064480, 13.68169310002468819 ) ) ;
#5240 = CARTESIAN_POINT ( 'NONE',  ( -5.337894887994158566, -3.875294732441077805, 21.14829115597333953 ) ) ;
#5241 = CARTESIAN_POINT ( 'NONE',  ( -0.5219609841436633202, -8.873752814197139571, 21.80764524664976989 ) ) ;
#5242 = CARTESIAN_POINT ( 'NONE',  ( -4.719215676914302549, 5.392884190626652696, 15.47948762216595853 ) ) ;
#5243 = ORIENTED_EDGE ( 'NONE', *, *, #5010, .T. ) ;
#5244 = LINE ( 'NONE', #84, #7056 ) ;
#5245 = VECTOR ( 'NONE', #1535, 1000.000000000000000 ) ;
#5246 = CARTESIAN_POINT ( 'NONE',  ( 2.021704316544363333, -12.57799432079165314, 20.69372006076051917 ) ) ;
#5247 = CARTESIAN_POINT ( 'NONE',  ( -17.67643277480202002, 9.933113728465892578, 6.999999999999999112 ) ) ;
#5248 = ORIENTED_EDGE ( 'NONE', *, *, #6005, .T. ) ;
#5249 = VECTOR ( 'NONE', #6591, 1000.000000000000000 ) ;
#5250 = CIRCLE ( 'NONE', #5489, 6.000000000000000000 ) ;
#5251 = ORIENTED_EDGE ( 'NONE', *, *, #6318, .F. ) ;
#5252 = DIRECTION ( 'NONE',  ( 0.000000000000000000, 0.000000000000000000, 1.000000000000000000 ) ) ;
#5253 = EDGE_LOOP ( 'NONE', ( #426, #1584, #3374, #1911, #5327, #2290 ) ) ;
#5254 = VERTEX_POINT ( 'NONE', #1814 ) ;
#5255 = CARTESIAN_POINT ( 'NONE',  ( 2.036631926890818178, 3.296651896735200982, 17.84518535856430432 ) ) ;
#5256 = AXIS2_PLACEMENT_3D ( 'NONE', #6551, #1254, #2532 ) ;
#5257 = AXIS2_PLACEMENT_3D ( 'NONE', #6777, #5059, #5620 ) ;
#5258 = DIRECTION ( 'NONE',  ( 0.000000000000000000, 0.000000000000000000, 1.000000000000000000 ) ) ;
#5259 = EDGE_CURVE ( 'NONE', #2524, #2169, #5986, .T. ) ;
#5260 = AXIS2_PLACEMENT_3D ( 'NONE', #4700, #6378, #4017 ) ;
#5261 = EDGE_CURVE ( 'NONE', #3526, #6492, #1776, .T. ) ;
#5262 = EDGE_LOOP ( 'NONE', ( #7260, #5211, #5477, #1419 ) ) ;
#5263 = AXIS2_PLACEMENT_3D ( 'NONE', #3855, #2766, #7197 ) ;
#5264 = CARTESIAN_POINT ( 'NONE',  ( 1.583246015799837147, -8.875294732441114220, 17.41499212799901031 ) ) ;
#5265 = AXIS2_PLACEMENT_3D ( 'NONE', #548, #6201, #4629 ) ;
#5266 = LINE ( 'NONE', #2438, #6581 ) ;
#5267 = EDGE_CURVE ( 'NONE', #2921, #3971, #6448, .T. ) ;
#5268 = CARTESIAN_POINT ( 'NONE',  ( -5.330428383661446112, 4.393118539265072009, 10.84833212799901325 ) ) ;
#5269 = EDGE_CURVE ( 'NONE', #47, #361, #5386, .T. ) ;
#5270 = CARTESIAN_POINT ( 'NONE',  ( 2.278268720235900435, 4.470796749970889827, 20.42385138451733440 ) ) ;
#5271 = VERTEX_POINT ( 'NONE', #3542 ) ;
#5272 = DIRECTION ( 'NONE',  ( 0.9659279192470430209, -0.2588112339506885573, 0.000000000000000000 ) ) ;
#5273 = CARTESIAN_POINT ( 'NONE',  ( -5.337894887994158566, 4.403727702221074125, 19.34835310002468844 ) ) ;
#5274 = ORIENTED_EDGE ( 'NONE', *, *, #4721, .F. ) ;
#5275 = CARTESIAN_POINT ( 'NONE',  ( -1.942195958572139114, -8.613760306515812815, 16.51501109410627066 ) ) ;
#5276 = VECTOR ( 'NONE', #3652, 1000.000000000000000 ) ;
#5277 = CARTESIAN_POINT ( 'NONE',  ( -0.3304283836614461678, -3.884007349944943677, 20.24832212799901399 ) ) ;
#5278 = CARTESIAN_POINT ( 'NONE',  ( 1.084063689002966679, 3.466383138801861108, 20.63298568969763380 ) ) ;
#5279 = CARTESIAN_POINT ( 'NONE',  ( -17.67643277480201647, -13.37061935686017655, 22.74666425599802366 ) ) ;
#5280 = CARTESIAN_POINT ( 'NONE',  ( 15.57153635071808928, -8.872004039688027532, 6.998332127999012719 ) ) ;
#5281 = CARTESIAN_POINT ( 'NONE',  ( 16.28395385150157182, -8.873752814197141348, 23.99833212799901005 ) ) ;
#5282 = EDGE_CURVE ( 'NONE', #5503, #5943, #7052, .T. ) ;
#5283 = ORIENTED_EDGE ( 'NONE', *, *, #6913, .F. ) ;
#5284 = CARTESIAN_POINT ( 'NONE',  ( -5.337894887994158566, -3.875294732441076917, 23.99833212799901005 ) ) ;
#5285 = CARTESIAN_POINT ( 'NONE',  ( 1.668678671221235810, -8.236415657595529183, 11.12333212799899584 ) ) ;
#5286 = VECTOR ( 'NONE', #7219, 1000.000000000000000 ) ;
#5287 = DIRECTION ( 'NONE',  ( 1.000000000000000000, 0.000000000000000000, 0.000000000000000000 ) ) ;
#5288 = DIRECTION ( 'NONE',  ( -0.000000000000000000, 1.000000000000000000, -0.000000000000000000 ) ) ;
#5289 = VERTEX_POINT ( 'NONE', #3051 ) ;
#5290 = ORIENTED_EDGE ( 'NONE', *, *, #3673, .F. ) ;
#5291 = CARTESIAN_POINT ( 'NONE',  ( 11.53569333197112101, 4.729747284365623194, 8.748332127999011831 ) ) ;
#5292 = AXIS2_PLACEMENT_3D ( 'NONE', #4205, #4320, #6487 ) ;
#5293 = EDGE_LOOP ( 'NONE', ( #2930, #1792, #1599, #1189, #3523, #990, #3492, #4386, #5080, #5412 ) ) ;
#5294 = VERTEX_POINT ( 'NONE', #2413 ) ;
#5295 = CARTESIAN_POINT ( 'NONE',  ( 16.86839872700685561, -4.031891199311632867, 7.998332127999012719 ) ) ;
#5296 = CARTESIAN_POINT ( 'NONE',  ( -0.3378948879941174877, -8.875294732441114220, 21.14828000900120841 ) ) ;
#5297 = ORIENTED_EDGE ( 'NONE', *, *, #796, .T. ) ;
#5298 = DIRECTION ( 'NONE',  ( 9.392764624727896197E-16, -1.000000000000000000, 0.000000000000000000 ) ) ;
#5299 = VECTOR ( 'NONE', #6314, 1000.000000000000000 ) ;
#5300 = EDGE_CURVE ( 'NONE', #1018, #896, #3091, .T. ) ;
#5301 = LINE ( 'NONE', #5826, #212 ) ;
#5302 = CARTESIAN_POINT ( 'NONE',  ( 1.038255222641246922, 3.445410028235291744, 17.73170429570374296 ) ) ;
#5303 = TOROIDAL_SURFACE ( 'NONE', #6498, 1.500000000000000444, 1.000000000000000000 ) ;
#5304 = CARTESIAN_POINT ( 'NONE',  ( 12.55200214995720742, 3.886509627664916255, 11.72460994446839777 ) ) ;
#5305 = EDGE_LOOP ( 'NONE', ( #7194, #1007, #1536, #5214 ) ) ;
#5306 = CYLINDRICAL_SURFACE ( 'NONE', #236, 46.19384172171115210 ) ;
#5307 = DIRECTION ( 'NONE',  ( -0.9794733370953440099, -0.2015737629735342706, -0.000000000000000000 ) ) ;
#5308 = LINE ( 'NONE', #2444, #7259 ) ;
#5309 = EDGE_CURVE ( 'NONE', #5433, #5289, #6507, .T. ) ;
#5310 = VECTOR ( 'NONE', #7418, 1000.000000000000000 ) ;
#5311 = ORIENTED_EDGE ( 'NONE', *, *, #7182, .F. ) ;
#5312 = CARTESIAN_POINT ( 'NONE',  ( -5.337894887998079874, 4.531355967279716346, 19.34842152709956409 ) ) ;
#5313 = CARTESIAN_POINT ( 'NONE',  ( 1.583246015799837147, -12.57799432079165314, 20.87332212799901399 ) ) ;
#5314 = LINE ( 'NONE', #828, #1422 ) ;
#5315 = CARTESIAN_POINT ( 'NONE',  ( -12.40663181555145123, 9.934409660288995525, 22.74666425599802366 ) ) ;
#5316 = EDGE_CURVE ( 'NONE', #6747, #2696, #3099, .T. ) ;
#5317 = AXIS2_PLACEMENT_3D ( 'NONE', #2565, #2598, #1550 ) ;
#5318 = CARTESIAN_POINT ( 'NONE',  ( -4.116590141842817019, 5.432186586728145805, 13.68372112044069588 ) ) ;
#5319 = DIRECTION ( 'NONE',  ( 0.000000000000000000, -1.000000000000000000, 0.000000000000000000 ) ) ;
#5320 = ORIENTED_EDGE ( 'NONE', *, *, #2875, .F. ) ;
#5321 = CARTESIAN_POINT ( 'NONE',  ( -5.330428383661446112, 4.393118539265072009, 13.68166212799901338 ) ) ;
#5322 = EDGE_CURVE ( 'NONE', #7079, #5017, #7405, .T. ) ;
#5323 = CARTESIAN_POINT ( 'NONE',  ( 1.521725786895037569, 4.271831816929370085, 21.14626313555732651 ) ) ;
#5324 = EDGE_LOOP ( 'NONE', ( #5070, #3281, #5416, #5041, #384, #5671, #349 ) ) ;
#5325 = EDGE_LOOP ( 'NONE', ( #6857, #850, #379, #1263 ) ) ;
#5326 = CARTESIAN_POINT ( 'NONE',  ( -12.40663181555145123, 9.934409660288995525, 24.99666425599802366 ) ) ;
#5327 = ORIENTED_EDGE ( 'NONE', *, *, #2656, .F. ) ;
#5328 = ORIENTED_EDGE ( 'NONE', *, *, #6548, .T. ) ;
#5329 = CARTESIAN_POINT ( 'NONE',  ( 11.78896358600237093, 3.742609536185408814, 24.99833212799901361 ) ) ;
#5330 = DIRECTION ( 'NONE',  ( -7.228014483236697541E-16, 1.000000000000000000, 0.000000000000000000 ) ) ;
#5331 = B_SPLINE_CURVE_WITH_KNOTS ( 'NONE', 3,
 ( #6659, #408, #2036, #4894 ),
 .UNSPECIFIED., .F., .F.,
 ( 4, 4 ),
 ( 0.001800939922389189216, 0.001808403033252061138 ),
 .UNSPECIFIED. ) ;
#5332 = ORIENTED_EDGE ( 'NONE', *, *, #753, .F. ) ;
#5333 = CYLINDRICAL_SURFACE ( 'NONE', #7155, 1.000000000000000888 ) ;
#5334 = ADVANCED_FACE ( 'NONE', ( #184 ), #2493, .F. ) ;
#5335 = CARTESIAN_POINT ( 'NONE',  ( 13.22069333197112329, 5.250879958319428553, 10.74833212799901361 ) ) ;
#5336 = LINE ( 'NONE', #4136, #1405 ) ;
#5337 = B_SPLINE_CURVE_WITH_KNOTS ( 'NONE', 3,
 ( #2230, #5093, #2797, #43, #7410, #6927, #4685, #1705, #4039, #490 ),
 .UNSPECIFIED., .F., .F.,
 ( 4, 2, 2, 2, 4 ),
 ( 0.0005053797613153654866, 0.0007592764193092632272, 0.001013173077303160859, 0.001267069735297058708, 0.001520966393290956557 ),
 .UNSPECIFIED. ) ;
#5338 = AXIS2_PLACEMENT_3D ( 'NONE', #3990, #509, #2817 ) ;
#5339 = CARTESIAN_POINT ( 'NONE',  ( 13.20849839885979549, 4.021615315852806738, 10.94489807142649163 ) ) ;
#5340 = VERTEX_POINT ( 'NONE', #6995 ) ;
#5341 = CARTESIAN_POINT ( 'NONE',  ( 3.134906894344218653, 5.081352771013073699, 22.24833212799901361 ) ) ;
#5342 = PLANE ( 'NONE',  #5839 ) ;
#5343 = FACE_OUTER_BOUND ( 'NONE', #4876, .T. ) ;
#5344 = ORIENTED_EDGE ( 'NONE', *, *, #93, .F. ) ;
#5345 = CARTESIAN_POINT ( 'NONE',  ( -4.282425263320524422, 5.466315141537596567, 19.35058660047181789 ) ) ;
#5346 = DIRECTION ( 'NONE',  ( 1.000000000000000000, -0.000000000000000000, 0.000000000000000000 ) ) ;
#5347 = AXIS2_PLACEMENT_3D ( 'NONE', #6691, #3193, #7134 ) ;
#5348 = CARTESIAN_POINT ( 'NONE',  ( 19.36578231149358231, 5.288772716631839899, 6.998332127999012719 ) ) ;
#5349 = CARTESIAN_POINT ( 'NONE',  ( 7.970693331971125062, 8.229747284365624083, 6.998332127999013608 ) ) ;
#5350 = CARTESIAN_POINT ( 'NONE',  ( -0.8746562824944945636, 21.28510420304709072, 22.74666425599802366 ) ) ;
#5351 = DIRECTION ( 'NONE',  ( -1.000000000000000000, 0.000000000000000000, 0.000000000000000000 ) ) ;
#5352 = ORIENTED_EDGE ( 'NONE', *, *, #343, .T. ) ;
#5353 = VECTOR ( 'NONE', #3246, 1000.000000000000000 ) ;
#5355 = EDGE_CURVE ( 'NONE', #3451, #762, #3615, .T. ) ;
#5354 = FACE_OUTER_BOUND ( 'NONE', #147, .T. ) ;
#5356 = EDGE_CURVE ( 'NONE', #6129, #2673, #3339, .T. ) ;
#5357 = EDGE_CURVE ( 'NONE', #4846, #424, #1474, .T. ) ;
#5358 = EDGE_CURVE ( 'NONE', #5017, #6960, #2819, .T. ) ;
#5359 = CARTESIAN_POINT ( 'NONE',  ( 1.914260082649661632, 3.389902692000513529, 14.04505005531446038 ) ) ;
#5360 = VERTEX_POINT ( 'NONE', #4372 ) ;
#5361 = ORIENTED_EDGE ( 'NONE', *, *, #1820, .T. ) ;
#5362 = DIRECTION ( 'NONE',  ( 0.000000000000000000, 0.000000000000000000, 1.000000000000000000 ) ) ;
#5363 = CARTESIAN_POINT ( 'NONE',  ( -1.470414075519788311, -8.748059895569600286, 10.84835770251917886 ) ) ;
#5364 = ORIENTED_EDGE ( 'NONE', *, *, #7320, .F. ) ;
#5365 = CIRCLE ( 'NONE', #4046, 0.9000000000000000222 ) ;
#5366 = EDGE_LOOP ( 'NONE', ( #7423, #7233, #3941, #5885, #6239, #7240, #6932, #3449 ) ) ;
#5367 = CARTESIAN_POINT ( 'NONE',  ( -0.3378948879941582883, -3.875294732441113332, 7.998332127999012719 ) ) ;
#5368 = DIRECTION ( 'NONE',  ( -0.000000000000000000, -0.000000000000000000, -1.000000000000000000 ) ) ;
#5369 = CIRCLE ( 'NONE', #5845, 0.8999999999999998002 ) ;
#5370 = AXIS2_PLACEMENT_3D ( 'NONE', #5564, #1005, #2704 ) ;
#5371 = VERTEX_POINT ( 'NONE', #4856 ) ;
#5372 = FACE_OUTER_BOUND ( 'NONE', #4878, .T. ) ;
#5373 = EDGE_CURVE ( 'NONE', #4161, #4208, #6209, .T. ) ;
#5374 = DIRECTION ( 'NONE',  ( 1.000000000000000000, -0.000000000000000000, 0.000000000000000000 ) ) ;
#5375 = CARTESIAN_POINT ( 'NONE',  ( -17.67643277480201291, 9.933113728465889025, 6.999999999999999112 ) ) ;
#5376 = AXIS2_PLACEMENT_3D ( 'NONE', #2061, #2666, #3188 ) ;
#5377 = AXIS2_PLACEMENT_3D ( 'NONE', #3508, #5729, #1245 ) ;
#5378 = CARTESIAN_POINT ( 'NONE',  ( -4.365268203793176482, 5.484616908989495165, 21.98778568395647781 ) ) ;
#5379 = ORIENTED_EDGE ( 'NONE', *, *, #1252, .T. ) ;
#5380 = DIRECTION ( 'NONE',  ( -0.000000000000000000, -0.000000000000000000, 1.000000000000000000 ) ) ;
#5381 = CARTESIAN_POINT ( 'NONE',  ( 27.02373522356765179, -1.718752814197137102, 6.999999999999999112 ) ) ;
#5382 = CARTESIAN_POINT ( 'NONE',  ( 13.19434884232597760, 5.240036665888220035, 20.98501500134157283 ) ) ;
#5383 = AXIS2_PLACEMENT_3D ( 'NONE', #5796, #3499, #63 ) ;
#5384 = EDGE_LOOP ( 'NONE', ( #3033, #4433, #845, #205 ) ) ;
#5385 = VERTEX_POINT ( 'NONE', #2711 ) ;
#5386 = LINE ( 'NONE', #5313, #3699 ) ;
#5387 = DIRECTION ( 'NONE',  ( 1.000000000000000000, 0.000000000000000000, 0.000000000000000000 ) ) ;
#5388 = LINE ( 'NONE', #3019, #4073 ) ;
#5389 = DIRECTION ( 'NONE',  ( -0.000000000000000000, -0.000000000000000000, 1.000000000000000000 ) ) ;
#5390 = SPHERICAL_SURFACE ( 'NONE', #3651, 1.000000000000000000 ) ;
#5391 = APPLICATION_PROTOCOL_DEFINITION ( 'draft international standard', 'automotive_design', 1998, #7408 ) ;
#5392 = ADVANCED_FACE ( 'NONE', ( #7138 ), #87, .F. ) ;
#5393 = ORIENTED_EDGE ( 'NONE', *, *, #5492, .T. ) ;
#5394 = CARTESIAN_POINT ( 'NONE',  ( -4.116590141842817019, 5.432186586728145805, 21.14626313555732651 ) ) ;
#5395 = CARTESIAN_POINT ( 'NONE',  ( 3.458945442748794452, 4.947979728426649793, 22.22230480265298525 ) ) ;
#5396 = CARTESIAN_POINT ( 'NONE',  ( -4.136321125020615774, 5.436247185802859150, 9.250000000000000000 ) ) ;
#5397 = ORIENTED_EDGE ( 'NONE', *, *, #2278, .T. ) ;
#5398 = CARTESIAN_POINT ( 'NONE',  ( 12.22069333197112151, 12.72974728436562231, 9.748332127999011831 ) ) ;
#5399 = CARTESIAN_POINT ( 'NONE',  ( 1.667208124178702233, -8.236415657595513196, 18.03999212799901031 ) ) ;
#5400 = ORIENTED_EDGE ( 'NONE', *, *, #2458, .F. ) ;
#5401 = VECTOR ( 'NONE', #7375, 1000.000000000000000 ) ;
#5402 = EDGE_CURVE ( 'NONE', #3905, #4123, #5008, .T. ) ;
#5403 = ORIENTED_EDGE ( 'NONE', *, *, #6326, .T. ) ;
#5404 = CARTESIAN_POINT ( 'NONE',  ( 3.262870491116975913, 3.913507525068331994, 11.67008011869391559 ) ) ;
#5405 = DIRECTION ( 'NONE',  ( -9.714451465470117757E-16, 1.000000000000000000, 0.000000000000000000 ) ) ;
#5406 = AXIS2_PLACEMENT_3D ( 'NONE', #168, #4279, #1302 ) ;
#5407 = ORIENTED_EDGE ( 'NONE', *, *, #5690, .F. ) ;
#5408 = CARTESIAN_POINT ( 'NONE',  ( 12.03962773940497222, 3.781063941627264668, 23.24833212799901361 ) ) ;
#5409 = ORIENTED_EDGE ( 'NONE', *, *, #1662, .T. ) ;
#5410 = DIRECTION ( 'NONE',  ( 1.000000000000000000, 0.000000000000000000, 0.000000000000000000 ) ) ;
#5411 = CARTESIAN_POINT ( 'NONE',  ( 2.021704316544359337, -8.875294732441114220, 23.99833212799901005 ) ) ;
#5412 = ORIENTED_EDGE ( 'NONE', *, *, #2060, .T. ) ;
#5413 = CARTESIAN_POINT ( 'NONE',  ( 2.208246015799837370, 4.130547250359985156, 14.41958429924099150 ) ) ;
#5414 = DIRECTION ( 'NONE',  ( -9.714451465470117757E-16, 1.000000000000000000, 0.000000000000000000 ) ) ;
#5415 = CARTESIAN_POINT ( 'NONE',  ( -3.389874902935331669, -7.849346466785145360, 12.64832934017608324 ) ) ;
#5416 = ORIENTED_EDGE ( 'NONE', *, *, #2000, .F. ) ;
#5417 = ORIENTED_EDGE ( 'NONE', *, *, #5125, .F. ) ;
#5418 = DIRECTION ( 'NONE',  ( 0.000000000000000000, 0.000000000000000000, -1.000000000000000000 ) ) ;
#5419 = CARTESIAN_POINT ( 'NONE',  ( 20.08238008852802992, 5.436247185802859150, 24.99666425599802366 ) ) ;
#5420 = AXIS2_PLACEMENT_3D ( 'NONE', #219, #3573, #2517 ) ;
#5421 = CARTESIAN_POINT ( 'NONE',  ( 1.038255222641244924, 3.445410028235290856, 12.06504429570374093 ) ) ;
#5422 = VECTOR ( 'NONE', #6181, 1000.000000000000000 ) ;
#5423 = CARTESIAN_POINT ( 'NONE',  ( -5.337894887994158566, -3.878198939378064480, 21.14829115597333953 ) ) ;
#5424 = LINE ( 'NONE', #6472, #7317 ) ;
#5425 =( BOUNDED_SURFACE ( )  B_SPLINE_SURFACE ( 3, 2, ( 
 ( #4863, #4116, #6663 ),
 ( #5504, #2159, #303 ),
 ( #3737, #4379, #3846 ),
 ( #1518, #452, #345 ),
 ( #380, #6704, #2755 ),
 ( #4902, #1596, #3808 ),
 ( #872, #6033, #944 ),
 ( #411, #1558, #7261 ),
 ( #4937, #6176, #3883 ),
 ( #6631, #4973, #4343 ) ),
 .UNSPECIFIED., .F., .F., .F. ) 
 B_SPLINE_SURFACE_WITH_KNOTS ( ( 4, 2, 2, 2, 4 ),
 ( 3, 3 ),
 ( 0.000000000000000000, 0.3950552761889165043, 0.7901105523778330086, 1.185165828566749457, 1.580221104755666017 ),
 ( 0.000000000000000000, 1.000000000000000000 ),
 .UNSPECIFIED. ) 
 GEOMETRIC_REPRESENTATION_ITEM ( )  RATIONAL_B_SPLINE_SURFACE ( (
 ( 1.000000000000000000, 0.6318331413539759467, 1.000000000000000000),
 ( 1.000000000000000000, 0.6318199295438997609, 1.000000000000000000),
 ( 1.000000000000000000, 0.6339434712000315830, 1.000000000000000000),
 ( 1.000000000000000000, 0.6419502525991200859, 1.000000000000000000),
 ( 1.000000000000000000, 0.6478367146453869463, 1.000000000000000000),
 ( 1.000000000000000000, 0.6622312850232445758, 1.000000000000000000),
 ( 1.000000000000000000, 0.6707265110485882698, 1.000000000000000000),
 ( 1.000000000000000000, 0.6888170579976051755, 1.000000000000000000),
 ( 1.000000000000000000, 0.6984047204365421146, 1.000000000000000000),
 ( 1.000000000000000000, 0.7077781290184211871, 1.000000000000000000) ) ) 
 REPRESENTATION_ITEM ( '' )  SURFACE ( )  );
#5426 = AXIS2_PLACEMENT_3D ( 'NONE', #2313, #6260, #6859 ) ;
#5427 = CARTESIAN_POINT ( 'NONE',  ( 3.415385356041664711, 4.547538974663883238, 20.21389480239743008 ) ) ;
#5428 = ORIENTED_EDGE ( 'NONE', *, *, #4494, .F. ) ;
#5429 = CARTESIAN_POINT ( 'NONE',  ( -19.17010649814349676, -1.718752814197137102, 9.250000000000000000 ) ) ;
#5430 = EDGE_CURVE ( 'NONE', #3101, #1407, #370, .T. ) ;
#5431 = CARTESIAN_POINT ( 'NONE',  ( 1.519119568997589376, 4.272368171650648527, 21.24833212799901361 ) ) ;
#5432 = DIRECTION ( 'NONE',  ( -0.000000000000000000, -0.000000000000000000, -1.000000000000000000 ) ) ;
#5433 = VERTEX_POINT ( 'NONE', #826 ) ;
#5434 = CARTESIAN_POINT ( 'NONE',  ( 13.22069333197112329, 4.024125010056278207, 10.74833212799901538 ) ) ;
#5435 = CARTESIAN_POINT ( 'NONE',  ( -4.099641231600962499, -7.185176620940487702, 10.84833182990613487 ) ) ;
#5436 = ORIENTED_EDGE ( 'NONE', *, *, #6590, .F. ) ;
#5437 = ORIENTED_EDGE ( 'NONE', *, *, #4676, .F. ) ;
#5438 = CARTESIAN_POINT ( 'NONE',  ( 2.522804103058812863, 4.065811790065994913, 12.50239009187575867 ) ) ;
#5439 = CARTESIAN_POINT ( 'NONE',  ( -0.3304283836614452796, -8.875294732441112444, 18.31494995495327416 ) ) ;
#5440 = ADVANCED_FACE ( 'NONE', ( #4927 ), #7214, .T. ) ;
#5441 = ORIENTED_EDGE ( 'NONE', *, *, #283, .F. ) ;
#5442 = CARTESIAN_POINT ( 'NONE',  ( -5.337887297018019339, -3.884007349944944565, 18.31496121891910533 ) ) ;
#5443 = ORIENTED_EDGE ( 'NONE', *, *, #1515, .T. ) ;
#5444 = DIRECTION ( 'NONE',  ( 0.000000000000000000, 0.000000000000000000, 1.000000000000000000 ) ) ;
#5445 = EDGE_CURVE ( 'NONE', #7314, #6743, #2071, .T. ) ;
#5446 = CARTESIAN_POINT ( 'NONE',  ( -17.22255376510846503, 11.11286011707180243, 6.999999999999999112 ) ) ;
#5447 = ADVANCED_FACE ( 'NONE', ( #6694 ), #899, .T. ) ;
#5448 = ADVANCED_FACE ( 'NONE', ( #1508 ), #937, .T. ) ;
#5449 = VERTEX_POINT ( 'NONE', #3273 ) ;
#5450 = CYLINDRICAL_SURFACE ( 'NONE', #4697, 1.000000000000000888 ) ;
#5451 = CARTESIAN_POINT ( 'NONE',  ( 13.22069333197112329, 5.250879958319428553, 10.74833212799901361 ) ) ;
#5452 = EDGE_CURVE ( 'NONE', #476, #5708, #1335, .T. ) ;
#5453 = CARTESIAN_POINT ( 'NONE',  ( 2.720693331971122841, 4.025086560482840525, 19.52451712663037142 ) ) ;
#5454 = ORIENTED_EDGE ( 'NONE', *, *, #609, .T. ) ;
#5455 = EDGE_CURVE ( 'NONE', #6238, #5074, #1652, .T. ) ;
#5456 = ORIENTED_EDGE ( 'NONE', *, *, #3788, .F. ) ;
#5457 = CARTESIAN_POINT ( 'NONE',  ( -5.330428383661446112, 4.393118539265072009, 14.58166212799901373 ) ) ;
#5458 = DIRECTION ( 'NONE',  ( -1.000000000000000000, 0.000000000000000000, 0.000000000000000000 ) ) ;
#5459 = DIRECTION ( 'NONE',  ( 1.000000000000000000, 0.000000000000000000, 0.000000000000000000 ) ) ;
#5460 = CARTESIAN_POINT ( 'NONE',  ( 0.9761408625112238946, -7.996667119020860248, 17.58463741618048459 ) ) ;
#5461 = DIRECTION ( 'NONE',  ( 0.000000000000000000, -7.372574772901423840E-15, 1.000000000000000000 ) ) ;
#5462 = CARTESIAN_POINT ( 'NONE',  ( 1.203652600947715756, 5.358247514724723715, 23.24833212799901361 ) ) ;
#5463 = ORIENTED_EDGE ( 'NONE', *, *, #3372, .F. ) ;
#5464 = CARTESIAN_POINT ( 'NONE',  ( 1.519119568997589376, 4.272368171650646751, 21.24833212799901361 ) ) ;
#5465 = CARTESIAN_POINT ( 'NONE',  ( 1.571174219809616135, 4.261655422822212103, 21.77182790673347057 ) ) ;
#5466 = CARTESIAN_POINT ( 'NONE',  ( -0.3025607775276037414, -8.872004039688025756, 7.998332127999012719 ) ) ;
#5467 = ORIENTED_EDGE ( 'NONE', *, *, #2417, .T. ) ;
#5468 = CARTESIAN_POINT ( 'NONE',  ( -1.470414075519788311, -8.748059895569600286, 13.68168770251917543 ) ) ;
#5469 = FACE_OUTER_BOUND ( 'NONE', #1437, .T. ) ;
#5470 = CIRCLE ( 'NONE', #2225, 0.8999999999999998002 ) ;
#5471 = EDGE_LOOP ( 'NONE', ( #2346, #2661, #792, #6068 ) ) ;
#5472 = ORIENTED_EDGE ( 'NONE', *, *, #4071, .T. ) ;
#5473 = DIRECTION ( 'NONE',  ( 1.000000000000000000, 0.000000000000000000, 0.000000000000000000 ) ) ;
#5474 = PLANE ( 'NONE',  #5905 ) ;
#5475 = ORIENTED_EDGE ( 'NONE', *, *, #1689, .F. ) ;
#5476 = CIRCLE ( 'NONE', #3676, 0.09999999999999939493 ) ;
#5477 = ORIENTED_EDGE ( 'NONE', *, *, #6456, .F. ) ;
#5478 = CARTESIAN_POINT ( 'NONE',  ( 11.53569333197112456, 4.729747284365622306, 22.24833212799901361 ) ) ;
#5479 = ORIENTED_EDGE ( 'NONE', *, *, #415, .T. ) ;
#5480 = ADVANCED_FACE ( 'NONE', ( #296 ), #3162, .F. ) ;
#5481 = CARTESIAN_POINT ( 'NONE',  ( 14.30895385150152777, -8.875294732441100010, 15.99833212799901183 ) ) ;
#5482 = DIRECTION ( 'NONE',  ( 0.000000000000000000, 0.000000000000000000, -1.000000000000000000 ) ) ;
#5483 = ADVANCED_FACE ( 'NONE', ( #2031 ), #3703, .F. ) ;
#5484 = AXIS2_PLACEMENT_3D ( 'NONE', #2179, #2741, #5078 ) ;
#5485 = ORIENTED_EDGE ( 'NONE', *, *, #2646, .T. ) ;
#5486 = DIRECTION ( 'NONE',  ( 0.000000000000000000, 0.000000000000000000, -1.000000000000000000 ) ) ;
#5487 = CARTESIAN_POINT ( 'NONE',  ( -2.844334080500920514, -8.214123119587714683, 12.64832437342439775 ) ) ;
#5488 = CIRCLE ( 'NONE', #2005, 1.000000000000000000 ) ;
#5489 = AXIS2_PLACEMENT_3D ( 'NONE', #1260, #2993, #5853 ) ;
#5490 = ORIENTED_EDGE ( 'NONE', *, *, #6102, .F. ) ;
#5491 = VERTEX_POINT ( 'NONE', #6621 ) ;
#5492 = EDGE_CURVE ( 'NONE', #6257, #2467, #5063, .T. ) ;
#5493 = CARTESIAN_POINT ( 'NONE',  ( -4.128854620687912202, 5.372591876360418794, 14.58166212799901373 ) ) ;
#5494 = EDGE_CURVE ( 'NONE', #2849, #1258, #4984, .T. ) ;
#5495 = DIRECTION ( 'NONE',  ( 7.372574772901428574E-15, 1.000000000000000000, -0.000000000000000000 ) ) ;
#5496 = VECTOR ( 'NONE', #1925, 1000.000000000000000 ) ;
#5497 = CARTESIAN_POINT ( 'NONE',  ( 3.522982061685250965, 4.651811261630499850, 11.76223734980168878 ) ) ;
#5498 = B_SPLINE_CURVE_WITH_KNOTS ( 'NONE', 3,
 ( #6325, #5732, #7374, #6251, #488, #2796, #1781, #1209, #5092, #6850, #2944, #4637, #1704, #2228 ),
 .UNSPECIFIED., .F., .F.,
 ( 4, 2, 2, 2, 2, 2, 4 ),
 ( 9.858150715069266762E-08, 0.0002206729882995149973, 0.0004412473950918792691, 0.0008823962086766103064, 0.001102970615468976774, 0.001323545022261343133, 0.001764693835846078019 ),
 .UNSPECIFIED. ) ;
#5499 = CARTESIAN_POINT ( 'NONE',  ( 2.036631926890818178, 3.296651896735201870, 19.81812889743372352 ) ) ;
#5500 = CARTESIAN_POINT ( 'NONE',  ( -0.8746562824944945636, 21.28510420304709072, 24.99666425599802366 ) ) ;
#5501 = CARTESIAN_POINT ( 'NONE',  ( 2.036631926890818178, 3.296651896735200982, 17.84518535856430432 ) ) ;
#5502 = CIRCLE ( 'NONE', #4898, 1.000000000000004441 ) ;
#5503 = VERTEX_POINT ( 'NONE', #590 ) ;
#5504 = CARTESIAN_POINT ( 'NONE',  ( 1.519119569005786596, 4.272368171648960100, 20.98491332176538293 ) ) ;
#5505 = CARTESIAN_POINT ( 'NONE',  ( 16.40811827848397186, -8.873752814197141348, 23.99833212799901005 ) ) ;
#5506 = DIRECTION ( 'NONE',  ( -0.000000000000000000, -0.000000000000000000, -1.000000000000000000 ) ) ;
#5507 = ORIENTED_EDGE ( 'NONE', *, *, #5316, .F. ) ;
#5508 = CARTESIAN_POINT ( 'NONE',  ( -4.672349158720131790, -6.389290630176335917, 13.68166427851819122 ) ) ;
#5509 = LINE ( 'NONE', #351, #5422 ) ;
#5510 = ADVANCED_FACE ( 'NONE', ( #1089 ), #4487, .F. ) ;
#5511 = ORIENTED_EDGE ( 'NONE', *, *, #3108, .F. ) ;
#5512 = ADVANCED_FACE ( 'NONE', ( #5721 ), #3955, .T. ) ;
#5513 = ORIENTED_EDGE ( 'NONE', *, *, #5300, .T. ) ;
#5514 = AXIS2_PLACEMENT_3D ( 'NONE', #712, #4792, #1928 ) ;
#5515 = CARTESIAN_POINT ( 'NONE',  ( -0.3304283836614452796, -8.875294732441114220, 19.34836430104475369 ) ) ;
#5516 = CARTESIAN_POINT ( 'NONE',  ( -5.026349240883941860, 5.185777609562861379, 18.31347808173194380 ) ) ;
#5517 = ORIENTED_EDGE ( 'NONE', *, *, #6649, .T. ) ;
#5518 = EDGE_LOOP ( 'NONE', ( #6529, #2247, #6156, #7287, #3129 ) ) ;
#5519 = DIRECTION ( 'NONE',  ( 0.000000000000000000, 0.000000000000000000, 1.000000000000000000 ) ) ;
#5520 = ORIENTED_EDGE ( 'NONE', *, *, #1913, .T. ) ;
#5521 = CARTESIAN_POINT ( 'NONE',  ( 1.912976276396899378, 3.390725284274772822, 20.78563720917714264 ) ) ;
#5522 = PLANE ( 'NONE',  #5617 ) ;
#5523 = CARTESIAN_POINT ( 'NONE',  ( 7.970693331971125062, 8.229747284365624083, 11.74833212799901183 ) ) ;
#5524 = VECTOR ( 'NONE', #5389, 1000.000000000000000 ) ;
#5525 = EDGE_LOOP ( 'NONE', ( #3679, #892, #3781, #6634, #4650, #1143 ) ) ;
#5526 = ORIENTED_EDGE ( 'NONE', *, *, #1889, .F. ) ;
#5527 = CARTESIAN_POINT ( 'NONE',  ( 3.720693331971123285, 4.840245285879309023, 11.74833212799901183 ) ) ;
#5528 = EDGE_CURVE ( 'NONE', #6692, #1883, #6763, .T. ) ;
#5529 = CARTESIAN_POINT ( 'NONE',  ( 2.720693331971123285, 4.095446378863210057, 19.83974542389642082 ) ) ;
#5530 = ORIENTED_EDGE ( 'NONE', *, *, #694, .F. ) ;
#5531 = DIRECTION ( 'NONE',  ( 0.000000000000000000, 0.000000000000000000, 1.000000000000000000 ) ) ;
#5532 = DIRECTION ( 'NONE',  ( 1.000000000000000000, 7.375108878104640636E-16, -0.000000000000000000 ) ) ;
#5533 = CARTESIAN_POINT ( 'NONE',  ( -0.3304283836614459458, -7.984007349944945986, 11.74833212799901183 ) ) ;
#5534 = CARTESIAN_POINT ( 'NONE',  ( 12.22573151883839770, 4.836110219091773743, 11.74833212799901183 ) ) ;
#5535 = DIRECTION ( 'NONE',  ( 1.000000000000000000, 0.000000000000000000, 0.000000000000000000 ) ) ;
#5536 = CARTESIAN_POINT ( 'NONE',  ( 0.9582460157998364814, 3.406815019553061319, 20.16572359907361189 ) ) ;
#5537 = AXIS2_PLACEMENT_3D ( 'NONE', #1697, #5646, #5087 ) ;
#5538 = EDGE_LOOP ( 'NONE', ( #5454, #740, #4040, #4215, #7291 ) ) ;
#5539 = CARTESIAN_POINT ( 'NONE',  ( 2.208246015799835149, 4.130547250359976275, 12.25883221986484806 ) ) ;
#5540 = EDGE_CURVE ( 'NONE', #1562, #3229, #2742, .T. ) ;
#5541 = CARTESIAN_POINT ( 'NONE',  ( -4.123167137600544763, 5.433540120033991450, 13.68372112044069588 ) ) ;
#5542 = EDGE_CURVE ( 'NONE', #2203, #6520, #5643, .T. ) ;
#5543 = AXIS2_PLACEMENT_3D ( 'NONE', #3285, #1062, #6707 ) ;
#5544 = CARTESIAN_POINT ( 'NONE',  ( 12.22069333197112329, 12.72974728436562231, 21.24833212799901716 ) ) ;
#5545 = VERTEX_POINT ( 'NONE', #443 ) ;
#5546 = CARTESIAN_POINT ( 'NONE',  ( -5.174509623811448300, -5.185035295802959077, 13.68167550544974986 ) ) ;
#5547 = CARTESIAN_POINT ( 'NONE',  ( 0.9582460157998372585, 3.406815019553060875, 14.49906359907361164 ) ) ;
#5548 = EDGE_CURVE ( 'NONE', #6743, #3184, #2143, .T. ) ;
#5549 = ORIENTED_EDGE ( 'NONE', *, *, #5225, .F. ) ;
#5550 = CIRCLE ( 'NONE', #5426, 2.500000000000000444 ) ;
#5551 = VERTEX_POINT ( 'NONE', #2219 ) ;
#5552 = CARTESIAN_POINT ( 'NONE',  ( 12.22069333197112329, 4.839283735452746704, 20.24833212799901361 ) ) ;
#5553 = EDGE_CURVE ( 'NONE', #6343, #2531, #811, .T. ) ;
#5554 = CARTESIAN_POINT ( 'NONE',  ( 1.979346006133859692, 3.341984570568716340, 11.25776456439051998 ) ) ;
#5555 = CARTESIAN_POINT ( 'NONE',  ( 4.410365631536280695, 6.229747284365624083, 22.24833212799901361 ) ) ;
#5556 = ORIENTED_EDGE ( 'NONE', *, *, #6913, .T. ) ;
#5557 = CIRCLE ( 'NONE', #6511, 16.18099892769363990 ) ;
#5558 = ORIENTED_EDGE ( 'NONE', *, *, #5784, .T. ) ;
#5559 = CARTESIAN_POINT ( 'NONE',  ( 1.583246015799828044, -8.236415657594555739, 19.62332212799901399 ) ) ;
#5560 = EDGE_LOOP ( 'NONE', ( #6611, #2852, #2954, #3622 ) ) ;
#5561 = EDGE_CURVE ( 'NONE', #1923, #6982, #1765, .T. ) ;
#5562 = FACE_OUTER_BOUND ( 'NONE', #7113, .T. ) ;
#5563 = LINE ( 'NONE', #287, #204 ) ;
#5564 = CARTESIAN_POINT ( 'NONE',  ( -4.337894887994159454, 4.456773848707517693, 23.99833212799901005 ) ) ;
#5565 = ORIENTED_EDGE ( 'NONE', *, *, #5162, .F. ) ;
#5566 = LINE ( 'NONE', #1087, #4406 ) ;
#5567 = DIRECTION ( 'NONE',  ( -0.000000000000000000, -0.000000000000000000, -1.000000000000000000 ) ) ;
#5568 = ORIENTED_EDGE ( 'NONE', *, *, #3786, .T. ) ;
#5569 = CARTESIAN_POINT ( 'NONE',  ( 1.780820692180978160, 4.244629282719405872, 10.85114671653934337 ) ) ;
#5570 = CARTESIAN_POINT ( 'NONE',  ( -0.8746562824944945636, 21.28510420304709072, 22.74666425599802366 ) ) ;
#5571 = CARTESIAN_POINT ( 'NONE',  ( -4.136321125020615774, 5.436247185802859150, 6.998332127999012719 ) ) ;
#5572 = DIRECTION ( 'NONE',  ( -0.000000000000000000, -0.000000000000000000, 1.000000000000000000 ) ) ;
#5573 = DIRECTION ( 'NONE',  ( -1.000000000000000000, 0.000000000000000000, 0.000000000000000000 ) ) ;
#5574 = CARTESIAN_POINT ( 'NONE',  ( 1.417836159733417478, 3.552638499563077534, 19.63992211459683546 ) ) ;
#5575 = ORIENTED_EDGE ( 'NONE', *, *, #5259, .T. ) ;
#5576 = CARTESIAN_POINT ( 'NONE',  ( 13.22069333197951124, 4.024125010057979956, 21.34604735220741389 ) ) ;
#5577 = FILL_AREA_STYLE ('',( #1559 ) ) ;
#5578 = CARTESIAN_POINT ( 'NONE',  ( -5.330428383661446112, 4.393118539265072009, 17.41499212799901031 ) ) ;
#5579 = B_SPLINE_CURVE_WITH_KNOTS ( 'NONE', 3,
 ( #3734, #6701, #5574, #6100, #4970, #301, #1400, #7183, #5536, #7258 ),
 .UNSPECIFIED., .F., .F.,
 ( 4, 2, 2, 2, 4 ),
 ( 0.0005576856245254395395, 0.0008038372029494085351, 0.001049988781373377422, 0.001296140359797346526, 0.001542291938221315630 ),
 .UNSPECIFIED. ) ;
#5580 = ORIENTED_EDGE ( 'NONE', *, *, #1866, .T. ) ;
#5581 = CARTESIAN_POINT ( 'NONE',  ( -3.381363815830250807, -7.855707514462904939, 13.68166498217873972 ) ) ;
#5582 = CARTESIAN_POINT ( 'NONE',  ( -12.40663181555144767, -13.37191528868327772, 9.250000000000000000 ) ) ;
#5583 = ADVANCED_FACE ( 'NONE', ( #5757 ), #6243, .F. ) ;
#5584 = EDGE_LOOP ( 'NONE', ( #3760, #5344, #4508, #4763, #6055, #227 ) ) ;
#5585 = ORIENTED_EDGE ( 'NONE', *, *, #5269, .T. ) ;
#5587 = EDGE_CURVE ( 'NONE', #3297, #6637, #1015, .T. ) ;
#5586 = LINE ( 'NONE', #4504, #1542 ) ;
#5588 = ADVANCED_FACE ( 'NONE', ( #2294 ), #4026, .T. ) ;
#5589 = DIRECTION ( 'NONE',  ( 1.000000000000000000, 0.000000000000000000, 0.000000000000000000 ) ) ;
#5590 = DIRECTION ( 'NONE',  ( 1.000000000000000000, 0.000000000000000000, 0.000000000000000000 ) ) ;
#5591 = ORIENTED_EDGE ( 'NONE', *, *, #2417, .F. ) ;
#5592 = VERTEX_POINT ( 'NONE', #3077 ) ;
#5593 = DIRECTION ( 'NONE',  ( 3.469446951953614189E-15, 1.000000000000000000, 0.000000000000000000 ) ) ;
#5594 = ORIENTED_EDGE ( 'NONE', *, *, #3954, .F. ) ;
#5595 = CARTESIAN_POINT ( 'NONE',  ( -4.136321125020613998, -8.873752814197141348, 24.99666425599802366 ) ) ;
#5596 = CARTESIAN_POINT ( 'NONE',  ( 2.021704316544359337, -8.884007349944944565, 20.24832212799901399 ) ) ;
#5597 = AXIS2_PLACEMENT_3D ( 'NONE', #1815, #633, #6395 ) ;
#5598 = CARTESIAN_POINT ( 'NONE',  ( -4.129744134739635975, 5.434893653624119025, 15.47959882204863469 ) ) ;
#5599 = AXIS2_PLACEMENT_3D ( 'NONE', #1313, #1987, #3083 ) ;
#5600 = ORIENTED_EDGE ( 'NONE', *, *, #155, .F. ) ;
#5601 = ORIENTED_EDGE ( 'NONE', *, *, #888, .F. ) ;
#5602 = CARTESIAN_POINT ( 'NONE',  ( 1.519119568997588710, 4.272368171650648527, 10.74833212799901361 ) ) ;
#5603 = CARTESIAN_POINT ( 'NONE',  ( -0.3304283836614452796, -8.875294732441112444, 13.68170430104475521 ) ) ;
#5604 = ADVANCED_FACE ( 'NONE', ( #7093 ), #1307, .F. ) ;
#5605 = ORIENTED_EDGE ( 'NONE', *, *, #936, .T. ) ;
#5606 = CARTESIAN_POINT ( 'NONE',  ( 1.668678671221235810, -8.236415657595529183, 13.95666212799899597 ) ) ;
#5607 = DIRECTION ( 'NONE',  ( -1.000000000000000000, 0.000000000000000000, 0.000000000000000000 ) ) ;
#5608 = CARTESIAN_POINT ( 'NONE',  ( 3.093760221697562152, 4.315933523122442494, 11.87461850131980157 ) ) ;
#5609 = DIRECTION ( 'NONE',  ( -0.9794733370953440099, 0.2015737629735344927, 0.000000000000000000 ) ) ;
#5610 = AXIS2_PLACEMENT_3D ( 'NONE', #4268, #4861, #3169 ) ;
#5611 = CIRCLE ( 'NONE', #2131, 1.000000000000000888 ) ;
#5612 = CARTESIAN_POINT ( 'NONE',  ( 12.22069333197112329, 3.729747284365623194, 20.24833212799901361 ) ) ;
#5613 = CARTESIAN_POINT ( 'NONE',  ( -3.389874902935330780, -7.849346466785143583, 18.31498934017608704 ) ) ;
#5614 = CIRCLE ( 'NONE', #6687, 2.500000000000000444 ) ;
#5615 = CARTESIAN_POINT ( 'NONE',  ( 13.22069333197112329, 5.250879958317725915, 21.37925541899584658 ) ) ;
#5616 = FACE_OUTER_BOUND ( 'NONE', #2357, .T. ) ;
#5617 = AXIS2_PLACEMENT_3D ( 'NONE', #6083, #926, #363 ) ;
#5618 = DIRECTION ( 'NONE',  ( 0.9794733370953438989, -0.2015737629735343261, 0.000000000000000000 ) ) ;
#5619 = AXIS2_PLACEMENT_3D ( 'NONE', #6809, #6210, #1059 ) ;
#5620 = DIRECTION ( 'NONE',  ( 1.000000000000000000, 1.127570259384919563E-14, 0.000000000000000000 ) ) ;
#5621 = FACE_OUTER_BOUND ( 'NONE', #4481, .T. ) ;
#5622 = CYLINDRICAL_SURFACE ( 'NONE', #4100, 1.000000000000000888 ) ;
#5623 = EDGE_CURVE ( 'NONE', #5110, #3943, #7191, .T. ) ;
#5624 = ORIENTED_EDGE ( 'NONE', *, *, #4120, .T. ) ;
#5625 = VECTOR ( 'NONE', #624, 1000.000000000000000 ) ;
#5626 = ORIENTED_EDGE ( 'NONE', *, *, #7004, .T. ) ;
#5627 = CARTESIAN_POINT ( 'NONE',  ( -0.3304283836614452796, -8.884007349944946341, 17.41499212799901031 ) ) ;
#5628 = DIRECTION ( 'NONE',  ( 0.2588112339506885018, 0.9659279192470429098, 0.000000000000000000 ) ) ;
#5629 = CARTESIAN_POINT ( 'NONE',  ( 11.78896358600237093, 3.742609536185408814, 7.998332127999012719 ) ) ;
#5630 = ORIENTED_EDGE ( 'NONE', *, *, #7036, .F. ) ;
#5631 = ORIENTED_EDGE ( 'NONE', *, *, #5159, .F. ) ;
#5632 = DIRECTION ( 'NONE',  ( 0.000000000000000000, 0.000000000000000000, 1.000000000000000000 ) ) ;
#5633 = EDGE_CURVE ( 'NONE', #3976, #419, #1660, .T. ) ;
#5634 = ORIENTED_EDGE ( 'NONE', *, *, #3664, .F. ) ;
#5635 = ORIENTED_EDGE ( 'NONE', *, *, #3445, .T. ) ;
#5636 = VECTOR ( 'NONE', #6510, 1000.000000000000000 ) ;
#5637 = CARTESIAN_POINT ( 'NONE',  ( -2.551617567214619520, -8.370458121107917648, 16.51500320870984950 ) ) ;
#5638 = ORIENTED_EDGE ( 'NONE', *, *, #2923, .F. ) ;
#5639 = ORIENTED_EDGE ( 'NONE', *, *, #3892, .F. ) ;
#5640 = CARTESIAN_POINT ( 'NONE',  ( 11.83805397643143742, 4.760537278722608789, 23.24833212799901361 ) ) ;
#5641 = DIRECTION ( 'NONE',  ( 0.000000000000000000, -1.000000000000000000, 0.000000000000000000 ) ) ;
#5642 = CIRCLE ( 'NONE', #2162, 0.8999999999999998002 ) ;
#5643 = LINE ( 'NONE', #478, #449 ) ;
#5644 = CARTESIAN_POINT ( 'NONE',  ( 13.55895385150151533, 4.093738386148094044, 15.99833212799901183 ) ) ;
#5645 = CARTESIAN_POINT ( 'NONE',  ( 1.040493752103466285, -8.039391438412163637, 20.56890935669696319 ) ) ;
#5646 = DIRECTION ( 'NONE',  ( 0.000000000000000000, 0.000000000000000000, 1.000000000000000000 ) ) ;
#5647 = CARTESIAN_POINT ( 'NONE',  ( 19.36578231149358231, 5.288772716631839899, 24.99833212799901361 ) ) ;
#5648 = CIRCLE ( 'NONE', #2763, 0.9000000000000000222 ) ;
#5649 = DIRECTION ( 'NONE',  ( -1.000000000000000000, 0.000000000000000000, 0.000000000000000000 ) ) ;
#5650 = DIRECTION ( 'NONE',  ( -0.000000000000000000, -0.000000000000000000, 1.000000000000000000 ) ) ;
#5651 = CARTESIAN_POINT ( 'NONE',  ( -5.337894887994176329, 4.605939966993048529, 21.14817321038961495 ) ) ;
#5652 = PLANE ( 'NONE',  #6709 ) ;
#5653 = LINE ( 'NONE', #454, #7216 ) ;
#5654 = EDGE_LOOP ( 'NONE', ( #400, #5937, #997, #2204, #7360 ) ) ;
#5655 = AXIS2_PLACEMENT_3D ( 'NONE', #902, #3802, #6097 ) ;
#5656 = DIRECTION ( 'NONE',  ( 0.000000000000000000, 0.000000000000000000, -1.000000000000000000 ) ) ;
#5657 = CARTESIAN_POINT ( 'NONE',  ( -5.329654670400012506, 4.604535563907992568, 10.84851587857340505 ) ) ;
#5658 = ORIENTED_EDGE ( 'NONE', *, *, #3746, .T. ) ;
#5659 = ADVANCED_FACE ( 'NONE', ( #1914 ), #4813, .T. ) ;
#5660 = ORIENTED_EDGE ( 'NONE', *, *, #6170, .T. ) ;
#5661 = PLANE ( 'NONE',  #1053 ) ;
#5662 = CARTESIAN_POINT ( 'NONE',  ( 12.27462777256258875, 4.796471008324600049, 20.24797899630733511 ) ) ;
#5663 = AXIS2_PLACEMENT_3D ( 'NONE', #2600, #6027, #4339 ) ;
#5664 = DIRECTION ( 'NONE',  ( -0.000000000000000000, 0.000000000000000000, 1.000000000000000000 ) ) ;
#5665 = EDGE_LOOP ( 'NONE', ( #5174, #5849, #6833, #7379, #3536, #1006, #1651, #5861, #3780, #3438, #2654 ) ) ;
#5666 = ORIENTED_EDGE ( 'NONE', *, *, #2103, .F. ) ;
#5667 = CARTESIAN_POINT ( 'NONE',  ( 12.68554622394559850, 3.913992745885679359, 9.830269546647173229 ) ) ;
#5668 =( BOUNDED_SURFACE ( )  B_SPLINE_SURFACE ( 3, 2, ( 
 ( #3103, #3662, #4760 ),
 ( #159, #6517, #2499 ),
 ( #5995, #7188, #5395 ),
 ( #4797, #3137, #7076 ),
 ( #1440, #1293, #1933 ),
 ( #3589, #874, #5883 ),
 ( #4235, #3173, #1368 ),
 ( #5465, #3028, #237 ),
 ( #4904, #2534, #4833 ),
 ( #5431, #271, #2572 ) ),
 .UNSPECIFIED., .F., .F., .F. ) 
 B_SPLINE_SURFACE_WITH_KNOTS ( ( 4, 2, 2, 2, 4 ),
 ( 3, 3 ),
 ( 1.570796326794896558, 1.963495408493620697, 2.356194490192344837, 2.748893571891068976, 3.141592653589793116 ),
 ( 0.000000000000000000, 1.000000000000000000 ),
 .UNSPECIFIED. ) 
 GEOMETRIC_REPRESENTATION_ITEM ( )  RATIONAL_B_SPLINE_SURFACE ( (
 ( 1.000000000000000000, 0.7071067811865474617, 1.000000000000000000),
 ( 1.000000000000000000, 0.6977799071279179310, 1.000000000000000000),
 ( 1.000000000000000000, 0.6882584818856651854, 1.000000000000000000),
 ( 1.000000000000000000, 0.6703150792515599754, 1.000000000000000000),
 ( 1.000000000000000000, 0.6619006714533446356, 1.000000000000000000),
 ( 1.000000000000000000, 0.6476533177293288812, 1.000000000000000000),
 ( 1.000000000000000000, 0.6418328879335057913, 1.000000000000000000),
 ( 1.000000000000000000, 0.6339179702652795179, 1.000000000000000000),
 ( 1.000000000000000000, 0.6318202333990887709, 1.000000000000000000),
 ( 1.000000000000000000, 0.6318331413539755026, 1.000000000000000000) ) ) 
 REPRESENTATION_ITEM ( '' )  SURFACE ( )  );
#5669 = VECTOR ( 'NONE', #3749, 1000.000000000000000 ) ;
#5670 = ORIENTED_EDGE ( 'NONE', *, *, #6772, .F. ) ;
#5671 = ORIENTED_EDGE ( 'NONE', *, *, #2093, .T. ) ;
#5672 = CARTESIAN_POINT ( 'NONE',  ( 3.519119568997588932, 3.860771948783964902, 8.748332127999013608 ) ) ;
#5673 = B_SPLINE_CURVE_WITH_KNOTS ( 'NONE', 3,
 ( #3118, #2513, #1343, #5442 ),
 .UNSPECIFIED., .F., .F.,
 ( 4, 4 ),
 ( 0.000000000000000000, 8.712620810959589352E-06 ),
 .UNSPECIFIED. ) ;
#5674 = DIRECTION ( 'NONE',  ( -1.000000000000000000, 0.000000000000000000, 1.020425574104003753E-16 ) ) ;
#5675 = ORIENTED_EDGE ( 'NONE', *, *, #2691, .T. ) ;
#5676 = ORIENTED_EDGE ( 'NONE', *, *, #2458, .T. ) ;
#5677 = B_SPLINE_CURVE_WITH_KNOTS ( 'NONE', 3,
 ( #2603, #3240, #2679, #4896 ),
 .UNSPECIFIED., .F., .F.,
 ( 4, 4 ),
 ( 0.000000000000000000, 8.712620810959589352E-06 ),
 .UNSPECIFIED. ) ;
#5678 = DIRECTION ( 'NONE',  ( 0.000000000000000000, -1.000000000000000000, 0.000000000000000000 ) ) ;
#5679 = LINE ( 'NONE', #3710, #767 ) ;
#5680 = ADVANCED_FACE ( 'NONE', ( #101 ), #2969, .T. ) ;
#5681 = DIRECTION ( 'NONE',  ( -1.000000000000000000, 0.000000000000000000, 0.000000000000000000 ) ) ;
#5682 = ADVANCED_FACE ( 'NONE', ( #174 ), #3003, .F. ) ;
#5683 = EDGE_CURVE ( 'NONE', #879, #468, #1270, .T. ) ;
#5684 = FACE_OUTER_BOUND ( 'NONE', #1635, .T. ) ;
#5685 = EDGE_CURVE ( 'NONE', #2563, #6505, #3256, .T. ) ;
#5686 = EDGE_CURVE ( 'NONE', #1386, #2813, #5301, .T. ) ;
#5687 = CARTESIAN_POINT ( 'NONE',  ( -0.3304283836614456682, -7.984007349944945986, 11.74833212799901183 ) ) ;
#5688 = CARTESIAN_POINT ( 'NONE',  ( -0.9938685729468674790, -8.842986446978361670, 15.48162964614038906 ) ) ;
#5689 = FACE_OUTER_BOUND ( 'NONE', #2810, .T. ) ;
#5690 = EDGE_CURVE ( 'NONE', #2965, #5294, #5266, .T. ) ;
#5691 = CARTESIAN_POINT ( 'NONE',  ( -0.3378948879941183758, -8.875294732441114220, 17.83396615689146358 ) ) ;
#5692 = CARTESIAN_POINT ( 'NONE',  ( -0.9919283371183271747, -8.842990418357855376, 19.34835463954727430 ) ) ;
#5693 = CARTESIAN_POINT ( 'NONE',  ( -5.337894887994158566, -3.875294732441077805, 12.64830115597333560 ) ) ;
#5694 = CARTESIAN_POINT ( 'NONE',  ( 2.021704316544363333, -8.875294732441114220, 19.80292419523750524 ) ) ;
#5695 = ORIENTED_EDGE ( 'NONE', *, *, #374, .T. ) ;
#5696 = AXIS2_PLACEMENT_3D ( 'NONE', #2200, #6290, #1178 ) ;
#5697 = CARTESIAN_POINT ( 'NONE',  ( 2.720693331971122841, 4.829747284365623727, 12.84833212799901325 ) ) ;
#5698 = CARTESIAN_POINT ( 'NONE',  ( -5.337894887994156790, -10.67529473244111315, 15.83396615689146714 ) ) ;
#5699 = EDGE_LOOP ( 'NONE', ( #1023, #5815, #6615, #2700 ) ) ;
#5700 = ORIENTED_EDGE ( 'NONE', *, *, #5357, .F. ) ;
#5701 = DIRECTION ( 'NONE',  ( 0.9798072599803949734, 0.1999443254751453181, -0.000000000000000000 ) ) ;
#5702 = CIRCLE ( 'NONE', #2699, 16.18099892769363990 ) ;
#5703 = CARTESIAN_POINT ( 'NONE',  ( 2.278268720235899991, 4.470796749970885386, 11.57280287148069498 ) ) ;
#5704 = CARTESIAN_POINT ( 'NONE',  ( 4.410365631536280695, 6.229747284365624083, 7.998332127999012719 ) ) ;
#5705 = ORIENTED_EDGE ( 'NONE', *, *, #750, .F. ) ;
#5706 = VERTEX_POINT ( 'NONE', #3040 ) ;
#5707 = CARTESIAN_POINT ( 'NONE',  ( 13.22069333197112506, 4.829747284365623727, 12.84833212799901325 ) ) ;
#5708 = VERTEX_POINT ( 'NONE', #1198 ) ;
#5709 = ORIENTED_EDGE ( 'NONE', *, *, #7364, .T. ) ;
#5710 = CARTESIAN_POINT ( 'NONE',  ( 13.59383997019846824, 4.100917883491166371, 8.748332127999011831 ) ) ;
#5711 = CIRCLE ( 'NONE', #6661, 16.18099892769363990 ) ;
#5712 = DIRECTION ( 'NONE',  ( -9.714451465470117757E-16, 1.000000000000000000, 0.000000000000000000 ) ) ;
#5713 =( BOUNDED_CURVE ( )  B_SPLINE_CURVE ( 3, ( #1898, #6479, #1326, #304 ),
 .UNSPECIFIED., .F., .F. ) 
 B_SPLINE_CURVE_WITH_KNOTS ( ( 4, 4 ),
 ( 3.141592653589793116, 4.712388980384689674 ),
 .UNSPECIFIED. ) 
 CURVE ( )  GEOMETRIC_REPRESENTATION_ITEM ( )  RATIONAL_B_SPLINE_CURVE ( ( 1.000000000000000000, 0.8047378541243649375, 0.8047378541243649375, 1.000000000000000000 ) ) 
 REPRESENTATION_ITEM ( '' )  );
#5714 = ORIENTED_EDGE ( 'NONE', *, *, #4449, .T. ) ;
#5715 = ORIENTED_EDGE ( 'NONE', *, *, #2266, .F. ) ;
#5716 = CARTESIAN_POINT ( 'NONE',  ( 2.290026121494382672, 4.113717059055221448, 9.148998450756057110 ) ) ;
#5717 = LINE ( 'NONE', #5044, #166 ) ;
#5718 = EDGE_CURVE ( 'NONE', #6505, #3185, #3569, .T. ) ;
#5719 = AXIS2_PLACEMENT_3D ( 'NONE', #2867, #4110, #76 ) ;
#5720 = EDGE_CURVE ( 'NONE', #286, #5491, #90, .T. ) ;
#5721 = FACE_OUTER_BOUND ( 'NONE', #1026, .T. ) ;
#5722 = CARTESIAN_POINT ( 'NONE',  ( -5.337887297018019339, -3.884007349944944565, 19.34835303707892251 ) ) ;
#5723 = CARTESIAN_POINT ( 'NONE',  ( 0.9582460157998363703, 3.406815019553060875, 17.33239359907361177 ) ) ;
#5724 = CARTESIAN_POINT ( 'NONE',  ( -2.844334080500920514, -8.214123119587714683, 15.48165437342439965 ) ) ;
#5725 = CARTESIAN_POINT ( 'NONE',  ( 5.597734721401525171, -10.67529473244111315, 16.88396615689146429 ) ) ;
#5726 = CARTESIAN_POINT ( 'NONE',  ( -1.953089181917822437, -8.618377264427518725, 18.31497340622447823 ) ) ;
#5727 = CIRCLE ( 'NONE', #5007, 2.500000000000000444 ) ;
#5728 = EDGE_CURVE ( 'NONE', #6902, #5385, #4740, .T. ) ;
#5729 = DIRECTION ( 'NONE',  ( 2.498001805406602216E-16, -1.000000000000000000, 0.000000000000000000 ) ) ;
#5730 = CARTESIAN_POINT ( 'NONE',  ( -4.828026495970161314, -6.098896013116121395, 19.34832633850840011 ) ) ;
#5731 = AXIS2_PLACEMENT_3D ( 'NONE', #6309, #4061, #6350 ) ;
#5732 = CARTESIAN_POINT ( 'NONE',  ( -5.337894887998079874, 4.531355967279716346, 16.51509152709956396 ) ) ;
#5733 = AXIS2_PLACEMENT_3D ( 'NONE', #1309, #5758, #5827 ) ;
#5734 = DIRECTION ( 'NONE',  ( -0.2588112339506885018, 0.9659279192470429098, 0.000000000000000000 ) ) ;
#5735 = CARTESIAN_POINT ( 'NONE',  ( 12.22069333197112329, 4.839283735452748481, 22.24833212799901361 ) ) ;
#5736 = CARTESIAN_POINT ( 'NONE',  ( -1.736332993055125895, -8.873752814197141348, 22.33813405380196215 ) ) ;
#5737 = CARTESIAN_POINT ( 'NONE',  ( -4.432384610160957195, 5.463343191038625868, 10.85066279180166582 ) ) ;
#5738 = EDGE_LOOP ( 'NONE', ( #6221, #7145, #6196, #1673 ) ) ;
#5739 = FACE_OUTER_BOUND ( 'NONE', #4805, .T. ) ;
#5740 = DIRECTION ( 'NONE',  ( 0.9797785051990590688, -0.2000851837340723305, 0.000000000000000000 ) ) ;
#5741 = VECTOR ( 'NONE', #4407, 1000.000000000000000 ) ;
#5742 = CARTESIAN_POINT ( 'NONE',  ( -12.91971069101994196, 10.41189563371067450, 9.250000000000000000 ) ) ;
#5743 = ORIENTED_EDGE ( 'NONE', *, *, #1049, .F. ) ;
#5744 = AXIS2_PLACEMENT_3D ( 'NONE', #1924, #6426, #1357 ) ;
#5745 = VERTEX_POINT ( 'NONE', #4667 ) ;
#5746 = CARTESIAN_POINT ( 'NONE',  ( -17.67643277480201291, 9.933113728465889025, 22.74666425599802366 ) ) ;
#5747 = EDGE_CURVE ( 'NONE', #3171, #6298, #5759, .T. ) ;
#5748 = ORIENTED_EDGE ( 'NONE', *, *, #3372, .T. ) ;
#5749 = VECTOR ( 'NONE', #3972, 1000.000000000000000 ) ;
#5750 = VERTEX_POINT ( 'NONE', #774 ) ;
#5751 = DIRECTION ( 'NONE',  ( 0.000000000000000000, 0.000000000000000000, 1.000000000000000000 ) ) ;
#5752 = CARTESIAN_POINT ( 'NONE',  ( 7.970693331971125062, 8.229747284365624083, 6.998332127999013608 ) ) ;
#5753 = ORIENTED_EDGE ( 'NONE', *, *, #3333, .T. ) ;
#5754 = VERTEX_POINT ( 'NONE', #4173 ) ;
#5755 = CARTESIAN_POINT ( 'NONE',  ( 2.846906941542510339, 5.199892463772036066, 10.24471315263605042 ) ) ;
#5756 = CARTESIAN_POINT ( 'NONE',  ( 1.583246015799836259, 3.535889187275713219, 11.12333212799901183 ) ) ;
#5757 = FACE_OUTER_BOUND ( 'NONE', #4948, .T. ) ;
#5758 = DIRECTION ( 'NONE',  ( -0.000000000000000000, -0.000000000000000000, 1.000000000000000000 ) ) ;
#5759 =( BOUNDED_CURVE ( )  B_SPLINE_CURVE ( 3, ( #5335, #1344, #6952, #6457 ),
 .UNSPECIFIED., .F., .F. ) 
 B_SPLINE_CURVE_WITH_KNOTS ( ( 4, 4 ),
 ( 3.141592653589793116, 4.712388980384689674 ),
 .UNSPECIFIED. ) 
 CURVE ( )  GEOMETRIC_REPRESENTATION_ITEM ( )  RATIONAL_B_SPLINE_CURVE ( ( 1.000000000000000000, 0.8047378541243649375, 0.8047378541243649375, 1.000000000000000000 ) ) 
 REPRESENTATION_ITEM ( '' )  );
#5760 = EDGE_CURVE ( 'NONE', #4336, #3175, #4312, .T. ) ;
#5761 = LINE ( 'NONE', #2297, #2414 ) ;
#5762 = DIRECTION ( 'NONE',  ( -0.2015737629735342984, -0.9794733370953438989, 0.000000000000000000 ) ) ;
#5763 = FACE_OUTER_BOUND ( 'NONE', #766, .T. ) ;
#5764 = FACE_OUTER_BOUND ( 'NONE', #6993, .T. ) ;
#5765 = VECTOR ( 'NONE', #1362, 1000.000000000000000 ) ;
#5766 = CARTESIAN_POINT ( 'NONE',  ( -0.3378948879941183758, -8.875294732441114220, 23.99833212799901005 ) ) ;
#5767 = ADVANCED_FACE ( 'NONE', ( #1539 ), #6014, .T. ) ;
#5768 = CARTESIAN_POINT ( 'NONE',  ( -4.330428383661447000, 4.393118539265072897, 11.74833212799901183 ) ) ;
#5769 = AXIS2_PLACEMENT_3D ( 'NONE', #1586, #1430, #6022 ) ;
#5770 = CARTESIAN_POINT ( 'NONE',  ( 14.30895385150152777, -8.875294732441100010, 15.99833212799901183 ) ) ;
#5771 = CARTESIAN_POINT ( 'NONE',  ( -0.3025607775276037414, -8.872004039688025756, 6.999999999999999112 ) ) ;
#5772 = ORIENTED_EDGE ( 'NONE', *, *, #3276, .T. ) ;
#5773 = CARTESIAN_POINT ( 'NONE',  ( -3.093646155986133461, -8.873752814197143124, 22.71082585258785258 ) ) ;
#5774 = FACE_OUTER_BOUND ( 'NONE', #2209, .T. ) ;
#5775 = ORIENTED_EDGE ( 'NONE', *, *, #7006, .F. ) ;
#5777 = ADVANCED_FACE ( 'NONE', ( #4958 ), #3829, .F. ) ;
#5776 = DIRECTION ( 'NONE',  ( -9.714451465470117757E-16, 1.000000000000000000, 0.000000000000000000 ) ) ;
#5778 = EDGE_CURVE ( 'NONE', #3903, #5294, #829, .T. ) ;
#5779 = CARTESIAN_POINT ( 'NONE',  ( 1.203652600947714868, 5.358247514724723715, 8.748332127999011831 ) ) ;
#5780 = EDGE_CURVE ( 'NONE', #1643, #2479, #7167, .T. ) ;
#5781 = EDGE_LOOP ( 'NONE', ( #6500, #52, #2164, #6973, #5634 ) ) ;
#5782 = VERTEX_POINT ( 'NONE', #3720 ) ;
#5783 = CARTESIAN_POINT ( 'NONE',  ( 12.98168740738135263, 3.974938042154019691, 10.06467182361261870 ) ) ;
#5784 = EDGE_CURVE ( 'NONE', #5906, #4744, #6681, .T. ) ;
#5785 = EDGE_LOOP ( 'NONE', ( #7163, #6708, #2189, #6407, #756, #354 ) ) ;
#5786 = ORIENTED_EDGE ( 'NONE', *, *, #6008, .F. ) ;
#5787 = LINE ( 'NONE', #6271, #2976 ) ;
#5788 = VECTOR ( 'NONE', #1830, 1000.000000000000000 ) ;
#5789 = CARTESIAN_POINT ( 'NONE',  ( -17.67643277480201291, 9.933113728465889025, 22.74666425599802366 ) ) ;
#5790 = CIRCLE ( 'NONE', #4825, 2.500000000000000444 ) ;
#5791 = B_SPLINE_CURVE_WITH_KNOTS ( 'NONE', 3,
 ( #3007, #6990, #1239, #3082, #4255, #1808 ),
 .UNSPECIFIED., .F., .F.,
 ( 4, 2, 4 ),
 ( 0.000000000000000000, 0.0003862224363872402300, 0.0007724448727744798095 ),
 .UNSPECIFIED. ) ;
#5792 = ORIENTED_EDGE ( 'NONE', *, *, #7049, .T. ) ;
#5793 = LINE ( 'NONE', #4877, #7284 ) ;
#5794 = CARTESIAN_POINT ( 'NONE',  ( -2.838449116619357060, -8.217369994305059322, 10.84833994758535347 ) ) ;
#5795 = ADVANCED_FACE ( 'NONE', ( #7165 ), #3784, .F. ) ;
#5796 = CARTESIAN_POINT ( 'NONE',  ( -5.330428383661446112, -3.884007349944944565, 14.58166212799901373 ) ) ;
#5797 = PLANE ( 'NONE',  #2368 ) ;
#5798 = CARTESIAN_POINT ( 'NONE',  ( 4.108004987075972281, 4.760537278722609678, 8.748332127999011831 ) ) ;
#5799 = DIRECTION ( 'NONE',  ( -0.9794733370953440099, 0.2015737629735344927, 0.000000000000000000 ) ) ;
#5800 = LINE ( 'NONE', #1809, #4526 ) ;
#5801 = DIRECTION ( 'NONE',  ( 0.2015737629735351311, -0.9794733370953438989, 0.000000000000000000 ) ) ;
#5802 = DIRECTION ( 'NONE',  ( -0.9794733370953440099, 0.2015737629735344927, 0.000000000000000000 ) ) ;
#5803 = CARTESIAN_POINT ( 'NONE',  ( 2.208246015799835149, 4.130547250359976275, 23.99833212799901005 ) ) ;
#5804 = FACE_OUTER_BOUND ( 'NONE', #5781, .T. ) ;
#5805 = LINE ( 'NONE', #6288, #220 ) ;
#5806 = CARTESIAN_POINT ( 'NONE',  ( -5.762886430835527207, 5.860126656390095334, 9.250000000000000000 ) ) ;
#5807 = DIRECTION ( 'NONE',  ( -0.000000000000000000, 0.000000000000000000, -1.000000000000000000 ) ) ;
#5808 = CARTESIAN_POINT ( 'NONE',  ( -4.136321125020613998, 5.436247185802858262, 15.47959015647041170 ) ) ;
#5809 = ORIENTED_EDGE ( 'NONE', *, *, #3195, .F. ) ;
#5810 = FACE_OUTER_BOUND ( 'NONE', #6711, .T. ) ;
#5811 = EDGE_CURVE ( 'NONE', #4918, #3066, #962, .T. ) ;
#5812 = CARTESIAN_POINT ( 'NONE',  ( -4.330428383661447000, 4.393118539265072897, 17.41499212799901031 ) ) ;
#5813 = AXIS2_PLACEMENT_3D ( 'NONE', #46, #2345, #3516 ) ;
#5814 = LINE ( 'NONE', #5466, #4706 ) ;
#5815 = ORIENTED_EDGE ( 'NONE', *, *, #4027, .F. ) ;
#5816 = ORIENTED_EDGE ( 'NONE', *, *, #6730, .T. ) ;
#5817 = DIRECTION ( 'NONE',  ( 1.000000000000000000, 0.000000000000000000, 0.000000000000000000 ) ) ;
#5818 = EDGE_CURVE ( 'NONE', #1971, #1370, #4996, .T. ) ;
#5819 = EDGE_LOOP ( 'NONE', ( #6759, #5393, #2320, #1454, #2578, #500, #6346, #4016, #5103, #7268, #931 ) ) ;
#5820 = ORIENTED_EDGE ( 'NONE', *, *, #2546, .T. ) ;
#5822 = EDGE_CURVE ( 'NONE', #5745, #5210, #2614, .T. ) ;
#5821 = LINE ( 'NONE', #2887, #442 ) ;
#5823 = FACE_OUTER_BOUND ( 'NONE', #5098, .T. ) ;
#5824 = ORIENTED_EDGE ( 'NONE', *, *, #5860, .F. ) ;
#5825 = CARTESIAN_POINT ( 'NONE',  ( 10.34865194254071596, -10.67529473244111315, 14.78396615689146643 ) ) ;
#5826 = CARTESIAN_POINT ( 'NONE',  ( 3.906431224102437927, 3.781063941627265113, 7.998332127999012719 ) ) ;
#5827 = DIRECTION ( 'NONE',  ( 1.000000000000000000, 0.000000000000000000, 0.000000000000000000 ) ) ;
#5828 = CARTESIAN_POINT ( 'NONE',  ( 2.278268720235900435, 4.470796749970888939, 20.07279287148069713 ) ) ;
#5829 = ORIENTED_EDGE ( 'NONE', *, *, #1590, .F. ) ;
#5830 = CARTESIAN_POINT ( 'NONE',  ( -5.337894887994156790, -10.67529473244111315, 15.83396615689146714 ) ) ;
#5831 = CARTESIAN_POINT ( 'NONE',  ( 2.021704316544359337, -8.884007349944944565, 11.74833212799901183 ) ) ;
#5832 = EDGE_CURVE ( 'NONE', #437, #3150, #5139, .T. ) ;
#5833 = DIRECTION ( 'NONE',  ( 0.000000000000000000, 0.000000000000000000, -1.000000000000000000 ) ) ;
#5834 = ORIENTED_EDGE ( 'NONE', *, *, #6394, .F. ) ;
#5835 = DIRECTION ( 'NONE',  ( -1.000000000000000000, -0.000000000000000000, -0.000000000000000000 ) ) ;
#5836 = CARTESIAN_POINT ( 'NONE',  ( 10.34865194254071596, -10.67529473244111315, 15.83396615689146714 ) ) ;
#5837 = DIRECTION ( 'NONE',  ( 1.000000000000000000, 0.000000000000000000, 0.000000000000000000 ) ) ;
#5838 = CARTESIAN_POINT ( 'NONE',  ( 1.583246015799828044, -8.236415657594555739, 16.78999212799901031 ) ) ;
#5839 = AXIS2_PLACEMENT_3D ( 'NONE', #6579, #5981, #5414 ) ;
#5840 = CARTESIAN_POINT ( 'NONE',  ( -0.3304283836614461678, -3.884007349944943677, 11.74833212799901183 ) ) ;
#5841 = CARTESIAN_POINT ( 'NONE',  ( -5.337894887994158566, 4.446164562201834869, 10.84837496602262341 ) ) ;
#5842 = CARTESIAN_POINT ( 'NONE',  ( 4.410365631536287800, 4.729747284365622306, 9.748332127999011831 ) ) ;
#5843 = ORIENTED_EDGE ( 'NONE', *, *, #3479, .F. ) ;
#5844 = CARTESIAN_POINT ( 'NONE',  ( 1.720693331971123063, 5.251841508745991760, 10.74833212799901361 ) ) ;
#5845 = AXIS2_PLACEMENT_3D ( 'NONE', #4476, #6157, #6644 ) ;
#5846 = CARTESIAN_POINT ( 'NONE',  ( 2.021704316544363333, -12.57799432079165314, 15.02706006076051892 ) ) ;
#5847 = CARTESIAN_POINT ( 'NONE',  ( 0.000000000000000000, 0.000000000000000000, 23.99833212799901005 ) ) ;
#5848 = EDGE_CURVE ( 'NONE', #1258, #3150, #5563, .T. ) ;
#5849 = ORIENTED_EDGE ( 'NONE', *, *, #2656, .T. ) ;
#5850 = VECTOR ( 'NONE', #4722, 1000.000000000000227 ) ;
#5851 = VERTEX_POINT ( 'NONE', #4847 ) ;
#5852 = EDGE_CURVE ( 'NONE', #3592, #3852, #6811, .T. ) ;
#5853 = DIRECTION ( 'NONE',  ( 1.000000000000000000, 0.000000000000000000, 0.000000000000000000 ) ) ;
#5854 = VERTEX_POINT ( 'NONE', #2585 ) ;
#5855 = ORIENTED_EDGE ( 'NONE', *, *, #4122, .T. ) ;
#5856 = CARTESIAN_POINT ( 'NONE',  ( -5.337894887994158566, 4.456773848707518582, 12.64828224615836660 ) ) ;
#5857 = AXIS2_PLACEMENT_3D ( 'NONE', #4233, #124, #4153 ) ;
#5858 = DIRECTION ( 'NONE',  ( 1.000000000000000000, 0.000000000000000000, 0.000000000000000000 ) ) ;
#5859 = AXIS2_PLACEMENT_3D ( 'NONE', #3538, #4710, #1770 ) ;
#5860 = EDGE_CURVE ( 'NONE', #7242, #4503, #2024, .T. ) ;
#5861 = ORIENTED_EDGE ( 'NONE', *, *, #6134, .T. ) ;
#5862 = DIRECTION ( 'NONE',  ( 0.000000000000000000, 0.000000000000000000, 1.000000000000000000 ) ) ;
#5863 = AXIS2_PLACEMENT_3D ( 'NONE', #1469, #3761, #3198 ) ;
#5864 = DIRECTION ( 'NONE',  ( -1.000000000000000000, -0.000000000000000000, -0.000000000000000000 ) ) ;
#5865 = EDGE_CURVE ( 'NONE', #3295, #1401, #324, .T. ) ;
#5866 = CARTESIAN_POINT ( 'NONE',  ( 1.198254432287300553, 3.508614384660480479, 17.91392151349310424 ) ) ;
#5867 = DIRECTION ( 'NONE',  ( -0.2015737629735341319, -0.9794733370953440099, 0.000000000000000000 ) ) ;
#5868 = VERTEX_POINT ( 'NONE', #6647 ) ;
#5869 = LINE ( 'NONE', #3643, #2168 ) ;
#5870 = CARTESIAN_POINT ( 'NONE',  ( -5.330428383661446112, 4.393118539265072009, 16.51499212799900818 ) ) ;
#5871 = CARTESIAN_POINT ( 'NONE',  ( 15.05895385150152954, -8.875294732441100010, 15.99833212799901183 ) ) ;
#5872 = ORIENTED_EDGE ( 'NONE', *, *, #246, .F. ) ;
#5873 = CARTESIAN_POINT ( 'NONE',  ( -4.913161118397629146, 5.278043985895719103, 19.35012605220855164 ) ) ;
#5874 = AXIS2_PLACEMENT_3D ( 'NONE', #6657, #2033, #5459 ) ;
#5875 = LINE ( 'NONE', #710, #2138 ) ;
#5876 = CARTESIAN_POINT ( 'NONE',  ( 11.78896358600237093, 3.742609536185408814, 6.998332127999012719 ) ) ;
#5877 = CARTESIAN_POINT ( 'NONE',  ( -12.91971069101993486, -13.84940126210495492, 22.74666425599802366 ) ) ;
#5878 = CARTESIAN_POINT ( 'NONE',  ( -5.337894887994158566, 4.393118539265072009, 12.64830115597333560 ) ) ;
#5879 = FACE_OUTER_BOUND ( 'NONE', #2411, .T. ) ;
#5880 = ORIENTED_EDGE ( 'NONE', *, *, #5109, .T. ) ;
#5881 = CARTESIAN_POINT ( 'NONE',  ( 1.674890344502793837, 3.517028957506927789, 12.37333212800090010 ) ) ;
#5882 = LINE ( 'NONE', #4727, #6765 ) ;
#5883 = CARTESIAN_POINT ( 'NONE',  ( 2.921026493349474951, 5.169385136207687914, 21.86287885175045886 ) ) ;
#5884 = DIRECTION ( 'NONE',  ( -0.000000000000000000, -0.000000000000000000, -1.000000000000000000 ) ) ;
#5885 = ORIENTED_EDGE ( 'NONE', *, *, #4464, .T. ) ;
#5886 = ORIENTED_EDGE ( 'NONE', *, *, #4126, .T. ) ;
#5887 = CARTESIAN_POINT ( 'NONE',  ( 13.20863641675432731, 4.021643719674697692, 10.55293852575032609 ) ) ;
#5888 = ADVANCED_FACE ( 'NONE', ( #3226 ), #5522, .F. ) ;
#5889 = ORIENTED_EDGE ( 'NONE', *, *, #2923, .T. ) ;
#5890 = ORIENTED_EDGE ( 'NONE', *, *, #3115, .F. ) ;
#5891 = CARTESIAN_POINT ( 'NONE',  ( 3.010861407613159457, 3.965370518517463694, 12.70052000053996188 ) ) ;
#5892 = DIRECTION ( 'NONE',  ( 0.000000000000000000, 0.000000000000000000, 1.000000000000000000 ) ) ;
#5893 = VERTEX_POINT ( 'NONE', #2140 ) ;
#5894 = CARTESIAN_POINT ( 'NONE',  ( -14.28307289072193420, -16.30343477370360006, 9.250000000000000000 ) ) ;
#5895 = VECTOR ( 'NONE', #4707, 1000.000000000000000 ) ;
#5896 = CARTESIAN_POINT ( 'NONE',  ( -0.3304283836614452796, -8.875294732441114220, 12.64828995495327035 ) ) ;
#5897 = DIRECTION ( 'NONE',  ( 0.000000000000000000, 1.000000000000000000, 0.000000000000000000 ) ) ;
#5898 = VECTOR ( 'NONE', #5432, 1000.000000000000000 ) ;
#5899 = FACE_OUTER_BOUND ( 'NONE', #1902, .T. ) ;
#5900 = EDGE_LOOP ( 'NONE', ( #7176, #1719, #1848, #2394 ) ) ;
#5901 = DIRECTION ( 'NONE',  ( -0.9794733370953440099, 0.2015737629735344927, 0.000000000000000000 ) ) ;
#5902 = CARTESIAN_POINT ( 'NONE',  ( 12.22069333197112151, 3.729747284365623194, 10.74833212799901361 ) ) ;
#5903 = DIRECTION ( 'NONE',  ( 0.000000000000000000, 0.000000000000000000, 1.000000000000000000 ) ) ;
#5904 = ADVANCED_FACE ( 'NONE', ( #433 ), #3866, .F. ) ;
#5905 = AXIS2_PLACEMENT_3D ( 'NONE', #3778, #4770, #1907 ) ;
#5906 = VERTEX_POINT ( 'NONE', #7282 ) ;
#5907 = EDGE_CURVE ( 'NONE', #104, #3970, #6160, .T. ) ;
#5908 = EDGE_CURVE ( 'NONE', #2778, #6376, #6450, .T. ) ;
#5909 = CARTESIAN_POINT ( 'NONE',  ( -5.329654670401549055, 4.604535563897901085, 19.34850587857338766 ) ) ;
#5910 = FACE_OUTER_BOUND ( 'NONE', #5253, .T. ) ;
#5911 = EDGE_CURVE ( 'NONE', #6453, #3035, #3649, .T. ) ;
#5912 = CARTESIAN_POINT ( 'NONE',  ( 0.9582460157998369255, 3.406815019553060875, 11.74833212799901183 ) ) ;
#5913 = CARTESIAN_POINT ( 'NONE',  ( 2.720693331971122841, 4.184853523558590638, 11.95720248688490450 ) ) ;
#5914 = EDGE_CURVE ( 'NONE', #1401, #6874, #2497, .T. ) ;
#5915 = VECTOR ( 'NONE', #1470, 1000.000000000000000 ) ;
#5916 = LINE ( 'NONE', #4720, #2641 ) ;
#5917 = PLANE ( 'NONE',  #4537 ) ;
#5918 = CARTESIAN_POINT ( 'NONE',  ( -0.4784759132581364316, -8.873752814197139571, 21.77734658243097599 ) ) ;
#5919 = ORIENTED_EDGE ( 'NONE', *, *, #5780, .F. ) ;
#5920 = CARTESIAN_POINT ( 'NONE',  ( 1.762280412935443907, 3.477989781646236178, 12.35279571321912861 ) ) ;
#5921 = CARTESIAN_POINT ( 'NONE',  ( -0.3329172189645431268, -8.875294732441114220, 13.68170430104475521 ) ) ;
#5922 = DIRECTION ( 'NONE',  ( 0.000000000000000000, 0.000000000000000000, 1.000000000000000000 ) ) ;
#5923 = ORIENTED_EDGE ( 'NONE', *, *, #770, .T. ) ;
#5924 = EDGE_LOOP ( 'NONE', ( #3366, #3891, #2837, #6989, #1869, #2710, #3729, #2845, #2660 ) ) ;
#5925 = CARTESIAN_POINT ( 'NONE',  ( -14.28307289072193598, 12.86592914530930720, 22.74666425599802366 ) ) ;
#5926 = CARTESIAN_POINT ( 'NONE',  ( -3.381363815830250807, -7.855707514462904939, 10.84833498217874137 ) ) ;
#5927 = EDGE_LOOP ( 'NONE', ( #6020, #5635, #7353, #5219 ) ) ;
#5928 = VERTEX_POINT ( 'NONE', #6467 ) ;
#5929 = FACE_OUTER_BOUND ( 'NONE', #260, .T. ) ;
#5930 = CARTESIAN_POINT ( 'NONE',  ( -12.40663181555144767, -13.37191528868327772, 22.74666425599802366 ) ) ;
#5931 = ORIENTED_EDGE ( 'NONE', *, *, #981, .T. ) ;
#5932 = CARTESIAN_POINT ( 'NONE',  ( -17.67643277480201647, -13.37061935686017655, 9.250000000000000000 ) ) ;
#5933 = CARTESIAN_POINT ( 'NONE',  ( 12.22069333197112329, 4.839283735452746704, 20.24833212799901361 ) ) ;
#5934 = LINE ( 'NONE', #889, #5016 ) ;
#5935 = CIRCLE ( 'NONE', #7252, 0.8999999999999998002 ) ;
#5936 = CARTESIAN_POINT ( 'NONE',  ( 13.09298840606200010, 5.198317093173815628, 11.25473341724731924 ) ) ;
#5937 = ORIENTED_EDGE ( 'NONE', *, *, #6274, .T. ) ;
#5938 = CARTESIAN_POINT ( 'NONE',  ( -0.3304283836614461678, -3.884007349944943677, 14.58166212799901373 ) ) ;
#5939 = DIRECTION ( 'NONE',  ( 1.000000000000000000, 0.000000000000000000, -0.000000000000000000 ) ) ;
#5940 = ADVANCED_FACE ( 'NONE', ( #3089 ), #1317, .T. ) ;
#5941 = DIRECTION ( 'NONE',  ( 0.2015737629735367964, 0.9794733370953436769, 0.000000000000000000 ) ) ;
#5942 = EDGE_CURVE ( 'NONE', #4550, #4916, #6475, .T. ) ;
#5943 = VERTEX_POINT ( 'NONE', #4677 ) ;
#5944 = ORIENTED_EDGE ( 'NONE', *, *, #651, .F. ) ;
#5945 = DIRECTION ( 'NONE',  ( 0.000000000000000000, 0.000000000000000000, -1.000000000000000000 ) ) ;
#5946 = DIRECTION ( 'NONE',  ( -0.2015737629735342984, -0.9794733370953438989, 0.000000000000000000 ) ) ;
#5947 = CARTESIAN_POINT ( 'NONE',  ( 1.198254432287300109, 3.508614384660479590, 20.74725151349310437 ) ) ;
#5948 = LINE ( 'NONE', #2381, #456 ) ;
#5949 = CARTESIAN_POINT ( 'NONE',  ( 16.28395385150157182, -3.875294732441113332, 7.998332127999012719 ) ) ;
#5950 = EDGE_CURVE ( 'NONE', #1796, #4442, #3014, .T. ) ;
#5951 = DIRECTION ( 'NONE',  ( 0.000000000000000000, 0.000000000000000000, -1.000000000000000000 ) ) ;
#5952 = B_SPLINE_CURVE_WITH_KNOTS ( 'NONE', 3,
 ( #1707, #1784, #2760, #1104, #605, #2835, #5095, #4078, #6291, #3364, #7377, #2307, #3439, #2233 ),
 .UNSPECIFIED., .F., .F.,
 ( 4, 2, 2, 2, 2, 2, 4 ),
 ( 9.858150715069266762E-08, 0.0002206729882995149973, 0.0004412473950918792691, 0.0008823962086766103064, 0.001102970615468976774, 0.001323545022261343133, 0.001764693835846078019 ),
 .UNSPECIFIED. ) ;
#5953 = CARTESIAN_POINT ( 'NONE',  ( -4.136321125020615774, 5.436247185802859150, 6.999999999999999112 ) ) ;
#5954 = VERTEX_POINT ( 'NONE', #228 ) ;
#5955 = FACE_OUTER_BOUND ( 'NONE', #5924, .T. ) ;
#5956 = LINE ( 'NONE', #6437, #3433 ) ;
#5957 = VECTOR ( 'NONE', #779, 1000.000000000000000 ) ;
#5958 = CARTESIAN_POINT ( 'NONE',  ( 21.28395385150157182, 4.456773848707507923, 23.99833212799901005 ) ) ;
#5959 = ORIENTED_EDGE ( 'NONE', *, *, #2226, .T. ) ;
#5960 = ORIENTED_EDGE ( 'NONE', *, *, #337, .F. ) ;
#5961 = CARTESIAN_POINT ( 'NONE',  ( -17.67643277480202002, 9.933113728465892578, 22.74666425599802366 ) ) ;
#5962 = CARTESIAN_POINT ( 'NONE',  ( -4.128854620687912202, 5.372591876360418794, 17.41499212799901031 ) ) ;
#5963 = ORIENTED_EDGE ( 'NONE', *, *, #1495, .F. ) ;
#5964 = VECTOR ( 'NONE', #172, 1000.000000000000000 ) ;
#5965 = VERTEX_POINT ( 'NONE', #4072 ) ;
#5966 = CARTESIAN_POINT ( 'NONE',  ( 3.519119568997589820, 3.860771948783964902, 23.24833212799901005 ) ) ;
#5967 = CARTESIAN_POINT ( 'NONE',  ( -0.3354060526787385754, -8.875294732441114220, 18.31494997298081273 ) ) ;
#5968 = VECTOR ( 'NONE', #7277, 1000.000000000000000 ) ;
#5969 = AXIS2_PLACEMENT_3D ( 'NONE', #7022, #1766, #2367 ) ;
#5970 = ORIENTED_EDGE ( 'NONE', *, *, #4586, .F. ) ;
#5971 = CARTESIAN_POINT ( 'NONE',  ( -17.22255376510845792, -14.55036574546608108, 9.250000000000000000 ) ) ;
#5972 = VERTEX_POINT ( 'NONE', #4144 ) ;
#5973 = AXIS2_PLACEMENT_3D ( 'NONE', #4571, #3927, #492 ) ;
#5974 = CARTESIAN_POINT ( 'NONE',  ( -4.136321125020615774, 5.436247185802859150, 10.24999999999999822 ) ) ;
#5975 = CARTESIAN_POINT ( 'NONE',  ( 2.014565150278558203, 3.189426536606437601, 14.58166212799901373 ) ) ;
#5976 = CIRCLE ( 'NONE', #2734, 2.500000000000000444 ) ;
#5977 = AXIS2_PLACEMENT_3D ( 'NONE', #5493, #4965, #6655 ) ;
#5978 = DIRECTION ( 'NONE',  ( -0.9794733370953440099, 0.2015737629735342429, 0.000000000000000000 ) ) ;
#5979 = ORIENTED_EDGE ( 'NONE', *, *, #2180, .T. ) ;
#5980 = CARTESIAN_POINT ( 'NONE',  ( -5.330428383661446112, 4.393118539265072009, 12.64833212799901219 ) ) ;
#5981 = DIRECTION ( 'NONE',  ( 1.000000000000000000, 9.714451465470117757E-16, 0.000000000000000000 ) ) ;
#5982 = DIRECTION ( 'NONE',  ( 0.000000000000000000, 0.000000000000000000, 1.000000000000000000 ) ) ;
#5983 = ADVANCED_FACE ( 'NONE', ( #6392 ), #745, .T. ) ;
#5984 = ORIENTED_EDGE ( 'NONE', *, *, #1296, .T. ) ;
#5985 = EDGE_LOOP ( 'NONE', ( #5485, #2092, #5549, #6401, #4393 ) ) ;
#5986 = LINE ( 'NONE', #4108, #4778 ) ;
#5987 = CARTESIAN_POINT ( 'NONE',  ( 0.000000000000000000, 0.000000000000000000, 7.998332127999012719 ) ) ;
#5988 = DIRECTION ( 'NONE',  ( 0.2588112339506885018, 0.9659279192470429098, 0.000000000000000000 ) ) ;
#5989 = DIRECTION ( 'NONE',  ( 0.000000000000000000, 1.000000000000000000, 0.000000000000000000 ) ) ;
#5990 = CARTESIAN_POINT ( 'NONE',  ( 3.523459126825790655, 4.652287195306743506, 20.23450626347416659 ) ) ;
#5991 = AXIS2_PLACEMENT_3D ( 'NONE', #5770, #3475, #600 ) ;
#5992 = EDGE_CURVE ( 'NONE', #4539, #3400, #2941, .T. ) ;
#5993 = VERTEX_POINT ( 'NONE', #2485 ) ;
#5994 = CARTESIAN_POINT ( 'NONE',  ( 2.720693331971122841, 11.72974728436562408, 10.74833212799901361 ) ) ;
#5995 = CARTESIAN_POINT ( 'NONE',  ( 2.995623790552666588, 3.968506391331258154, 23.19627747730691425 ) ) ;
#5996 = DIRECTION ( 'NONE',  ( -1.000000000000000000, 1.092801349243425058E-16, -0.000000000000000000 ) ) ;
#5997 = ORIENTED_EDGE ( 'NONE', *, *, #4071, .F. ) ;
#5998 = DIRECTION ( 'NONE',  ( -0.000000000000000000, -0.000000000000000000, -1.000000000000000000 ) ) ;
#5999 = CARTESIAN_POINT ( 'NONE',  ( -0.6676620390903934554, -8.875294732441899370, 10.84836947434608767 ) ) ;
#6000 = ADVANCED_FACE ( 'NONE', ( #3507 ), #2625, .F. ) ;
#6001 = ORIENTED_EDGE ( 'NONE', *, *, #4623, .T. ) ;
#6002 = VECTOR ( 'NONE', #7181, 1000.000000000000000 ) ;
#6003 = ORIENTED_EDGE ( 'NONE', *, *, #652, .F. ) ;
#6005 = EDGE_CURVE ( 'NONE', #1812, #960, #6211, .T. ) ;
#6004 = CARTESIAN_POINT ( 'NONE',  ( 3.537968845863877831, 3.856892803202998987, 12.74824330221691326 ) ) ;
#6006 = ADVANCED_FACE ( 'NONE', ( #6359 ), #4787, .T. ) ;
#6007 = DIRECTION ( 'NONE',  ( 1.000000000000000000, 7.375108878104640636E-16, -0.000000000000000000 ) ) ;
#6008 = EDGE_CURVE ( 'NONE', #4786, #957, #553, .T. ) ;
#6009 = AXIS2_PLACEMENT_3D ( 'NONE', #4102, #3575, #4745 ) ;
#6010 = EDGE_CURVE ( 'NONE', #6349, #896, #3095, .T. ) ;
#6011 = ORIENTED_EDGE ( 'NONE', *, *, #5728, .F. ) ;
#6012 = CARTESIAN_POINT ( 'NONE',  ( 1.519119568997588932, 4.272368171650648527, 10.78237027054480279 ) ) ;
#6013 = ORIENTED_EDGE ( 'NONE', *, *, #4453, .T. ) ;
#6014 = CYLINDRICAL_SURFACE ( 'NONE', #928, 5.000000000000000000 ) ;
#6015 = DIRECTION ( 'NONE',  ( -0.9794733370953438989, 0.2015737629735347147, 0.000000000000000000 ) ) ;
#6016 = ORIENTED_EDGE ( 'NONE', *, *, #873, .F. ) ;
#6017 = LINE ( 'NONE', #860, #1196 ) ;
#6018 = DIRECTION ( 'NONE',  ( 0.000000000000000000, 1.000000000000000000, 0.000000000000000000 ) ) ;
#6019 = CARTESIAN_POINT ( 'NONE',  ( 12.55200214995689478, 3.886509627665936328, 20.27205431153114290 ) ) ;
#6020 = ORIENTED_EDGE ( 'NONE', *, *, #6587, .F. ) ;
#6021 = VERTEX_POINT ( 'NONE', #6794 ) ;
#6022 = DIRECTION ( 'NONE',  ( 1.000000000000000000, 0.000000000000000000, 0.000000000000000000 ) ) ;
#6023 = CARTESIAN_POINT ( 'NONE',  ( -5.330428383661446112, 4.393118539265072009, 14.58166212799901373 ) ) ;
#6024 = AXIS2_PLACEMENT_3D ( 'NONE', #3974, #2918, #5209 ) ;
#6025 = CARTESIAN_POINT ( 'NONE',  ( 1.497131977613010978, -8.236415657595497208, 16.78999212799902807 ) ) ;
#6026 = AXIS2_PLACEMENT_3D ( 'NONE', #2652, #4424, #1483 ) ;
#6027 = DIRECTION ( 'NONE',  ( -0.9794733370953438989, 0.2015737629735347147, 0.000000000000000000 ) ) ;
#6028 = CARTESIAN_POINT ( 'NONE',  ( 2.720693331971122841, 4.184853523558590638, 11.95720248688490450 ) ) ;
#6029 = VECTOR ( 'NONE', #2511, 1000.000000000000000 ) ;
#6030 = CARTESIAN_POINT ( 'NONE',  ( 2.915365150043343956, 4.236737254086329507, 20.07595507786562550 ) ) ;
#6031 = B_SPLINE_CURVE_WITH_KNOTS ( 'NONE', 3,
 ( #1433, #2567, #3732, #3167, #336, #4859, #7142, #5460, #6133, #5012 ),
 .UNSPECIFIED., .F., .F.,
 ( 4, 2, 2, 2, 4 ),
 ( 0.0005053797613153654866, 0.0007592764193092636608, 0.001013173077303161727, 0.001267069735297059793, 0.001520966393290958292 ),
 .UNSPECIFIED. ) ;
#6032 = ORIENTED_EDGE ( 'NONE', *, *, #655, .F. ) ;
#6033 = CARTESIAN_POINT ( 'NONE',  ( 3.048878131065175801, 3.957546748628129940, 20.47090979047189663 ) ) ;
#6034 = DIRECTION ( 'NONE',  ( 0.000000000000000000, 0.000000000000000000, -1.000000000000000000 ) ) ;
#6035 = DIRECTION ( 'NONE',  ( 0.000000000000000000, 1.000000000000000000, -0.000000000000000000 ) ) ;
#6036 = ORIENTED_EDGE ( 'NONE', *, *, #399, .F. ) ;
#6037 = SPHERICAL_SURFACE ( 'NONE', #6205, 1.000000000000000000 ) ;
#6038 = CARTESIAN_POINT ( 'NONE',  ( -4.136321125020615774, 5.436247185802859150, 19.35039409952761602 ) ) ;
#6039 = EDGE_CURVE ( 'NONE', #6716, #4910, #5976, .T. ) ;
#6040 = VERTEX_POINT ( 'NONE', #6159 ) ;
#6041 = ADVANCED_FACE ( 'NONE', ( #6233 ), #3783, .T. ) ;
#6042 = ORIENTED_EDGE ( 'NONE', *, *, #7236, .T. ) ;
#6043 = DIRECTION ( 'NONE',  ( 1.000000000000000000, 0.000000000000000000, -0.000000000000000000 ) ) ;
#6044 = CARTESIAN_POINT ( 'NONE',  ( -5.337887297018019339, -3.884007349944944565, 10.84836303707892036 ) ) ;
#6045 = VERTEX_POINT ( 'NONE', #1040 ) ;
#6046 = ORIENTED_EDGE ( 'NONE', *, *, #6091, .F. ) ;
#6047 = CARTESIAN_POINT ( 'NONE',  ( 1.040995091370845005, -8.039719456106311668, 19.92675646251781174 ) ) ;
#6048 = ADVANCED_FACE ( 'NONE', ( #1647 ), #6082, .F. ) ;
#6049 = ORIENTED_EDGE ( 'NONE', *, *, #1354, .T. ) ;
#6050 = CARTESIAN_POINT ( 'NONE',  ( -0.3378948879941582883, -3.875294732441113332, 23.99833212799901005 ) ) ;
#6051 = LINE ( 'NONE', #4212, #2730 ) ;
#6052 = ORIENTED_EDGE ( 'NONE', *, *, #4992, .F. ) ;
#6053 = CARTESIAN_POINT ( 'NONE',  ( 19.36578231149358587, 5.288772716631841675, 6.999999999999999112 ) ) ;
#6054 = CARTESIAN_POINT ( 'NONE',  ( 12.34297207741763280, 4.889613205215554537, 20.24713522898632689 ) ) ;
#6055 = ORIENTED_EDGE ( 'NONE', *, *, #7004, .F. ) ;
#6056 = ORIENTED_EDGE ( 'NONE', *, *, #7130, .F. ) ;
#6057 = CARTESIAN_POINT ( 'NONE',  ( 1.521725275909269204, 4.271831922089275757, 10.85039112044069576 ) ) ;
#6058 = CYLINDRICAL_SURFACE ( 'NONE', #5207, 0.9000000000000000222 ) ;
#6059 = FACE_OUTER_BOUND ( 'NONE', #1151, .T. ) ;
#6060 = ADVANCED_FACE ( 'NONE', ( #5562 ), #1576, .T. ) ;
#6061 = CARTESIAN_POINT ( 'NONE',  ( 13.55895385150152777, -8.875294732441100010, 15.99833212799901183 ) ) ;
#6062 = CARTESIAN_POINT ( 'NONE',  ( -4.129744134739637751, 5.434893653624119025, 16.51705543394939113 ) ) ;
#6063 = CYLINDRICAL_SURFACE ( 'NONE', #3324, 0.6250000000000005551 ) ;
#6064 = ORIENTED_EDGE ( 'NONE', *, *, #3473, .F. ) ;
#6065 = CARTESIAN_POINT ( 'NONE',  ( 14.42226709494465808, 4.271406621224086209, 21.24833212799901361 ) ) ;
#6066 = CARTESIAN_POINT ( 'NONE',  ( -4.136321125020615774, 5.436247185802859150, 13.68373409952761222 ) ) ;
#6067 = CARTESIAN_POINT ( 'NONE',  ( -0.3354060526787380203, -8.875294732441114220, 12.64828997298081426 ) ) ;
#6068 = ORIENTED_EDGE ( 'NONE', *, *, #925, .F. ) ;
#6069 = LINE ( 'NONE', #385, #6333 ) ;
#6070 = DIRECTION ( 'NONE',  ( -0.000000000000000000, 1.000000000000000000, -0.000000000000000000 ) ) ;
#6071 = AXIS2_PLACEMENT_3D ( 'NONE', #6706, #3847, #982 ) ;
#6072 = ORIENTED_EDGE ( 'NONE', *, *, #3935, .F. ) ;
#6073 = EDGE_LOOP ( 'NONE', ( #3985, #2146, #1417, #7392, #999, #614, #805, #1793, #2724, #3716, #979, #4351, #5290, #2948, #1974, #923, #3578, #7150, #6103, #1079, #6197, #2237, #1336, #5361 ) ) ;
#6074 = DIRECTION ( 'NONE',  ( -0.2015737629735341319, 0.9794733370953440099, 0.000000000000000000 ) ) ;
#6075 = DIRECTION ( 'NONE',  ( -0.9794733370953440099, 0.2015737629735344927, 0.000000000000000000 ) ) ;
#6076 = EDGE_CURVE ( 'NONE', #5928, #883, #3164, .T. ) ;
#6077 = ORIENTED_EDGE ( 'NONE', *, *, #7384, .T. ) ;
#6078 = AXIS2_PLACEMENT_3D ( 'NONE', #933, #1581, #4443 ) ;
#6079 = VERTEX_POINT ( 'NONE', #5672 ) ;
#6080 = DIRECTION ( 'NONE',  ( 1.000000000000000000, 0.000000000000000000, 0.000000000000000000 ) ) ;
#6081 = ORIENTED_EDGE ( 'NONE', *, *, #7094, .T. ) ;
#6082 = PLANE ( 'NONE',  #6574 ) ;
#6083 = CARTESIAN_POINT ( 'NONE',  ( -4.136321125020615774, 5.436247185802859150, 6.998332127999012719 ) ) ;
#6084 = DIRECTION ( 'NONE',  ( 0.000000000000000000, 0.000000000000000000, -1.000000000000000000 ) ) ;
#6085 = AXIS2_PLACEMENT_3D ( 'NONE', #2586, #3755, #2667 ) ;
#6086 = ORIENTED_EDGE ( 'NONE', *, *, #750, .T. ) ;
#6087 = CARTESIAN_POINT ( 'NONE',  ( 11.53569333197113167, 6.229747284365624083, 7.998332127999010943 ) ) ;
#6088 = CARTESIAN_POINT ( 'NONE',  ( 13.01801329041708222, 5.167457618765287641, 20.63057663759802551 ) ) ;
#6089 = CIRCLE ( 'NONE', #5973, 0.09999999999999939493 ) ;
#6090 = ORIENTED_EDGE ( 'NONE', *, *, #3561, .T. ) ;
#6091 = EDGE_CURVE ( 'NONE', #361, #2015, #1460, .T. ) ;
#6092 = CARTESIAN_POINT ( 'NONE',  ( 0.000000000000000000, 0.000000000000000000, 23.99833212799901005 ) ) ;
#6093 = FACE_OUTER_BOUND ( 'NONE', #6720, .T. ) ;
#6094 = AXIS2_PLACEMENT_3D ( 'NONE', #2080, #3282, #4460 ) ;
#6095 = DIRECTION ( 'NONE',  ( 0.000000000000000000, -1.000000000000000000, 0.000000000000000000 ) ) ;
#6096 = EDGE_CURVE ( 'NONE', #5027, #3031, #7204, .T. ) ;
#6097 = DIRECTION ( 'NONE',  ( -9.637352644315596722E-16, 1.000000000000000000, 0.000000000000000000 ) ) ;
#6098 = AXIS2_PLACEMENT_3D ( 'NONE', #1836, #649, #6903 ) ;
#6099 = LINE ( 'NONE', #5612, #4207 ) ;
#6100 = CARTESIAN_POINT ( 'NONE',  ( 1.264809656741814337, 3.529456912432836102, 19.70416288474244482 ) ) ;
#6101 = AXIS2_PLACEMENT_3D ( 'NONE', #2616, #3180, #881 ) ;
#6102 = EDGE_CURVE ( 'NONE', #7420, #1643, #7407, .T. ) ;
#6103 = ORIENTED_EDGE ( 'NONE', *, *, #4218, .T. ) ;
#6104 = LINE ( 'NONE', #7224, #6696 ) ;
#6105 = LINE ( 'NONE', #1060, #1391 ) ;
#6106 = CARTESIAN_POINT ( 'NONE',  ( 12.22069333197112151, 11.72974728436562408, 10.74833212799901361 ) ) ;
#6107 = EDGE_LOOP ( 'NONE', ( #1428, #1872, #3006 ) ) ;
#6108 = DIRECTION ( 'NONE',  ( 0.000000000000000000, 0.000000000000000000, 1.000000000000000000 ) ) ;
#6109 = CARTESIAN_POINT ( 'NONE',  ( 0.9752219684006925293, 3.415585595647539829, 14.41574589100661186 ) ) ;
#6110 = ORIENTED_EDGE ( 'NONE', *, *, #6458, .F. ) ;
#6111 = VERTEX_POINT ( 'NONE', #6755 ) ;
#6112 = CARTESIAN_POINT ( 'NONE',  ( 2.148191582501089769, 3.838734886871903118, 14.89428127206973862 ) ) ;
#6113 = CARTESIAN_POINT ( 'NONE',  ( 12.22069333197112151, 12.72974728436562231, 10.74833212799901361 ) ) ;
#6114 = CARTESIAN_POINT ( 'NONE',  ( -4.855142743477019351, 5.325173626122780668, 18.31304007702953029 ) ) ;
#6115 = EDGE_CURVE ( 'NONE', #2026, #7348, #6934, .T. ) ;
#6116 = ORIENTED_EDGE ( 'NONE', *, *, #4356, .F. ) ;
#6117 = VERTEX_POINT ( 'NONE', #5595 ) ;
#6118 = FACE_OUTER_BOUND ( 'NONE', #4434, .T. ) ;
#6119 = ORIENTED_EDGE ( 'NONE', *, *, #425, .T. ) ;
#6120 = CARTESIAN_POINT ( 'NONE',  ( -19.17010649814349676, -1.718752814197137102, 9.250000000000000000 ) ) ;
#6121 = B_SPLINE_CURVE_WITH_KNOTS ( 'NONE', 3,
 ( #5856, #96, #5178, #2396, #57 ),
 .UNSPECIFIED., .F., .F.,
 ( 4, 1, 4 ),
 ( 0.002020911749992916097, 0.002053132317618547829, 0.002085352885244179128 ),
 .UNSPECIFIED. ) ;
#6122 = B_SPLINE_CURVE_WITH_KNOTS ( 'NONE', 3,
 ( #1283, #3018, #2449, #4753, #901, #3200 ),
 .UNSPECIFIED., .F., .F.,
 ( 4, 2, 4 ),
 ( 0.002535073272971947230, 0.002786593946710815180, 0.003038114620449682696 ),
 .UNSPECIFIED. ) ;
#6123 = DIRECTION ( 'NONE',  ( -0.2588112339506883353, -0.9659279192470430209, 0.000000000000000000 ) ) ;
#6124 = DIRECTION ( 'NONE',  ( -0.000000000000000000, -0.000000000000000000, -1.000000000000000000 ) ) ;
#6125 = CIRCLE ( 'NONE', #4082, 0.8999999999999998002 ) ;
#6126 = ORIENTED_EDGE ( 'NONE', *, *, #6546, .T. ) ;
#6127 = DIRECTION ( 'NONE',  ( 1.000000000000000000, 0.000000000000000000, 0.000000000000000000 ) ) ;
#6128 = LINE ( 'NONE', #4444, #1496 ) ;
#6129 = VERTEX_POINT ( 'NONE', #430 ) ;
#6130 = DIRECTION ( 'NONE',  ( -1.000000000000000000, -5.682499450283236309E-17, 0.000000000000000000 ) ) ;
#6131 = DIRECTION ( 'NONE',  ( 0.000000000000000000, 0.000000000000000000, -1.000000000000000000 ) ) ;
#6132 = DIRECTION ( 'NONE',  ( 1.000000000000000000, 0.000000000000000000, 0.000000000000000000 ) ) ;
#6133 = CARTESIAN_POINT ( 'NONE',  ( 0.9582460157997615413, -7.984007349944890031, 17.49977400749640921 ) ) ;
#6134 = EDGE_CURVE ( 'NONE', #1955, #5893, #1728, .T. ) ;
#6135 = CARTESIAN_POINT ( 'NONE',  ( -4.102004650208493253, -7.182488613582319381, 15.48166242733716302 ) ) ;
#6136 = CARTESIAN_POINT ( 'NONE',  ( 3.704026288810855938, 4.829747284376125549, 20.24833212799901361 ) ) ;
#6137 = ADVANCED_FACE ( 'NONE', ( #6868, #1797 ), #5107, .T. ) ;
#6138 = ADVANCED_FACE ( 'NONE', ( #2249 ), #5145, .F. ) ;
#6139 = AXIS2_PLACEMENT_3D ( 'NONE', #4032, #1201, #1166 ) ;
#6140 = VERTEX_POINT ( 'NONE', #6303 ) ;
#6141 = DIRECTION ( 'NONE',  ( -0.9794733370953440099, -0.2015737629735342151, 0.000000000000000000 ) ) ;
#6142 = CARTESIAN_POINT ( 'NONE',  ( -5.337894887994158566, 4.393118539265072009, 13.68169310002468819 ) ) ;
#6143 = VECTOR ( 'NONE', #5884, 1000.000000000000000 ) ;
#6144 = CYLINDRICAL_SURFACE ( 'NONE', #3386, 0.8999999999999980238 ) ;
#6145 = ORIENTED_EDGE ( 'NONE', *, *, #3345, .F. ) ;
#6146 = CARTESIAN_POINT ( 'NONE',  ( 12.22069333197112151, 11.72974728436562408, 10.74833212799901361 ) ) ;
#6147 = CARTESIAN_POINT ( 'NONE',  ( -5.337887297018019339, -3.884007349944944565, 16.51502303707891883 ) ) ;
#6148 = ORIENTED_EDGE ( 'NONE', *, *, #3345, .T. ) ;
#6149 = EDGE_LOOP ( 'NONE', ( #1379, #2386, #5472, #3684, #463, #6972, #4053 ) ) ;
#6150 = PLANE ( 'NONE',  #683 ) ;
#6151 = PLANE ( 'NONE',  #3624 ) ;
#6152 = AXIS2_PLACEMENT_3D ( 'NONE', #2792, #6208, #5157 ) ;
#6153 = DIRECTION ( 'NONE',  ( -0.000000000000000000, -0.000000000000000000, -1.000000000000000000 ) ) ;
#6154 = EDGE_CURVE ( 'NONE', #5854, #6277, #680, .T. ) ;
#6155 = ORIENTED_EDGE ( 'NONE', *, *, #318, .T. ) ;
#6156 = ORIENTED_EDGE ( 'NONE', *, *, #6235, .F. ) ;
#6157 = DIRECTION ( 'NONE',  ( 2.498001805406602216E-16, -1.000000000000000000, 0.000000000000000000 ) ) ;
#6158 = ORIENTED_EDGE ( 'NONE', *, *, #4623, .F. ) ;
#6159 = CARTESIAN_POINT ( 'NONE',  ( -3.656843035363722016, -8.873752814197141348, 22.74666425599802366 ) ) ;
#6160 = LINE ( 'NONE', #1004, #2134 ) ;
#6161 = FACE_OUTER_BOUND ( 'NONE', #1741, .T. ) ;
#6162 = EDGE_LOOP ( 'NONE', ( #782, #1392, #2065, #6788, #410, #6119, #864, #4164, #921, #460, #5204, #276, #6602, #6783, #912, #4367 ) ) ;
#6163 = ORIENTED_EDGE ( 'NONE', *, *, #4713, .F. ) ;
#6164 = CARTESIAN_POINT ( 'NONE',  ( 1.519119569005692005, 4.272368171648980528, 10.48648554600557503 ) ) ;
#6165 = DIRECTION ( 'NONE',  ( -0.2588112339506885018, 0.9659279192470429098, -0.000000000000000000 ) ) ;
#6166 = VERTEX_POINT ( 'NONE', #2322 ) ;
#6167 = CARTESIAN_POINT ( 'NONE',  ( -0.8746562824944889014, -24.72260983144137469, 9.250000000000000000 ) ) ;
#6168 = CARTESIAN_POINT ( 'NONE',  ( 2.021704316544359337, -8.884007349944944565, 14.58166212799901373 ) ) ;
#6169 = CARTESIAN_POINT ( 'NONE',  ( -5.330428383661446112, 4.393118539265072009, 20.24832212799901399 ) ) ;
#6170 = EDGE_CURVE ( 'NONE', #6343, #2696, #581, .T. ) ;
#6171 = CARTESIAN_POINT ( 'NONE',  ( -12.91971069101993486, -13.84940126210495492, 6.999999999999999112 ) ) ;
#6172 = DIRECTION ( 'NONE',  ( -0.000000000000000000, -1.000000000000000000, -0.000000000000000000 ) ) ;
#6173 = EDGE_CURVE ( 'NONE', #192, #269, #3696, .T. ) ;
#6174 = DIRECTION ( 'NONE',  ( 1.000000000000000000, 4.818676322157798361E-16, 0.000000000000000000 ) ) ;
#6175 = VERTEX_POINT ( 'NONE', #3455 ) ;
#6176 = CARTESIAN_POINT ( 'NONE',  ( 3.389384513985268743, 3.887471178092276602, 20.27205431153110382 ) ) ;
#6177 = CARTESIAN_POINT ( 'NONE',  ( -5.208911900726146627, 4.953620798299947836, 21.14746708666958952 ) ) ;
#6178 = PLANE ( 'NONE',  #4941 ) ;
#6179 = ORIENTED_EDGE ( 'NONE', *, *, #7174, .F. ) ;
#6180 = CARTESIAN_POINT ( 'NONE',  ( -0.6676620390903934554, -8.875294732441899370, 13.68169947434608957 ) ) ;
#6181 = DIRECTION ( 'NONE',  ( -0.000000000000000000, 1.000000000000000000, -0.000000000000000000 ) ) ;
#6182 = ORIENTED_EDGE ( 'NONE', *, *, #846, .T. ) ;
#6183 = VERTEX_POINT ( 'NONE', #2961 ) ;
#6184 = CARTESIAN_POINT ( 'NONE',  ( 13.59383997019847001, 4.100917883491166371, 23.24833212799901716 ) ) ;
#6185 = CARTESIAN_POINT ( 'NONE',  ( 15.57106778315772821, -8.873752814197141348, 22.74666425599802366 ) ) ;
#6186 = CARTESIAN_POINT ( 'NONE',  ( 5.470693331971125062, 8.229747284365624083, 6.998332127999013608 ) ) ;
#6187 = ORIENTED_EDGE ( 'NONE', *, *, #4808, .T. ) ;
#6188 = VERTEX_POINT ( 'NONE', #1231 ) ;
#6189 = CARTESIAN_POINT ( 'NONE',  ( 4.157095377505041434, 3.742609536185408370, 23.99833212799901005 ) ) ;
#6190 =( BOUNDED_CURVE ( )  B_SPLINE_CURVE ( 3, ( #7262, #2795, #2119, #4461 ),
 .UNSPECIFIED., .F., .F. ) 
 B_SPLINE_CURVE_WITH_KNOTS ( ( 4, 4 ),
 ( 0.000000000000000000, 3.141592653589793116 ),
 .UNSPECIFIED. ) 
 CURVE ( )  GEOMETRIC_REPRESENTATION_ITEM ( )  RATIONAL_B_SPLINE_CURVE ( ( 1.000000000000000000, 0.3333333333333333703, 0.3333333333333333703, 1.000000000000000000 ) ) 
 REPRESENTATION_ITEM ( '' )  );
#6191 = ORIENTED_EDGE ( 'NONE', *, *, #4396, .F. ) ;
#6192 = ORIENTED_EDGE ( 'NONE', *, *, #597, .T. ) ;
#6193 = DIRECTION ( 'NONE',  ( -0.2015737629735344649, -0.9794733370953438989, 0.000000000000000000 ) ) ;
#6194 = CARTESIAN_POINT ( 'NONE',  ( 14.42226709494465631, 4.271406621224085320, 11.56855272356139075 ) ) ;
#6195 = VECTOR ( 'NONE', #4599, 1000.000000000000000 ) ;
#6196 = ORIENTED_EDGE ( 'NONE', *, *, #6590, .T. ) ;
#6197 = ORIENTED_EDGE ( 'NONE', *, *, #5198, .T. ) ;
#6198 = CARTESIAN_POINT ( 'NONE',  ( 2.720693331971122841, 5.251841508745991760, 10.74833212799901361 ) ) ;
#6199 = CARTESIAN_POINT ( 'NONE',  ( 13.22069333197112329, 5.250879958319429441, 21.24833212799901716 ) ) ;
#6200 = CIRCLE ( 'NONE', #1882, 1.000000000000000888 ) ;
#6201 = DIRECTION ( 'NONE',  ( 1.000000000000000000, 4.163336342344336041E-16, 0.000000000000000000 ) ) ;
#6202 = CYLINDRICAL_SURFACE ( 'NONE', #27, 2.500000000000000444 ) ;
#6203 = CARTESIAN_POINT ( 'NONE',  ( -4.136321125020615774, 5.436247185802859150, 23.99833212799901005 ) ) ;
#6204 = FACE_OUTER_BOUND ( 'NONE', #3909, .T. ) ;
#6205 = AXIS2_PLACEMENT_3D ( 'NONE', #1600, #4423, #7229 ) ;
#6206 = CARTESIAN_POINT ( 'NONE',  ( 5.597734721401525171, -12.57799432079165314, 13.83396615689146714 ) ) ;
#6207 = EDGE_CURVE ( 'NONE', #5745, #3852, #5821, .T. ) ;
#6208 = DIRECTION ( 'NONE',  ( 0.000000000000000000, 0.000000000000000000, -1.000000000000000000 ) ) ;
#6209 = CIRCLE ( 'NONE', #5977, 0.9000000000000000222 ) ;
#6210 = DIRECTION ( 'NONE',  ( 1.000000000000000000, 4.163336342344336041E-16, 0.000000000000000000 ) ) ;
#6211 = B_SPLINE_CURVE_WITH_KNOTS ( 'NONE', 3,
 ( #7029, #5312, #5909, #73, #3050, #784, #3541, #5873, #7066, #148, #2446, #112, #5345, #183 ),
 .UNSPECIFIED., .F., .F.,
 ( 4, 2, 2, 2, 2, 2, 4 ),
 ( 9.858150715069266762E-08, 0.0002206729882995149973, 0.0004412473950918792691, 0.0008823962086766103064, 0.001102970615468976774, 0.001323545022261343133, 0.001764693835846078019 ),
 .UNSPECIFIED. ) ;
#6212 = FACE_OUTER_BOUND ( 'NONE', #4330, .T. ) ;
#6213 = AXIS2_PLACEMENT_3D ( 'NONE', #2811, #3414, #1686 ) ;
#6214 = CARTESIAN_POINT ( 'NONE',  ( -5.337894887994158566, 4.393118539265072009, 18.31496115597333585 ) ) ;
#6215 = CARTESIAN_POINT ( 'NONE',  ( -0.3304283836614452796, -8.875294732441112444, 12.64828995495327035 ) ) ;
#6216 = AXIS2_PLACEMENT_3D ( 'NONE', #5029, #2690, #6074 ) ;
#6217 = ORIENTED_EDGE ( 'NONE', *, *, #5125, .T. ) ;
#6218 = CARTESIAN_POINT ( 'NONE',  ( 1.899992864411728322, -8.166483265202609587, 20.79313434279443129 ) ) ;
#6219 = CARTESIAN_POINT ( 'NONE',  ( -4.136321125020613998, 5.436247185802858262, 15.47959015647041170 ) ) ;
#6220 = ORIENTED_EDGE ( 'NONE', *, *, #799, .F. ) ;
#6221 = ORIENTED_EDGE ( 'NONE', *, *, #6170, .F. ) ;
#6222 = DIRECTION ( 'NONE',  ( 1.000000000000000000, 9.714451465470117757E-16, 0.000000000000000000 ) ) ;
#6223 = PLANE ( 'NONE',  #2191 ) ;
#6224 = CARTESIAN_POINT ( 'NONE',  ( 1.413285024935993395, -8.218058352597035210, 11.14156491323812759 ) ) ;
#6225 = ORIENTED_EDGE ( 'NONE', *, *, #3921, .T. ) ;
#6226 = EDGE_CURVE ( 'NONE', #6637, #4158, #6121, .T. ) ;
#6227 = EDGE_LOOP ( 'NONE', ( #6514, #1353, #6387, #242, #4579, #2996, #2801, #3205 ) ) ;
#6228 = CARTESIAN_POINT ( 'NONE',  ( 11.78896358600237093, 3.742609536185408814, 24.99833212799901361 ) ) ;
#6229 = ADVANCED_FACE ( 'NONE', ( #6977 ), #22, .T. ) ;
#6230 = VERTEX_POINT ( 'NONE', #4129 ) ;
#6231 = VERTEX_POINT ( 'NONE', #1756 ) ;
#6232 = VECTOR ( 'NONE', #5572, 1000.000000000000000 ) ;
#6234 = EDGE_CURVE ( 'NONE', #3400, #1290, #6412, .T. ) ;
#6233 = FACE_OUTER_BOUND ( 'NONE', #5538, .T. ) ;
#6235 = EDGE_CURVE ( 'NONE', #820, #7200, #3493, .T. ) ;
#6236 = PLANE ( 'NONE',  #196 ) ;
#6237 = EDGE_CURVE ( 'NONE', #5893, #7344, #1411, .T. ) ;
#6238 = VERTEX_POINT ( 'NONE', #3981 ) ;
#6239 = ORIENTED_EDGE ( 'NONE', *, *, #3112, .T. ) ;
#6240 = DIRECTION ( 'NONE',  ( -0.000000000000000000, -0.000000000000000000, 1.000000000000000000 ) ) ;
#6241 = DIRECTION ( 'NONE',  ( -0.9794733370953440099, 0.2015737629735344927, 0.000000000000000000 ) ) ;
#6242 = AXIS2_PLACEMENT_3D ( 'NONE', #5155, #4671, #4524 ) ;
#6243 = CYLINDRICAL_SURFACE ( 'NONE', #6940, 16.18099892769363990 ) ;
#6244 = CARTESIAN_POINT ( 'NONE',  ( 4.410365631536292241, 3.729747284365623194, 23.99833212799901005 ) ) ;
#6245 = DIRECTION ( 'NONE',  ( 1.000000000000000000, 7.375108878104640636E-16, -0.000000000000000000 ) ) ;
#6246 = LINE ( 'NONE', #3468, #7195 ) ;
#6247 = CIRCLE ( 'NONE', #4333, 1.000000000000000000 ) ;
#6248 = CARTESIAN_POINT ( 'NONE',  ( -1.639205548044022409, -8.714184379051483020, 18.31496899900944086 ) ) ;
#6249 = CARTESIAN_POINT ( 'NONE',  ( -4.129744134739637751, 5.434893653624119025, 19.35038543394939126 ) ) ;
#6250 = CARTESIAN_POINT ( 'NONE',  ( -2.098089785723465717, -8.558080166329160576, 19.34833900135118157 ) ) ;
#6251 = CARTESIAN_POINT ( 'NONE',  ( -5.297318707988972974, 4.748196092373506261, 16.51539884433577043 ) ) ;
#6252 = FACE_BOUND ( 'NONE', #727, .T. ) ;
#6253 = ORIENTED_EDGE ( 'NONE', *, *, #3342, .T. ) ;
#6254 = CIRCLE ( 'NONE', #1459, 16.18099892769363990 ) ;
#6255 = CARTESIAN_POINT ( 'NONE',  ( -0.7591129630893951319, -8.873752814197141348, 21.92603278642995690 ) ) ;
#6256 = CARTESIAN_POINT ( 'NONE',  ( -0.3025607775276037414, -8.872004039688025756, 24.99833212799901361 ) ) ;
#6257 = VERTEX_POINT ( 'NONE', #618 ) ;
#6258 = ORIENTED_EDGE ( 'NONE', *, *, #3010, .F. ) ;
#6259 = DIRECTION ( 'NONE',  ( -7.228014483236697541E-16, 1.000000000000000000, 0.000000000000000000 ) ) ;
#6260 = DIRECTION ( 'NONE',  ( 0.000000000000000000, 0.000000000000000000, -1.000000000000000000 ) ) ;
#6261 = VECTOR ( 'NONE', #161, 1000.000000000000000 ) ;
#6262 = CARTESIAN_POINT ( 'NONE',  ( -12.40663181555145123, 9.934409660288995525, 6.999999999999999112 ) ) ;
#6263 = EDGE_CURVE ( 'NONE', #723, #1760, #5787, .T. ) ;
#6264 = EDGE_LOOP ( 'NONE', ( #4820, #1259, #5705 ) ) ;
#6265 = ORIENTED_EDGE ( 'NONE', *, *, #2277, .F. ) ;
#6266 = DIRECTION ( 'NONE',  ( 0.000000000000000000, 1.000000000000000000, 0.000000000000000000 ) ) ;
#6267 = EDGE_CURVE ( 'NONE', #6608, #7154, #6518, .T. ) ;
#6268 = TOROIDAL_SURFACE ( 'NONE', #1827, 0.9999999999999993339, 0.8999999999999998002 ) ;
#6269 = EDGE_LOOP ( 'NONE', ( #1685, #2054 ) ) ;
#6270 = ORIENTED_EDGE ( 'NONE', *, *, #5848, .T. ) ;
#6271 = CARTESIAN_POINT ( 'NONE',  ( -0.4406843748671965266, -8.356503081941468736, 23.99833212799901005 ) ) ;
#6272 = CARTESIAN_POINT ( 'NONE',  ( -12.91971069101994196, 10.41189563371067450, 24.99666425599802366 ) ) ;
#6273 = CIRCLE ( 'NONE', #4243, 0.8999999999999998002 ) ;
#6274 = EDGE_CURVE ( 'NONE', #5993, #4203, #5215, .T. ) ;
#6275 = EDGE_CURVE ( 'NONE', #6559, #4512, #1655, .T. ) ;
#6276 = VERTEX_POINT ( 'NONE', #6316 ) ;
#6277 = VERTEX_POINT ( 'NONE', #1240 ) ;
#6278 = CARTESIAN_POINT ( 'NONE',  ( -5.337887297018019339, -3.884007349944944565, 10.84836303707892036 ) ) ;
#6279 = DIRECTION ( 'NONE',  ( 0.000000000000000000, 0.000000000000000000, -1.000000000000000000 ) ) ;
#6280 = CARTESIAN_POINT ( 'NONE',  ( -4.282710726335266394, 5.457960999510000022, 12.64609882227916771 ) ) ;
#6281 = CARTESIAN_POINT ( 'NONE',  ( 10.47069333197112506, 8.229747284365624083, 6.998332127999013608 ) ) ;
#6282 = LINE ( 'NONE', #1130, #2999 ) ;
#6283 = DIRECTION ( 'NONE',  ( -0.9794733370953440099, 0.2015737629735344927, 0.000000000000000000 ) ) ;
#6284 = CARTESIAN_POINT ( 'NONE',  ( -5.337312670008241611, -4.213774000388533558, 18.31496598140831011 ) ) ;
#6285 = CARTESIAN_POINT ( 'NONE',  ( -4.116590141842817019, 5.432186586728145805, 19.35038112044069791 ) ) ;
#6286 = CARTESIAN_POINT ( 'NONE',  ( -4.099641231600962499, -7.185176620940487702, 19.34832182990614058 ) ) ;
#6287 = EDGE_CURVE ( 'NONE', #1883, #6175, #660, .T. ) ;
#6288 = CARTESIAN_POINT ( 'NONE',  ( 2.208246015799835149, 4.130547250359976275, 23.99833212799901005 ) ) ;
#6289 = DIRECTION ( 'NONE',  ( 0.000000000000000000, 1.000000000000000000, 0.000000000000000000 ) ) ;
#6290 = DIRECTION ( 'NONE',  ( -1.000000000000000000, -4.336808689942016947E-15, 0.000000000000000000 ) ) ;
#6291 = CARTESIAN_POINT ( 'NONE',  ( -4.849966951082723021, 5.318873863347462816, 13.68359776458610177 ) ) ;
#6292 = CARTESIAN_POINT ( 'NONE',  ( -5.272760515538299941, 4.819338697184246456, 10.84887947723968793 ) ) ;
#6293 = ORIENTED_EDGE ( 'NONE', *, *, #770, .F. ) ;
#6294 = DIRECTION ( 'NONE',  ( -0.9794733370953440099, 0.2015737629735344927, 0.000000000000000000 ) ) ;
#6295 = VECTOR ( 'NONE', #440, 1000.000000000000114 ) ;
#6296 = CARTESIAN_POINT ( 'NONE',  ( -4.116590141842817019, 5.432186586728145805, 12.64627313555732968 ) ) ;
#6297 = CARTESIAN_POINT ( 'NONE',  ( -14.28307289072193598, 12.86592914530930720, 9.250000000000000000 ) ) ;
#6298 = VERTEX_POINT ( 'NONE', #4141 ) ;
#6299 = ORIENTED_EDGE ( 'NONE', *, *, #377, .F. ) ;
#6300 = FACE_OUTER_BOUND ( 'NONE', #6264, .T. ) ;
#6301 = ORIENTED_EDGE ( 'NONE', *, *, #6490, .T. ) ;
#6302 = ORIENTED_EDGE ( 'NONE', *, *, #6076, .T. ) ;
#6303 = CARTESIAN_POINT ( 'NONE',  ( 11.83805397643143742, 4.760537278722607901, 22.24833212799901361 ) ) ;
#6304 = CIRCLE ( 'NONE', #4391, 1.000000000000000000 ) ;
#6305 = EDGE_CURVE ( 'NONE', #7279, #1507, #6991, .T. ) ;
#6306 = CARTESIAN_POINT ( 'NONE',  ( -5.304443363323904315, -4.537983515093834797, 21.14830051466360672 ) ) ;
#6307 = EDGE_LOOP ( 'NONE', ( #647, #4254, #1342 ) ) ;
#6308 = ORIENTED_EDGE ( 'NONE', *, *, #5587, .F. ) ;
#6309 = CARTESIAN_POINT ( 'NONE',  ( 4.155785588456084589, -12.57799432079165314, 7.998332127999012719 ) ) ;
#6310 = CARTESIAN_POINT ( 'NONE',  ( 7.970693331971125062, 8.229747284365624083, 20.24833212799901361 ) ) ;
#6311 = MECHANICAL_DESIGN_GEOMETRIC_PRESENTATION_REPRESENTATION (  '', ( #1148 ), #3785 ) ;
#6312 = DIRECTION ( 'NONE',  ( -1.000000000000000000, 0.000000000000000000, 0.000000000000000000 ) ) ;
#6313 = DIRECTION ( 'NONE',  ( -0.000000000000000000, -0.000000000000000000, -1.000000000000000000 ) ) ;
#6314 = DIRECTION ( 'NONE',  ( -0.000000000000000000, -0.000000000000000000, 1.000000000000000000 ) ) ;
#6315 = DIRECTION ( 'NONE',  ( -0.000000000000000000, -0.000000000000000000, -1.000000000000000000 ) ) ;
#6316 = CARTESIAN_POINT ( 'NONE',  ( 13.22069333197112506, 3.729747284365623194, 12.84833212799901325 ) ) ;
#6317 = CARTESIAN_POINT ( 'NONE',  ( -5.330428383661446112, -3.884007349944944565, 20.24832212799901399 ) ) ;
#6318 = EDGE_CURVE ( 'NONE', #1334, #1506, #2356, .T. ) ;
#6319 = AXIS2_PLACEMENT_3D ( 'NONE', #5230, #6389, #3576 ) ;
#6320 = EDGE_CURVE ( 'NONE', #1991, #1534, #5800, .T. ) ;
#6321 = CARTESIAN_POINT ( 'NONE',  ( 12.89686915431921221, 3.957482605859176772, 22.02166900191002696 ) ) ;
#6322 = EDGE_CURVE ( 'NONE', #7024, #6188, #2864, .T. ) ;
#6323 = CARTESIAN_POINT ( 'NONE',  ( 12.22069333197112151, 4.839283735452745816, 11.74833212799901183 ) ) ;
#6324 = AXIS2_PLACEMENT_3D ( 'NONE', #2362, #5678, #6909 ) ;
#6325 = CARTESIAN_POINT ( 'NONE',  ( -5.337894887994158566, 4.456773848707507923, 16.51504200983965731 ) ) ;
#6326 = EDGE_CURVE ( 'NONE', #1370, #1036, #1275, .T. ) ;
#6327 = VECTOR ( 'NONE', #2258, 1000.000000000000000 ) ;
#6328 = CARTESIAN_POINT ( 'NONE',  ( 0.9582460157998368144, 3.406815019553060875, 20.24832212799901399 ) ) ;
#6329 = ADVANCED_FACE ( 'NONE', ( #2299 ), #69, .F. ) ;
#6330 = CARTESIAN_POINT ( 'NONE',  ( -0.3354060535670048138, -8.875294732441114220, 10.84837428301719697 ) ) ;
#6331 = CARTESIAN_POINT ( 'NONE',  ( -0.6948708732645282327, -8.873752814197143124, 21.89647489690354831 ) ) ;
#6332 = CYLINDRICAL_SURFACE ( 'NONE', #7122, 1.050000000000000488 ) ;
#6333 = VECTOR ( 'NONE', #4867, 1000.000000000000000 ) ;
#6334 = ORIENTED_EDGE ( 'NONE', *, *, #4007, .T. ) ;
#6335 = CARTESIAN_POINT ( 'NONE',  ( 2.258575051698646252, 4.375102633051680456, 20.85216298547740266 ) ) ;
#6336 = VECTOR ( 'NONE', #4185, 1000.000000000000000 ) ;
#6337 = CARTESIAN_POINT ( 'NONE',  ( -5.337894887994158566, -3.875294732441077805, 10.84836310002468984 ) ) ;
#6338 = AXIS2_PLACEMENT_3D ( 'NONE', #4679, #4224, #229 ) ;
#6339 = EDGE_CURVE ( 'NONE', #6863, #468, #3314, .T. ) ;
#6340 = CARTESIAN_POINT ( 'NONE',  ( 21.28395385150157182, -3.875294732441077805, 23.99833212799901005 ) ) ;
#6341 = ORIENTED_EDGE ( 'NONE', *, *, #2818, .T. ) ;
#6342 = VECTOR ( 'NONE', #5224, 1000.000000000000000 ) ;
#6343 = VERTEX_POINT ( 'NONE', #5725 ) ;
#6344 = FACE_OUTER_BOUND ( 'NONE', #2212, .T. ) ;
#6345 = ORIENTED_EDGE ( 'NONE', *, *, #23, .F. ) ;
#6346 = ORIENTED_EDGE ( 'NONE', *, *, #5430, .T. ) ;
#6347 = CARTESIAN_POINT ( 'NONE',  ( 11.78896358600237093, 3.742609536185408814, 6.998332127999012719 ) ) ;
#6348 = CARTESIAN_POINT ( 'NONE',  ( 2.021704316544359337, -8.875294732441112444, 10.84837430104475509 ) ) ;
#6349 = VERTEX_POINT ( 'NONE', #1168 ) ;
#6350 = DIRECTION ( 'NONE',  ( 0.000000000000000000, -0.000000000000000000, -1.000000000000000000 ) ) ;
#6351 = CARTESIAN_POINT ( 'NONE',  ( 1.265884682270838946, 3.529666789526792581, 15.12634666238999692 ) ) ;
#6352 = DIRECTION ( 'NONE',  ( -0.9794733370953438989, 0.2015737629735342984, 0.000000000000000000 ) ) ;
#6353 = CARTESIAN_POINT ( 'NONE',  ( 5.597734721401525171, -12.57799432079165314, 13.83396615689146714 ) ) ;
#6354 = CARTESIAN_POINT ( 'NONE',  ( -0.3304283836614452796, -8.884007349944946341, 11.74833212799901183 ) ) ;
#6355 = CARTESIAN_POINT ( 'NONE',  ( -3.368080313715103191, -8.873752814197144900, 9.250000000000000000 ) ) ;
#6356 = CARTESIAN_POINT ( 'NONE',  ( -0.3020922099672417871, -8.873752814197141348, 9.250000000000000000 ) ) ;
#6357 = DIRECTION ( 'NONE',  ( -0.000000000000000000, -0.000000000000000000, -1.000000000000000000 ) ) ;
#6358 = CIRCLE ( 'NONE', #4329, 0.8999999999999998002 ) ;
#6359 = FACE_OUTER_BOUND ( 'NONE', #5168, .T. ) ;
#6360 = CARTESIAN_POINT ( 'NONE',  ( 13.42950504596008621, 4.067098066440366644, 22.99590490873666937 ) ) ;
#6361 = CARTESIAN_POINT ( 'NONE',  ( 5.597734721401525171, -10.67529473244111315, 14.78396615689146643 ) ) ;
#6362 = CARTESIAN_POINT ( 'NONE',  ( 15.05895385150151711, 4.402435553298106541, 15.99833212799901183 ) ) ;
#6363 = EDGE_CURVE ( 'NONE', #4208, #1279, #5365, .T. ) ;
#6364 = CARTESIAN_POINT ( 'NONE',  ( -0.3378948879941183758, -8.875294732441114220, 23.99833212799901005 ) ) ;
#6365 = DIRECTION ( 'NONE',  ( -0.2015737629735347980, -0.9794733370953438989, 0.000000000000000000 ) ) ;
#6366 = ADVANCED_FACE ( 'NONE', ( #1203 ), #2974, .F. ) ;
#6367 = CARTESIAN_POINT ( 'NONE',  ( 1.583246015799828044, -8.236415657594555739, 13.95666212799901196 ) ) ;
#6368 = CARTESIAN_POINT ( 'NONE',  ( -5.337894887997236992, 4.531355967290392250, 10.84843152709957081 ) ) ;
#6369 = ORIENTED_EDGE ( 'NONE', *, *, #3112, .F. ) ;
#6370 = CARTESIAN_POINT ( 'NONE',  ( 1.979597979144387621, 3.341785174100088351, 15.07196413416765779 ) ) ;
#6371 = CARTESIAN_POINT ( 'NONE',  ( 20.08238008852802992, 5.436247185802859150, 6.999999999999999112 ) ) ;
#6372 = CARTESIAN_POINT ( 'NONE',  ( 2.208246015799835149, 4.130547250359976275, 15.47960313555732981 ) ) ;
#6373 = ORIENTED_EDGE ( 'NONE', *, *, #3704, .T. ) ;
#6374 = ORIENTED_EDGE ( 'NONE', *, *, #7040, .T. ) ;
#6375 = CARTESIAN_POINT ( 'NONE',  ( -4.136321125020613998, -8.873752814197141348, 9.250000000000000000 ) ) ;
#6376 = VERTEX_POINT ( 'NONE', #1131 ) ;
#6377 = ORIENTED_EDGE ( 'NONE', *, *, #564, .F. ) ;
#6378 = DIRECTION ( 'NONE',  ( 1.000000000000000000, 9.714451465470117757E-16, 0.000000000000000000 ) ) ;
#6379 = CIRCLE ( 'NONE', #6737, 1.500000000000000444 ) ;
#6380 = DIRECTION ( 'NONE',  ( -0.000000000000000000, -0.000000000000000000, -1.000000000000000000 ) ) ;
#6381 = EDGE_CURVE ( 'NONE', #5503, #6230, #5476, .T. ) ;
#6382 = VECTOR ( 'NONE', #4010, 1000.000000000000000 ) ;
#6383 = ORIENTED_EDGE ( 'NONE', *, *, #541, .T. ) ;
#6384 = CARTESIAN_POINT ( 'NONE',  ( 12.23583365360800279, 4.829747284365672577, 20.24833212799901361 ) ) ;
#6385 = CARTESIAN_POINT ( 'NONE',  ( 2.208246015799835149, 4.130547250359976275, 13.68372112044069588 ) ) ;
#6386 = CARTESIAN_POINT ( 'NONE',  ( -5.762886430835527207, 5.860126656390095334, 22.74666425599802366 ) ) ;
#6387 = ORIENTED_EDGE ( 'NONE', *, *, #2293, .F. ) ;
#6388 = CARTESIAN_POINT ( 'NONE',  ( -0.3378948879941582883, -3.875294732441113332, 21.74666425599802366 ) ) ;
#6389 = DIRECTION ( 'NONE',  ( 0.000000000000000000, -1.000000000000000000, 0.000000000000000000 ) ) ;
#6390 = CARTESIAN_POINT ( 'NONE',  ( 0.000000000000000000, 11.72974728436562408, 10.74833212799901361 ) ) ;
#6391 = ORIENTED_EDGE ( 'NONE', *, *, #5159, .T. ) ;
#6392 = FACE_OUTER_BOUND ( 'NONE', #4022, .T. ) ;
#6393 = DIRECTION ( 'NONE',  ( -0.000000000000000000, 1.000000000000000000, -0.000000000000000000 ) ) ;
#6394 = EDGE_CURVE ( 'NONE', #3105, #286, #106, .T. ) ;
#6395 = DIRECTION ( 'NONE',  ( 0.9797785051990589578, -0.2000851837340723027, 0.000000000000000000 ) ) ;
#6396 = EDGE_CURVE ( 'NONE', #3268, #6982, #2240, .T. ) ;
#6397 = LINE ( 'NONE', #5315, #5636 ) ;
#6398 = DIRECTION ( 'NONE',  ( -0.000000000000000000, 1.000000000000000000, 0.000000000000000000 ) ) ;
#6399 = LINE ( 'NONE', #5281, #513 ) ;
#6400 = CARTESIAN_POINT ( 'NONE',  ( -5.079079203392926622, 5.132110818449016953, 15.48031308343020029 ) ) ;
#6401 = ORIENTED_EDGE ( 'NONE', *, *, #4563, .T. ) ;
#6402 = CARTESIAN_POINT ( 'NONE',  ( 12.22069333197112329, 11.72974728436562408, 21.24833212799901716 ) ) ;
#6403 = ADVANCED_FACE ( 'NONE', ( #5763 ), #594, .F. ) ;
#6404 = CARTESIAN_POINT ( 'NONE',  ( 2.021704316544359337, -8.884007349944944565, 20.24832212799901399 ) ) ;
#6405 = VECTOR ( 'NONE', #4408, 1000.000000000000000 ) ;
#6406 = DIRECTION ( 'NONE',  ( -1.000000000000000000, 0.000000000000000000, 0.000000000000000000 ) ) ;
#6407 = ORIENTED_EDGE ( 'NONE', *, *, #1449, .T. ) ;
#6408 = ORIENTED_EDGE ( 'NONE', *, *, #652, .T. ) ;
#6409 = DIRECTION ( 'NONE',  ( 1.000000000000000000, -0.000000000000000000, -0.000000000000000000 ) ) ;
#6410 = ORIENTED_EDGE ( 'NONE', *, *, #5832, .F. ) ;
#6411 = ORIENTED_EDGE ( 'NONE', *, *, #1913, .F. ) ;
#6412 = LINE ( 'NONE', #4551, #4659 ) ;
#6413 = CYLINDRICAL_SURFACE ( 'NONE', #731, 2.500000000000000444 ) ;
#6414 = ORIENTED_EDGE ( 'NONE', *, *, #1333, .T. ) ;
#6415 = CARTESIAN_POINT ( 'NONE',  ( 11.53569333197113167, 6.229747284365624083, 23.99833212799901005 ) ) ;
#6416 = DIRECTION ( 'NONE',  ( 0.000000000000000000, -0.000000000000000000, 1.000000000000000000 ) ) ;
#6417 = CARTESIAN_POINT ( 'NONE',  ( 3.720693331971123285, 4.840245285879309911, 9.748332127999011831 ) ) ;
#6418 = CARTESIAN_POINT ( 'NONE',  ( 12.40341781807836874, 3.855931252776436224, 12.74824330221691326 ) ) ;
#6419 = ORIENTED_EDGE ( 'NONE', *, *, #2953, .T. ) ;
#6420 = CARTESIAN_POINT ( 'NONE',  ( 2.021704316544359337, -8.875294732441112444, 18.31494995495327416 ) ) ;
#6421 = DIRECTION ( 'NONE',  ( 0.000000000000000000, -1.000000000000000000, 0.000000000000000000 ) ) ;
#6422 = DIRECTION ( 'NONE',  ( -0.9797785051990589578, 0.2000851837340723027, 0.000000000000000000 ) ) ;
#6423 = VECTOR ( 'NONE', #1994, 1000.000000000000000 ) ;
#6424 =( BOUNDED_SURFACE ( )  B_SPLINE_SURFACE ( 3, 2, ( 
 ( #6004, #3597, #3147 ),
 ( #848, #4806, #1448 ),
 ( #5891, #5404, #7051 ),
 ( #5438, #244, #6562 ),
 ( #4769, #7085, #3634 ),
 ( #4840, #4165, #4245 ),
 ( #6525, #3713, #133 ),
 ( #2544, #3748, #7016 ),
 ( #2579, #206, #3036 ),
 ( #4735, #1377, #769 ) ),
 .UNSPECIFIED., .F., .F., .T. ) 
 B_SPLINE_SURFACE_WITH_KNOTS ( ( 4, 2, 2, 2, 4 ),
 ( 3, 3 ),
 ( 4.702964202423919993, 5.098019478612837219, 5.493074754801753556, 5.888130030990669894, 6.283185307179586232 ),
 ( 0.000000000000000000, 1.000000000000000000 ),
 .UNSPECIFIED. ) 
 GEOMETRIC_REPRESENTATION_ITEM ( )  RATIONAL_B_SPLINE_SURFACE ( (
 ( 1.000000000000000000, 0.7077781290184218532, 1.000000000000000000),
 ( 1.000000000000000000, 0.6984047204365330108, 1.000000000000000000),
 ( 1.000000000000000000, 0.6888170579976159447, 1.000000000000000000),
 ( 1.000000000000000000, 0.6707265110485773896, 1.000000000000000000),
 ( 1.000000000000000000, 0.6622312850232462411, 1.000000000000000000),
 ( 1.000000000000000000, 0.6478367146453852810, 1.000000000000000000),
 ( 1.000000000000000000, 0.6419502525991628294, 1.000000000000000000),
 ( 1.000000000000000000, 0.6339434711999890615, 1.000000000000000000),
 ( 1.000000000000000000, 0.6318199295439332897, 1.000000000000000000),
 ( 1.000000000000000000, 0.6318331413539755026, 1.000000000000000000) ) ) 
 REPRESENTATION_ITEM ( '' )  SURFACE ( )  );
#6425 = ORIENTED_EDGE ( 'NONE', *, *, #3934, .T. ) ;
#6426 = DIRECTION ( 'NONE',  ( -0.000000000000000000, -0.000000000000000000, -1.000000000000000000 ) ) ;
#6427 = DIRECTION ( 'NONE',  ( 1.000000000000000000, 7.375108878104640636E-16, -0.000000000000000000 ) ) ;
#6428 = CARTESIAN_POINT ( 'NONE',  ( 0.9750883371898650953, 3.415525464549295620, 20.41405021779549500 ) ) ;
#6429 = ADVANCED_FACE ( 'NONE', ( #2900 ), #6956, .F. ) ;
#6430 = CARTESIAN_POINT ( 'NONE',  ( -14.28307289072193420, -16.30343477370360006, 22.74666425599802366 ) ) ;
#6431 = DIRECTION ( 'NONE',  ( 1.000000000000000000, 4.818676322157798361E-16, 0.000000000000000000 ) ) ;
#6432 = CARTESIAN_POINT ( 'NONE',  ( 2.021704316544359337, -8.875294732441112444, 16.51503430104475711 ) ) ;
#6433 = ORIENTED_EDGE ( 'NONE', *, *, #3242, .F. ) ;
#6434 = CARTESIAN_POINT ( 'NONE',  ( 12.22069333197112329, 12.72974728436562231, 22.24833212799901361 ) ) ;
#6435 = AXIS2_PLACEMENT_3D ( 'NONE', #3375, #7422, #4651 ) ;
#6436 = CYLINDRICAL_SURFACE ( 'NONE', #3170, 16.18099892769363990 ) ;
#6437 = CARTESIAN_POINT ( 'NONE',  ( 5.597734721401525171, -12.57799432079165314, 17.83396615689146358 ) ) ;
#6438 = VECTOR ( 'NONE', #6124, 1000.000000000000000 ) ;
#6439 = CARTESIAN_POINT ( 'NONE',  ( 2.036631926890818178, 3.296651896735201870, 14.15146889743372149 ) ) ;
#6440 = ORIENTED_EDGE ( 'NONE', *, *, #4163, .F. ) ;
#6441 = AXIS2_PLACEMENT_3D ( 'NONE', #6710, #987, #6108 ) ;
#6442 = ORIENTED_EDGE ( 'NONE', *, *, #1222, .F. ) ;
#6443 = CARTESIAN_POINT ( 'NONE',  ( -5.337892357666857102, -3.881103147417413801, 16.51502307902140743 ) ) ;
#6444 = EDGE_LOOP ( 'NONE', ( #7412, #4342, #2719, #358, #4762, #6476 ) ) ;
#6445 = VERTEX_POINT ( 'NONE', #5870 ) ;
#6446 = CARTESIAN_POINT ( 'NONE',  ( 3.720693331971123285, 3.729747284365623194, 11.74833212799901183 ) ) ;
#6447 = B_SPLINE_CURVE_WITH_KNOTS ( 'NONE', 3,
 ( #4966, #5285, #125, #2424, #549, #1127 ),
 .UNSPECIFIED., .F., .F.,
 ( 4, 2, 4 ),
 ( 0.002535073272971944628, 0.002786593946710810843, 0.003038114620449677058 ),
 .UNSPECIFIED. ) ;
#6448 = CIRCLE ( 'NONE', #6338, 0.6250000000000005551 ) ;
#6449 = EDGE_CURVE ( 'NONE', #5176, #6040, #4257, .T. ) ;
#6450 = CIRCLE ( 'NONE', #3457, 0.8999999999999998002 ) ;
#6451 = ADVANCED_FACE ( 'NONE', ( #4290 ), #861, .T. ) ;
#6452 = EDGE_CURVE ( 'NONE', #935, #3903, #305, .T. ) ;
#6453 = VERTEX_POINT ( 'NONE', #4179 ) ;
#6454 = AXIS2_PLACEMENT_3D ( 'NONE', #2949, #4610, #2838 ) ;
#6455 = DIRECTION ( 'NONE',  ( -1.000000000000000000, 0.000000000000000000, 0.000000000000000000 ) ) ;
#6456 = EDGE_CURVE ( 'NONE', #7389, #4052, #3515, .T. ) ;
#6457 = CARTESIAN_POINT ( 'NONE',  ( 12.22069333197112151, 4.839283735452744928, 9.748332127999011831 ) ) ;
#6458 = EDGE_CURVE ( 'NONE', #2518, #3268, #6536, .T. ) ;
#6459 = DIRECTION ( 'NONE',  ( 0.000000000000000000, -1.000000000000000000, 0.000000000000000000 ) ) ;
#6460 = B_SPLINE_CURVE_WITH_KNOTS ( 'NONE', 3,
 ( #7306, #6180, #2011, #5468, #4383, #308, #1564, #2685, #2725, #5581, #7265, #2610, #7192, #5508, #4979, #6668, #5546, #3322, #3287, #4316 ),
 .UNSPECIFIED., .F., .F.,
 ( 4, 2, 2, 2, 2, 2, 2, 2, 2, 4 ),
 ( 9.858081489261144740E-08, 0.0009753616760182495186, 0.001462993223619927802, 0.001950624771221606303, 0.002925887866424963304, 0.003901150961628320306, 0.004876414056831676440, 0.005851677152035033441, 0.006826940247238390443, 0.007802203342441747444 ),
 .UNSPECIFIED. ) ;
#6461 = CARTESIAN_POINT ( 'NONE',  ( 14.01690701183630061, 4.187984281669923980, 11.98384310880129000 ) ) ;
#6462 = ORIENTED_EDGE ( 'NONE', *, *, #5010, .F. ) ;
#6463 = FACE_OUTER_BOUND ( 'NONE', #2069, .T. ) ;
#6464 = CYLINDRICAL_SURFACE ( 'NONE', #5599, 46.19384172171115210 ) ;
#6465 = CARTESIAN_POINT ( 'NONE',  ( -5.330428383661446112, -3.884007349944944565, 11.74833212799901183 ) ) ;
#6466 = ORIENTED_EDGE ( 'NONE', *, *, #3284, .T. ) ;
#6467 = CARTESIAN_POINT ( 'NONE',  ( -0.3378948879941166550, -8.875294732441114220, 15.48162000900120638 ) ) ;
#6468 = CIRCLE ( 'NONE', #6950, 2.500000000000000444 ) ;
#6469 = DIRECTION ( 'NONE',  ( 1.000000000000000000, 0.000000000000000000, 0.000000000000000000 ) ) ;
#6470 = CARTESIAN_POINT ( 'NONE',  ( 1.087379772044297699, -8.069686008791981280, 17.02648380347147850 ) ) ;
#6471 = CARTESIAN_POINT ( 'NONE',  ( -17.22255376510845792, -14.55036574546608108, 22.74666425599802366 ) ) ;
#6472 = CARTESIAN_POINT ( 'NONE',  ( 3.720693331971124174, 3.819288449049499157, 23.24833212799901361 ) ) ;
#6473 =( BOUNDED_CURVE ( )  B_SPLINE_CURVE ( 3, ( #1028, #3898, #6184, #2128 ),
 .UNSPECIFIED., .F., .F. ) 
 B_SPLINE_CURVE_WITH_KNOTS ( ( 4, 4 ),
 ( 3.141592653589793116, 4.712388980384689674 ),
 .UNSPECIFIED. ) 
 CURVE ( )  GEOMETRIC_REPRESENTATION_ITEM ( )  RATIONAL_B_SPLINE_CURVE ( ( 1.000000000000000000, 0.8047378541243649375, 0.8047378541243649375, 1.000000000000000000 ) ) 
 REPRESENTATION_ITEM ( '' )  );
#6474 = DIRECTION ( 'NONE',  ( 1.000000000000000000, 4.163336342344336041E-16, 0.000000000000000000 ) ) ;
#6475 = B_SPLINE_CURVE_WITH_KNOTS ( 'NONE', 3,
 ( #1775, #1813, #709, #2412 ),
 .UNSPECIFIED., .F., .F.,
 ( 4, 4 ),
 ( 0.0002428854943209993113, 0.0008896110838781227676 ),
 .UNSPECIFIED. ) ;
#6476 = ORIENTED_EDGE ( 'NONE', *, *, #1678, .F. ) ;
#6477 = CARTESIAN_POINT ( 'NONE',  ( -0.3304283836614461678, -3.884007349944943677, 14.58166212799901373 ) ) ;
#6478 = CIRCLE ( 'NONE', #3600, 16.18099892769363990 ) ;
#6479 = CARTESIAN_POINT ( 'NONE',  ( 1.519119568997588932, 4.272368171650648527, 9.576759252745203455 ) ) ;
#6480 = CARTESIAN_POINT ( 'NONE',  ( 1.519119568997589376, 4.272368171650646751, 21.24833212799901361 ) ) ;
#6481 = ORIENTED_EDGE ( 'NONE', *, *, #1001, .T. ) ;
#6482 = ORIENTED_EDGE ( 'NONE', *, *, #4721, .T. ) ;
#6483 = DIRECTION ( 'NONE',  ( 1.000000000000000000, 4.818676322157798361E-16, 0.000000000000000000 ) ) ;
#6484 = DIRECTION ( 'NONE',  ( -0.9794733370953440099, 0.2015737629735344927, 0.000000000000000000 ) ) ;
#6485 = ORIENTED_EDGE ( 'NONE', *, *, #4665, .F. ) ;
#6486 = ORIENTED_EDGE ( 'NONE', *, *, #5686, .T. ) ;
#6487 = DIRECTION ( 'NONE',  ( -1.000000000000000000, 0.000000000000000000, 0.000000000000000000 ) ) ;
#6488 = B_SPLINE_CURVE_WITH_KNOTS ( 'NONE', 3,
 ( #1340, #5967, #4280, #5439 ),
 .UNSPECIFIED., .F., .F.,
 ( 4, 4 ),
 ( 0.001800939922389189216, 0.001808403033252061138 ),
 .UNSPECIFIED. ) ;
#6489 = CARTESIAN_POINT ( 'NONE',  ( 1.583246015799836259, 3.535889187275713219, 19.62332212799901399 ) ) ;
#6490 = EDGE_CURVE ( 'NONE', #4990, #5545, #6617, .T. ) ;
#6491 = ADVANCED_FACE ( 'NONE', ( #7133 ), #6464, .T. ) ;
#6492 = VERTEX_POINT ( 'NONE', #4882 ) ;
#6493 = CARTESIAN_POINT ( 'NONE',  ( 13.22069333197112151, 4.024125010056279095, 12.47235439203883267 ) ) ;
#6494 = CIRCLE ( 'NONE', #6853, 1.000000000000000000 ) ;
#6495 = CARTESIAN_POINT ( 'NONE',  ( -5.337894887994158566, 4.393118539265072009, 13.68169310002468819 ) ) ;
#6496 = CARTESIAN_POINT ( 'NONE',  ( -5.330428383661446112, -3.884007349944944565, 12.64833212799901219 ) ) ;
#6497 = ADVANCED_FACE ( 'NONE', ( #3611 ), #1465, .T. ) ;
#6498 = AXIS2_PLACEMENT_3D ( 'NONE', #7043, #3174, #306 ) ;
#6499 = CYLINDRICAL_SURFACE ( 'NONE', #1580, 1.000000000000000000 ) ;
#6500 = ORIENTED_EDGE ( 'NONE', *, *, #2008, .T. ) ;
#6501 = DIRECTION ( 'NONE',  ( -0.000000000000000000, -0.000000000000000000, -1.000000000000000000 ) ) ;
#6502 = CARTESIAN_POINT ( 'NONE',  ( -5.337887297018019339, -3.884007349944944565, 12.64830121891910508 ) ) ;
#6503 = VECTOR ( 'NONE', #5740, 999.9999999999998863 ) ;
#6504 = VERTEX_POINT ( 'NONE', #3686 ) ;
#6505 = VERTEX_POINT ( 'NONE', #742 ) ;
#6506 = CARTESIAN_POINT ( 'NONE',  ( 2.195981536954739521, 4.070952539992247488, 14.58166212799901373 ) ) ;
#6507 = LINE ( 'NONE', #2525, #1045 ) ;
#6508 = AXIS2_PLACEMENT_3D ( 'NONE', #556, #1094, #4600 ) ;
#6509 = CARTESIAN_POINT ( 'NONE',  ( 0.9750883371898643182, 3.415525464549294732, 11.91406021779548929 ) ) ;
#6510 = DIRECTION ( 'NONE',  ( -0.000000000000000000, -0.000000000000000000, 1.000000000000000000 ) ) ;
#6511 = AXIS2_PLACEMENT_3D ( 'NONE', #5086, #6131, #479 ) ;
#6512 = CARTESIAN_POINT ( 'NONE',  ( -17.67643277480201291, 9.933113728465889025, 9.250000000000000000 ) ) ;
#6513 = DIRECTION ( 'NONE',  ( -0.000000000000000000, 1.000000000000000000, 0.000000000000000000 ) ) ;
#6514 = ORIENTED_EDGE ( 'NONE', *, *, #3495, .F. ) ;
#6515 = LINE ( 'NONE', #5284, #4301 ) ;
#6516 = EDGE_CURVE ( 'NONE', #1679, #3031, #6554, .T. ) ;
#6517 = CARTESIAN_POINT ( 'NONE',  ( 3.380878469633927352, 3.889221705955228092, 22.22155437685684021 ) ) ;
#6518 =( BOUNDED_CURVE ( )  B_SPLINE_CURVE ( 3, ( #2358, #5710, #539, #2287 ),
 .UNSPECIFIED., .F., .T. ) 
 B_SPLINE_CURVE_WITH_KNOTS ( ( 4, 4 ),
 ( 1.570796326794895670, 3.141592653589793116 ),
 .UNSPECIFIED. ) 
 CURVE ( )  GEOMETRIC_REPRESENTATION_ITEM ( )  RATIONAL_B_SPLINE_CURVE ( ( 1.000000000000000000, 0.8047378541243648264, 0.8047378541243648264, 1.000000000000000000 ) ) 
 REPRESENTATION_ITEM ( '' )  );
#6519 = ORIENTED_EDGE ( 'NONE', *, *, #1552, .F. ) ;
#6520 = VERTEX_POINT ( 'NONE', #6053 ) ;
#6521 = CARTESIAN_POINT ( 'NONE',  ( -5.337887297018019339, -3.884007349944944565, 16.51502303707891883 ) ) ;
#6522 = CARTESIAN_POINT ( 'NONE',  ( -5.337312669317465286, -4.213774396442231840, 10.84835827458399393 ) ) ;
#6523 = ORIENTED_EDGE ( 'NONE', *, *, #3046, .F. ) ;
#6524 = VERTEX_POINT ( 'NONE', #3158 ) ;
#6525 = CARTESIAN_POINT ( 'NONE',  ( 1.774529420815894598, 4.219805306504970766, 11.76113470649562132 ) ) ;
#6526 = DIRECTION ( 'NONE',  ( -1.000000000000000000, 1.092801349243425058E-16, 0.000000000000000000 ) ) ;
#6527 = ORIENTED_EDGE ( 'NONE', *, *, #5356, .F. ) ;
#6528 = DIRECTION ( 'NONE',  ( 0.000000000000000000, 1.000000000000000000, 0.000000000000000000 ) ) ;
#6529 = ORIENTED_EDGE ( 'NONE', *, *, #6951, .F. ) ;
#6530 = DIRECTION ( 'NONE',  ( 1.000000000000000000, 0.000000000000000000, 0.000000000000000000 ) ) ;
#6531 = DIRECTION ( 'NONE',  ( -0.000000000000000000, -0.000000000000000000, -1.000000000000000000 ) ) ;
#6532 = CARTESIAN_POINT ( 'NONE',  ( 3.720693331971123730, 3.729747284365623194, 20.24833212799901361 ) ) ;
#6533 = ORIENTED_EDGE ( 'NONE', *, *, #7372, .F. ) ;
#6534 = FACE_OUTER_BOUND ( 'NONE', #6561, .T. ) ;
#6535 = EDGE_CURVE ( 'NONE', #4509, #4158, #1030, .T. ) ;
#6536 = LINE ( 'NONE', #1957, #65 ) ;
#6537 = CARTESIAN_POINT ( 'NONE',  ( -2.553668632915653713, -8.369294201029722657, 12.64832106985148386 ) ) ;
#6538 = EDGE_LOOP ( 'NONE', ( #2086, #3110, #4885 ) ) ;
#6539 = ORIENTED_EDGE ( 'NONE', *, *, #6274, .F. ) ;
#6540 = CARTESIAN_POINT ( 'NONE',  ( 2.264416222412659607, 4.403485647226743183, 10.91482242414473447 ) ) ;
#6541 = LINE ( 'NONE', #5876, #5276 ) ;
#6542 = CARTESIAN_POINT ( 'NONE',  ( -12.91971069101993486, -13.84940126210495492, 24.99666425599802366 ) ) ;
#6543 = ADVANCED_FACE ( 'NONE', ( #4331 ), #5342, .F. ) ;
#6544 = DIRECTION ( 'NONE',  ( 0.000000000000000000, 0.000000000000000000, 1.000000000000000000 ) ) ;
#6545 = CARTESIAN_POINT ( 'NONE',  ( 3.629278366004312861, 4.760860191467563673, 20.24632050765323754 ) ) ;
#6546 = EDGE_CURVE ( 'NONE', #2696, #6747, #542, .T. ) ;
#6547 = EDGE_CURVE ( 'NONE', #295, #2673, #3045, .T. ) ;
#6548 = EDGE_CURVE ( 'NONE', #2169, #5271, #4818, .T. ) ;
#6549 = ORIENTED_EDGE ( 'NONE', *, *, #7363, .F. ) ;
#6550 = CIRCLE ( 'NONE', #5719, 1.000000000000000888 ) ;
#6551 = CARTESIAN_POINT ( 'NONE',  ( -0.3304283836614452796, -8.884007349944946341, 11.74833212799901183 ) ) ;
#6552 = CARTESIAN_POINT ( 'NONE',  ( -0.3354060535670046472, -8.875294732441114220, 13.68170428301719710 ) ) ;
#6553 = EDGE_CURVE ( 'NONE', #2495, #3171, #7286, .T. ) ;
#6554 = CIRCLE ( 'NONE', #3079, 46.19384172171115210 ) ;
#6555 = FACE_OUTER_BOUND ( 'NONE', #3384, .T. ) ;
#6556 = ORIENTED_EDGE ( 'NONE', *, *, #1220, .T. ) ;
#6557 = FACE_OUTER_BOUND ( 'NONE', #1948, .T. ) ;
#6558 = CARTESIAN_POINT ( 'NONE',  ( 0.9750883371898640961, 3.415525464549294732, 14.74739021779549120 ) ) ;
#6559 = VERTEX_POINT ( 'NONE', #1425 ) ;
#6560 = CIRCLE ( 'NONE', #1398, 1.000000000000000000 ) ;
#6561 = EDGE_LOOP ( 'NONE', ( #6182, #6440, #3252, #6433 ) ) ;
#6562 = CARTESIAN_POINT ( 'NONE',  ( 3.222535599001746132, 5.045285127161324823, 11.62536110993749716 ) ) ;
#6563 = EDGE_CURVE ( 'NONE', #2495, #1579, #1617, .T. ) ;
#6564 = DIRECTION ( 'NONE',  ( -0.2015737629735344649, -0.9794733370953438989, 0.000000000000000000 ) ) ;
#6565 = CIRCLE ( 'NONE', #1041, 0.8999999999999998002 ) ;
#6566 = PRODUCT_DEFINITION_FORMATION_WITH_SPECIFIED_SOURCE ( 'ANY', '', #3097, .NOT_KNOWN. ) ;
#6567 = VECTOR ( 'NONE', #6986, 1000.000000000000000 ) ;
#6568 = VERTEX_POINT ( 'NONE', #1503 ) ;
#6569 = CARTESIAN_POINT ( 'NONE',  ( 2.036631926890818178, 3.296651896735201870, 14.15146889743372149 ) ) ;
#6570 = VERTEX_POINT ( 'NONE', #3269 ) ;
#6571 = B_SPLINE_CURVE_WITH_KNOTS ( 'NONE', 3,
 ( #4190, #5423, #4754, #7032 ),
 .UNSPECIFIED., .F., .F.,
 ( 4, 4 ),
 ( 0.000000000000000000, 8.712620810959589352E-06 ),
 .UNSPECIFIED. ) ;
#6572 = CARTESIAN_POINT ( 'NONE',  ( -4.363964923226162362, 5.483095849553075496, 10.01051267568244185 ) ) ;
#6573 = CARTESIAN_POINT ( 'NONE',  ( 1.965265365766823757, -8.133587697359429214, 12.24928965058684227 ) ) ;
#6574 = AXIS2_PLACEMENT_3D ( 'NONE', #3947, #3225, #1081 ) ;
#6575 = B_SPLINE_CURVE_WITH_KNOTS ( 'NONE', 3,
 ( #6651, #5453, #1390, #5529, #4819, #2591 ),
 .UNSPECIFIED., .F., .F.,
 ( 4, 2, 4 ),
 ( 0.000000000000000000, 0.0003229400931052196278, 0.0006458801862104392557 ),
 .UNSPECIFIED. ) ;
#6576 = AXIS2_PLACEMENT_3D ( 'NONE', #668, #2980, #6469 ) ;
#6577 = EDGE_LOOP ( 'NONE', ( #7102, #1186, #7244, #2613 ) ) ;
#6578 = CARTESIAN_POINT ( 'NONE',  ( -6.337894887994158566, 21.28510420304709072, 21.74666425599802366 ) ) ;
#6579 = CARTESIAN_POINT ( 'NONE',  ( 2.021704316544359337, -8.884007349944944565, 14.58166212799901373 ) ) ;
#6580 = CARTESIAN_POINT ( 'NONE',  ( -1.953089181917821548, -8.618377264427520501, 12.64831340622448153 ) ) ;
#6581 = VECTOR ( 'NONE', #2403, 1000.000000000000000 ) ;
#6582 = EDGE_LOOP ( 'NONE', ( #1575, #6643, #163, #359 ) ) ;
#6583 = EDGE_LOOP ( 'NONE', ( #6001, #5970, #7315 ) ) ;
#6584 = DIRECTION ( 'NONE',  ( 1.000000000000000000, 0.000000000000000000, 0.000000000000000000 ) ) ;
#6585 = CARTESIAN_POINT ( 'NONE',  ( 1.675288848723323065, 3.516946946089085646, 16.78999212799901031 ) ) ;
#6586 = LINE ( 'NONE', #1432, #2750 ) ;
#6587 = EDGE_CURVE ( 'NONE', #5965, #3845, #5727, .T. ) ;
#6588 = CARTESIAN_POINT ( 'NONE',  ( 1.899992864411727211, -8.166483265202609587, 15.12647434279442926 ) ) ;
#6589 = CARTESIAN_POINT ( 'NONE',  ( 4.410365631536291353, 3.729747284365623194, 23.99833212799901005 ) ) ;
#6590 = EDGE_CURVE ( 'NONE', #2531, #6747, #5566, .T. ) ;
#6591 = DIRECTION ( 'NONE',  ( -0.000000000000000000, -0.000000000000000000, -1.000000000000000000 ) ) ;
#6592 = TOROIDAL_SURFACE ( 'NONE', #1789, 1.500000000000000444, 1.000000000000000000 ) ;
#6593 = ORIENTED_EDGE ( 'NONE', *, *, #5720, .T. ) ;
#6594 = CARTESIAN_POINT ( 'NONE',  ( 13.15340268424363401, 4.010276721836627978, 21.64192287864857533 ) ) ;
#6595 = EDGE_CURVE ( 'NONE', #1834, #5943, #439, .T. ) ;
#6596 = DIRECTION ( 'NONE',  ( 1.000000000000000000, 0.000000000000000000, 0.000000000000000000 ) ) ;
#6597 = ADVANCED_FACE ( 'NONE', ( #3952 ), #401, .F. ) ;
#6598 = CARTESIAN_POINT ( 'NONE',  ( -0.3020922099672417871, -8.873752814197141348, 9.250000000000000000 ) ) ;
#6599 = ORIENTED_EDGE ( 'NONE', *, *, #5760, .T. ) ;
#6600 = CARTESIAN_POINT ( 'NONE',  ( -0.3025607775276037414, -8.872004039688025756, 6.998332127999012719 ) ) ;
#6601 = CARTESIAN_POINT ( 'NONE',  ( 13.22069333197112329, 12.72974728436562231, 10.74833212799901361 ) ) ;
#6602 = ORIENTED_EDGE ( 'NONE', *, *, #1484, .F. ) ;
#6603 = AXIS2_PLACEMENT_3D ( 'NONE', #4569, #6398, #636 ) ;
#6604 = VERTEX_POINT ( 'NONE', #3348 ) ;
#6605 = DIRECTION ( 'NONE',  ( -0.000000000000000000, -0.000000000000000000, -1.000000000000000000 ) ) ;
#6606 = CARTESIAN_POINT ( 'NONE',  ( 2.021704316544359337, -8.884007349944944565, 11.74833212799901183 ) ) ;
#6607 = AXIS2_PLACEMENT_3D ( 'NONE', #5938, #3610, #223 ) ;
#6608 = VERTEX_POINT ( 'NONE', #6799 ) ;
#6609 = ORIENTED_EDGE ( 'NONE', *, *, #5455, .F. ) ;
#6610 = CARTESIAN_POINT ( 'NONE',  ( -5.330428383661446112, 4.393118539265072009, 10.84833212799901325 ) ) ;
#6611 = ORIENTED_EDGE ( 'NONE', *, *, #973, .F. ) ;
#6612 = EDGE_CURVE ( 'NONE', #1715, #6140, #2594, .T. ) ;
#6613 = CARTESIAN_POINT ( 'NONE',  ( 19.36578231149358231, 5.288772716631839899, 23.99833212799901005 ) ) ;
#6614 = CARTESIAN_POINT ( 'NONE',  ( 15.57153635071808928, -8.872004039688027532, 6.999999999999999112 ) ) ;
#6615 = ORIENTED_EDGE ( 'NONE', *, *, #2093, .F. ) ;
#6616 = TOROIDAL_SURFACE ( 'NONE', #4587, 0.9999999999999993339, 0.8999999999999998002 ) ;
#6617 = LINE ( 'NONE', #2443, #4875 ) ;
#6618 = CARTESIAN_POINT ( 'NONE',  ( 16.28395385150157182, -3.875294732441113332, 23.99833212799901005 ) ) ;
#6619 = ORIENTED_EDGE ( 'NONE', *, *, #2693, .T. ) ;
#6620 = ORIENTED_EDGE ( 'NONE', *, *, #3899, .T. ) ;
#6621 = CARTESIAN_POINT ( 'NONE',  ( -5.337887297018019339, -3.884007349944944565, 15.48163121891910521 ) ) ;
#6622 = CARTESIAN_POINT ( 'NONE',  ( 2.208246015799835149, 4.130547250359976275, 23.99833212799901005 ) ) ;
#6623 = CIRCLE ( 'NONE', #6603, 1.000000000000000888 ) ;
#6624 = CYLINDRICAL_SURFACE ( 'NONE', #3590, 0.8999999999999998002 ) ;
#6625 = DIRECTION ( 'NONE',  ( 0.000000000000000000, 0.000000000000000000, -1.000000000000000000 ) ) ;
#6626 = CARTESIAN_POINT ( 'NONE',  ( -5.073557735825917625, -5.487850255025268353, 15.48165204908852921 ) ) ;
#6627 = VECTOR ( 'NONE', #356, 1000.000000000000000 ) ;
#6628 = DIRECTION ( 'NONE',  ( -0.9794733370953440099, 0.2015737629735343539, 0.000000000000000000 ) ) ;
#6629 = EDGE_CURVE ( 'NONE', #4925, #322, #79, .T. ) ;
#6630 = ORIENTED_EDGE ( 'NONE', *, *, #7136, .T. ) ;
#6631 = CARTESIAN_POINT ( 'NONE',  ( 3.537968845863877387, 3.856892803202998099, 19.24842095378111395 ) ) ;
#6632 = CARTESIAN_POINT ( 'NONE',  ( -4.129744134739638639, 5.434893653624119025, 13.68372543394939100 ) ) ;
#6633 = CARTESIAN_POINT ( 'NONE',  ( -4.337894887994159454, 4.456773848707517693, 22.74666425599802366 ) ) ;
#6634 = ORIENTED_EDGE ( 'NONE', *, *, #1626, .F. ) ;
#6635 = CARTESIAN_POINT ( 'NONE',  ( 0.9582460157998368144, 3.406815019553060875, 17.41499212799901031 ) ) ;
#6636 = DIRECTION ( 'NONE',  ( 1.000000000000000000, 0.000000000000000000, -0.000000000000000000 ) ) ;
#6637 = VERTEX_POINT ( 'NONE', #6690 ) ;
#6638 = EDGE_CURVE ( 'NONE', #1991, #95, #3196, .T. ) ;
#6639 = VERTEX_POINT ( 'NONE', #7361 ) ;
#6640 = DIRECTION ( 'NONE',  ( -1.000000000000000000, 0.000000000000000000, 0.000000000000000000 ) ) ;
#6641 = ORIENTED_EDGE ( 'NONE', *, *, #6005, .F. ) ;
#6642 = EDGE_CURVE ( 'NONE', #5868, #3066, #909, .T. ) ;
#6643 = ORIENTED_EDGE ( 'NONE', *, *, #5911, .T. ) ;
#6644 = DIRECTION ( 'NONE',  ( 1.000000000000000000, 4.818676322157798361E-16, 0.000000000000000000 ) ) ;
#6645 = ORIENTED_EDGE ( 'NONE', *, *, #655, .T. ) ;
#6646 = CARTESIAN_POINT ( 'NONE',  ( -3.638524698391432555, -7.645161643112126093, 16.51499329064827037 ) ) ;
#6647 = CARTESIAN_POINT ( 'NONE',  ( 11.78896358600237093, 3.742609536185408814, 7.998332127999012719 ) ) ;
#6648 = CARTESIAN_POINT ( 'NONE',  ( -0.3329172189645431268, -8.875294732441114220, 19.34836430104475369 ) ) ;
#6649 = EDGE_CURVE ( 'NONE', #3826, #4550, #1876, .T. ) ;
#6650 = ORIENTED_EDGE ( 'NONE', *, *, #3853, .F. ) ;
#6651 = CARTESIAN_POINT ( 'NONE',  ( 2.720693331971123730, 4.025086560482840525, 19.41461580751000682 ) ) ;
#6652 = ORIENTED_EDGE ( 'NONE', *, *, #6008, .T. ) ;
#6653 = ORIENTED_EDGE ( 'NONE', *, *, #3704, .F. ) ;
#6654 = AXIS2_PLACEMENT_3D ( 'NONE', #2218, #6241, #7395 ) ;
#6655 = DIRECTION ( 'NONE',  ( -0.2015737629735342984, -0.9794733370953438989, 0.000000000000000000 ) ) ;
#6656 = CYLINDRICAL_SURFACE ( 'NONE', #4952, 1.000000000000000888 ) ;
#6657 = CARTESIAN_POINT ( 'NONE',  ( -0.3304283836614461678, -3.884007349944943677, 14.58166212799901373 ) ) ;
#6658 = CARTESIAN_POINT ( 'NONE',  ( 1.914260082649661854, 3.389902692000513529, 19.71171005531446241 ) ) ;
#6659 = CARTESIAN_POINT ( 'NONE',  ( -0.3378948879941174877, -8.875294732441114220, 21.14828000900120841 ) ) ;
#6660 = LINE ( 'NONE', #833, #3568 ) ;
#6661 = AXIS2_PLACEMENT_3D ( 'NONE', #706, #1881, #5195 ) ;
#6662 = ORIENTED_EDGE ( 'NONE', *, *, #2861, .T. ) ;
#6663 = CARTESIAN_POINT ( 'NONE',  ( 2.720693331971123730, 5.251841508745991760, 21.24833212799901716 ) ) ;
#6664 = ADVANCED_FACE ( 'NONE', ( #1544, #4483 ), #2630, .F. ) ;
#6665 = DIRECTION ( 'NONE',  ( -0.000000000000000000, 1.000000000000000000, -0.000000000000000000 ) ) ;
#6666 = CARTESIAN_POINT ( 'NONE',  ( 10.47069333197112506, 8.229747284365624083, 9.748332127999011831 ) ) ;
#6667 = ORIENTED_EDGE ( 'NONE', *, *, #4030, .F. ) ;
#6668 = CARTESIAN_POINT ( 'NONE',  ( -5.078155705031117684, -5.498751506990035232, 13.68167193599486886 ) ) ;
#6669 = CARTESIAN_POINT ( 'NONE',  ( 1.197360756279696847, 3.508314779782196080, 14.08346894798230942 ) ) ;
#6670 = VECTOR ( 'NONE', #6665, 1000.000000000000000 ) ;
#6671 = EDGE_LOOP ( 'NONE', ( #1754, #3807, #5666, #4044 ) ) ;
#6672 = EDGE_LOOP ( 'NONE', ( #1981, #2506, #2127, #6762, #5715, #5709, #4835 ) ) ;
#6673 = DIRECTION ( 'NONE',  ( 0.000000000000000000, 0.000000000000000000, -1.000000000000000000 ) ) ;
#6674 = CARTESIAN_POINT ( 'NONE',  ( 1.040995091370846115, -8.039719456106315221, 11.42676646251782024 ) ) ;
#6675 = EDGE_LOOP ( 'NONE', ( #1936, #4080, #5297, #332 ) ) ;
#6676 = AXIS2_PLACEMENT_3D ( 'NONE', #3420, #5112, #6948 ) ;
#6677 = ORIENTED_EDGE ( 'NONE', *, *, #4334, .F. ) ;
#6678 = CARTESIAN_POINT ( 'NONE',  ( -0.3378948879941582883, -3.875294732441113332, 23.99833212799901005 ) ) ;
#6679 = ORIENTED_EDGE ( 'NONE', *, *, #6322, .F. ) ;
#6680 = CARTESIAN_POINT ( 'NONE',  ( 1.583246015787041383, 3.535889187281870516, 20.87332212800530584 ) ) ;
#6681 = LINE ( 'NONE', #1500, #7054 ) ;
#6682 = ADVANCED_FACE ( 'NONE', ( #367 ), #3230, .T. ) ;
#6683 = CARTESIAN_POINT ( 'NONE',  ( -4.136321125020613998, 5.436247185802858262, 15.47959015647041170 ) ) ;
#6684 = AXIS2_PLACEMENT_3D ( 'NONE', #4696, #3032, #3142 ) ;
#6685 = ADVANCED_FACE ( 'NONE', ( #2066 ), #602, .F. ) ;
#6686 = ADVANCED_FACE ( 'NONE', ( #4703 ), #6875, .F. ) ;
#6687 = AXIS2_PLACEMENT_3D ( 'NONE', #5523, #7095, #3121 ) ;
#6688 = EDGE_CURVE ( 'NONE', #3400, #7011, #3796, .T. ) ;
#6689 = VERTEX_POINT ( 'NONE', #99 ) ;
#6690 = CARTESIAN_POINT ( 'NONE',  ( -5.337894887994158566, 4.456773848707518582, 12.64828224615836660 ) ) ;
#6691 = CARTESIAN_POINT ( 'NONE',  ( 7.970693331971125062, 8.229747284365624083, 22.24833212799901361 ) ) ;
#6692 = VERTEX_POINT ( 'NONE', #1121 ) ;
#6693 = AXIS2_PLACEMENT_3D ( 'NONE', #6922, #3614, #5233 ) ;
#6694 = FACE_OUTER_BOUND ( 'NONE', #2549, .T. ) ;
#6695 = DIRECTION ( 'NONE',  ( -0.2015737629735347980, -0.9794733370953438989, 0.000000000000000000 ) ) ;
#6696 = VECTOR ( 'NONE', #6141, 1000.000000000000114 ) ;
#6697 = FACE_OUTER_BOUND ( 'NONE', #6672, .T. ) ;
#6698 = CARTESIAN_POINT ( 'NONE',  ( 15.57106778315772821, -8.873752814197141348, 7.998332127999012719 ) ) ;
#6699 = VECTOR ( 'NONE', #4251, 999.9999999999998863 ) ;
#6700 = CARTESIAN_POINT ( 'NONE',  ( -4.312998310797283352, -6.925695002571383263, 15.48166221152352229 ) ) ;
#6701 = CARTESIAN_POINT ( 'NONE',  ( 1.501994186416536037, 3.552610660313299640, 19.62332212799901399 ) ) ;
#6702 = AXIS2_PLACEMENT_3D ( 'NONE', #1787, #3369, #6820 ) ;
#6703 = ORIENTED_EDGE ( 'NONE', *, *, #115, .F. ) ;
#6704 = CARTESIAN_POINT ( 'NONE',  ( 2.832419306092996525, 4.002093566010574754, 20.75195349176454229 ) ) ;
#6705 = ADVANCED_FACE ( 'NONE', ( #30 ), #4627, .F. ) ;
#6706 = CARTESIAN_POINT ( 'NONE',  ( -0.3378948879941582883, -3.875294732441113332, 9.250000000000000000 ) ) ;
#6707 = DIRECTION ( 'NONE',  ( 1.000000000000000000, 0.000000000000000000, 0.000000000000000000 ) ) ;
#6708 = ORIENTED_EDGE ( 'NONE', *, *, #2333, .F. ) ;
#6709 = AXIS2_PLACEMENT_3D ( 'NONE', #521, #3435, #1666 ) ;
#6710 = CARTESIAN_POINT ( 'NONE',  ( 3.720693331971123285, 11.72974728436562408, 10.74833212799901361 ) ) ;
#6711 = EDGE_LOOP ( 'NONE', ( #6943, #1603, #4694, #3491, #7000, #2253 ) ) ;
#6712 = ORIENTED_EDGE ( 'NONE', *, *, #3195, .T. ) ;
#6713 = CARTESIAN_POINT ( 'NONE',  ( 0.9582460157974506121, -7.984007349943287757, 14.58166212799870110 ) ) ;
#6714 = CARTESIAN_POINT ( 'NONE',  ( 1.762631749864692843, 3.477864650872939389, 11.14389554123636294 ) ) ;
#6715 = CARTESIAN_POINT ( 'NONE',  ( 2.720693331971123730, 3.729747284365623194, 20.24833212799901361 ) ) ;
#6716 = VERTEX_POINT ( 'NONE', #6983 ) ;
#6717 = ORIENTED_EDGE ( 'NONE', *, *, #4231, .F. ) ;
#6718 = CARTESIAN_POINT ( 'NONE',  ( 1.265634459074677975, -8.166039084895125200, 19.70410150145245609 ) ) ;
#6719 = VECTOR ( 'NONE', #6889, 1000.000000000000000 ) ;
#6720 = EDGE_LOOP ( 'NONE', ( #2021, #6052, #3540, #302, #4804, #4347 ) ) ;
#6721 = DIRECTION ( 'NONE',  ( 2.498001805406602216E-16, -1.000000000000000000, 0.000000000000000000 ) ) ;
#6722 = ADVANCED_FACE ( 'NONE', ( #4134 ), #6835, .F. ) ;
#6723 = DIRECTION ( 'NONE',  ( 1.000000000000000000, 0.000000000000000000, -0.000000000000000000 ) ) ;
#6724 = PLANE ( 'NONE',  #4654 ) ;
#6725 = AXIS2_PLACEMENT_3D ( 'NONE', #5830, #4709, #1387 ) ;
#6726 = ORIENTED_EDGE ( 'NONE', *, *, #4334, .T. ) ;
#6727 = DIRECTION ( 'NONE',  ( 0.9794733370953440099, 0.2015737629735351033, 1.748373693855877484E-16 ) ) ;
#6728 = DIRECTION ( 'NONE',  ( 1.000000000000000000, 4.818676322157798361E-16, 0.000000000000000000 ) ) ;
#6729 = VERTEX_POINT ( 'NONE', #2254 ) ;
#6730 = EDGE_CURVE ( 'NONE', #2003, #2289, #6917, .T. ) ;
#6731 = CARTESIAN_POINT ( 'NONE',  ( 2.014565150278558203, 3.189426536606437601, 17.41499212799901031 ) ) ;
#6732 = DIRECTION ( 'NONE',  ( -1.000000000000000000, 0.000000000000000000, 0.000000000000000000 ) ) ;
#6733 = CARTESIAN_POINT ( 'NONE',  ( 2.914110477286597778, 4.236307303519879497, 11.92099626804457024 ) ) ;
#6734 = CARTESIAN_POINT ( 'NONE',  ( -5.330428383661446112, 4.393118539265072009, 15.48166212799901231 ) ) ;
#6735 = DIRECTION ( 'NONE',  ( -0.2015737629735342984, -0.9794733370953438989, 0.000000000000000000 ) ) ;
#6736 = DIRECTION ( 'NONE',  ( 0.000000000000000000, 0.000000000000000000, 1.000000000000000000 ) ) ;
#6737 = AXIS2_PLACEMENT_3D ( 'NONE', #5555, #2132, #3331 ) ;
#6738 = VERTEX_POINT ( 'NONE', #2329 ) ;
#6739 = CARTESIAN_POINT ( 'NONE',  ( 13.19466600656514110, 5.240167209490985911, 21.51008001736608932 ) ) ;
#6740 = AXIS2_PLACEMENT_3D ( 'NONE', #5962, #6484, #4202 ) ;
#6741 = DIRECTION ( 'NONE',  ( 2.498001805406602216E-16, -1.000000000000000000, 0.000000000000000000 ) ) ;
#6742 = DIRECTION ( 'NONE',  ( 1.000000000000000000, 0.000000000000000000, 0.000000000000000000 ) ) ;
#6743 = VERTEX_POINT ( 'NONE', #5220 ) ;
#6744 = CARTESIAN_POINT ( 'NONE',  ( 1.198680847101486924, -8.132260364130292629, 15.08062223436937721 ) ) ;
#6745 = SPHERICAL_SURFACE ( 'NONE', #854, 1.000000000000000000 ) ;
#6746 = ORIENTED_EDGE ( 'NONE', *, *, #6870, .F. ) ;
#6747 = VERTEX_POINT ( 'NONE', #5825 ) ;
#6748 = CYLINDRICAL_SURFACE ( 'NONE', #1899, 1.000000000000000888 ) ;
#6749 = LINE ( 'NONE', #2241, #135 ) ;
#6750 = CARTESIAN_POINT ( 'NONE',  ( -4.282710726335265505, 5.457960999510000022, 18.31275882227916796 ) ) ;
#6751 = ORIENTED_EDGE ( 'NONE', *, *, #4211, .F. ) ;
#6752 = ORIENTED_EDGE ( 'NONE', *, *, #1207, .T. ) ;
#6753 = DIRECTION ( 'NONE',  ( 1.000000000000000000, 0.000000000000000000, 0.000000000000000000 ) ) ;
#6754 = EDGE_LOOP ( 'NONE', ( #2149, #3232, #5097, #3332, #28, #6862 ) ) ;
#6755 = CARTESIAN_POINT ( 'NONE',  ( 2.720693331971123730, 4.025086560482840525, 19.41461580751000682 ) ) ;
#6756 = FACE_OUTER_BOUND ( 'NONE', #4922, .T. ) ;
#6757 = ADVANCED_FACE ( 'NONE', ( #3532 ), #4023, .T. ) ;
#6758 = VERTEX_POINT ( 'NONE', #1761 ) ;
#6759 = ORIENTED_EDGE ( 'NONE', *, *, #3599, .F. ) ;
#6760 = CARTESIAN_POINT ( 'NONE',  ( 12.22069333197112151, 3.729747284365623194, 11.74833212799901183 ) ) ;
#6761 = CARTESIAN_POINT ( 'NONE',  ( -5.330428383661446112, 4.393118539265072009, 20.24832212799901399 ) ) ;
#6762 = ORIENTED_EDGE ( 'NONE', *, *, #2842, .F. ) ;
#6763 = LINE ( 'NONE', #1163, #4064 ) ;
#6764 = CARTESIAN_POINT ( 'NONE',  ( 2.208246015799835149, 4.130547250359976275, 10.85039112044069576 ) ) ;
#6765 = VECTOR ( 'NONE', #2675, 1000.000000000000000 ) ;
#6766 = CARTESIAN_POINT ( 'NONE',  ( 2.819842488715008866, 4.206118175420725080, 11.94181365828025676 ) ) ;
#6767 = ADVANCED_FACE ( 'NONE', ( #2291 ), #4592, .T. ) ;
#6768 = DIRECTION ( 'NONE',  ( 1.000000000000000000, 0.000000000000000000, 0.000000000000000000 ) ) ;
#6769 = DIRECTION ( 'NONE',  ( -0.9794733370953440099, 0.2015737629735344927, 0.000000000000000000 ) ) ;
#6770 = DIRECTION ( 'NONE',  ( 2.498001805406602216E-16, -1.000000000000000000, 0.000000000000000000 ) ) ;
#6771 = CARTESIAN_POINT ( 'NONE',  ( 19.36578231149358587, 5.288772716631840787, 24.99666425599802366 ) ) ;
#6772 = EDGE_CURVE ( 'NONE', #1456, #4925, #2157, .T. ) ;
#6773 = CARTESIAN_POINT ( 'NONE',  ( -5.170096865981502532, 5.016125330270519989, 21.14730215907326638 ) ) ;
#6774 = CARTESIAN_POINT ( 'NONE',  ( -5.337894887994159454, 4.424946582232931469, 18.31495846801144012 ) ) ;
#6775 = EDGE_CURVE ( 'NONE', #6117, #4946, #5793, .T. ) ;
#6776 = CARTESIAN_POINT ( 'NONE',  ( 2.720693331971122841, 4.025086560482840525, 12.58204844848802395 ) ) ;
#6777 = CARTESIAN_POINT ( 'NONE',  ( 20.28395385150156827, 4.456773848707512364, 24.99666425599802366 ) ) ;
#6778 = ADVANCED_FACE ( 'NONE', ( #1305 ), #4811, .T. ) ;
#6779 = CYLINDRICAL_SURFACE ( 'NONE', #7402, 0.8999999999999980238 ) ;
#6780 = FACE_OUTER_BOUND ( 'NONE', #5738, .T. ) ;
#6781 = EDGE_CURVE ( 'NONE', #4609, #2026, #7057, .T. ) ;
#6782 = VERTEX_POINT ( 'NONE', #3603 ) ;
#6783 = ORIENTED_EDGE ( 'NONE', *, *, #6326, .F. ) ;
#6784 = LINE ( 'NONE', #1604, #2017 ) ;
#6785 = ADVANCED_FACE ( 'NONE', ( #214 ), #3565, .F. ) ;
#6786 = DIRECTION ( 'NONE',  ( 0.000000000000000000, -1.000000000000000000, 0.000000000000000000 ) ) ;
#6787 = DIRECTION ( 'NONE',  ( -1.000000000000000000, -7.375108878104640636E-16, 0.000000000000000000 ) ) ;
#6788 = ORIENTED_EDGE ( 'NONE', *, *, #4231, .T. ) ;
#6789 = CIRCLE ( 'NONE', #6071, 6.000000000000000000 ) ;
#6790 = ORIENTED_EDGE ( 'NONE', *, *, #6912, .T. ) ;
#6791 = CARTESIAN_POINT ( 'NONE',  ( 12.42226709494465631, 3.859810398357403027, 8.748332127999013608 ) ) ;
#6792 = ORIENTED_EDGE ( 'NONE', *, *, #2879, .T. ) ;
#6793 = ORIENTED_EDGE ( 'NONE', *, *, #4184, .F. ) ;
#6794 = CARTESIAN_POINT ( 'NONE',  ( -5.337894887994158566, -3.875294732441077805, 15.48163115597333750 ) ) ;
#6795 = FACE_OUTER_BOUND ( 'NONE', #3708, .T. ) ;
#6796 = AXIS2_PLACEMENT_3D ( 'NONE', #37, #555, #6919 ) ;
#6797 = EDGE_LOOP ( 'NONE', ( #538, #4538, #1690, #1602, #1492 ) ) ;
#6798 = ORIENTED_EDGE ( 'NONE', *, *, #1252, .F. ) ;
#6799 = CARTESIAN_POINT ( 'NONE',  ( 12.42226709494465453, 3.859810398357402583, 8.748332127999013608 ) ) ;
#6800 = CARTESIAN_POINT ( 'NONE',  ( -5.337894887994158566, 4.456773848707508812, 18.31494224615836686 ) ) ;
#6801 = AXIS2_PLACEMENT_3D ( 'NONE', #5707, #2354, #6827 ) ;
#6802 = DIRECTION ( 'NONE',  ( -1.000000000000000000, 0.000000000000000000, 0.000000000000000000 ) ) ;
#6803 = LINE ( 'NONE', #6244, #7226 ) ;
#6804 = CIRCLE ( 'NONE', #3452, 0.8999999999999998002 ) ;
#6805 = DIRECTION ( 'NONE',  ( -0.2015737629735342984, -0.9794733370953438989, 0.000000000000000000 ) ) ;
#6806 = CIRCLE ( 'NONE', #1648, 0.8999999999999998002 ) ;
#6807 = DIRECTION ( 'NONE',  ( 1.000000000000000000, 5.682499450283236309E-17, 0.000000000000000000 ) ) ;
#6808 = CARTESIAN_POINT ( 'NONE',  ( 12.23583365360830832, 4.829747284365629056, 11.74833212799901183 ) ) ;
#6809 = CARTESIAN_POINT ( 'NONE',  ( -0.3304283836614452796, -8.884007349944946341, 20.24832212799901399 ) ) ;
#6810 = EDGE_CURVE ( 'NONE', #7421, #724, #4137, .T. ) ;
#6811 = CIRCLE ( 'NONE', #4785, 1.000000000000000888 ) ;
#6812 = EDGE_CURVE ( 'NONE', #3482, #3555, #5673, .T. ) ;
#6813 = CARTESIAN_POINT ( 'NONE',  ( -5.337894887994158566, -3.878198939378064480, 12.64830115597333560 ) ) ;
#6814 = CARTESIAN_POINT ( 'NONE',  ( -0.3020922099672417871, -8.873752814197141348, 9.250000000000000000 ) ) ;
#6815 = EDGE_LOOP ( 'NONE', ( #5513, #2995, #1720, #5626 ) ) ;
#6816 = CARTESIAN_POINT ( 'NONE',  ( -2.271816643307008832, -8.873752814197144900, 22.51961947878758252 ) ) ;
#6817 = CARTESIAN_POINT ( 'NONE',  ( -5.330428383661446112, -3.884007349944944565, 10.84833212799901325 ) ) ;
#6818 = EDGE_LOOP ( 'NONE', ( #6163, #1573 ) ) ;
#6819 = ORIENTED_EDGE ( 'NONE', *, *, #3837, .T. ) ;
#6820 = DIRECTION ( 'NONE',  ( -1.000000000000000000, 0.000000000000000000, 0.000000000000000000 ) ) ;
#6821 = ADVANCED_FACE ( 'NONE', ( #3637 ), #674, .F. ) ;
#6822 = ADVANCED_FACE ( 'NONE', ( #5372 ), #7089, .F. ) ;
#6823 = FACE_OUTER_BOUND ( 'NONE', #3347, .T. ) ;
#6824 = LINE ( 'NONE', #1749, #1821 ) ;
#6825 = ORIENTED_EDGE ( 'NONE', *, *, #3654, .F. ) ;
#6826 = EDGE_LOOP ( 'NONE', ( #2561, #3404, #1755, #5328 ) ) ;
#6827 = DIRECTION ( 'NONE',  ( 0.000000000000000000, 7.885106708985484103E-16, -1.000000000000000000 ) ) ;
#6828 = VERTEX_POINT ( 'NONE', #1947 ) ;
#6829 = EDGE_LOOP ( 'NONE', ( #835, #3109, #6258, #3119, #689, #3791, #2245 ) ) ;
#6830 = CIRCLE ( 'NONE', #5514, 0.8999999999999998002 ) ;
#6831 = CARTESIAN_POINT ( 'NONE',  ( -4.136321125020615774, 5.436247185802859150, 24.99833212799901361 ) ) ;
#6832 = DIRECTION ( 'NONE',  ( -0.000000000000000000, 1.000000000000000000, -0.000000000000000000 ) ) ;
#6833 = ORIENTED_EDGE ( 'NONE', *, *, #3013, .T. ) ;
#6834 = ORIENTED_EDGE ( 'NONE', *, *, #6207, .T. ) ;
#6835 = CYLINDRICAL_SURFACE ( 'NONE', #3682, 2.500000000000000444 ) ;
#6836 = DIRECTION ( 'NONE',  ( -0.000000000000000000, -0.000000000000000000, -1.000000000000000000 ) ) ;
#6837 = EDGE_CURVE ( 'NONE', #6716, #1386, #2436, .T. ) ;
#6838 = AXIS2_PLACEMENT_3D ( 'NONE', #1322, #673, #2983 ) ;
#6839 = ADVANCED_FACE ( 'NONE', ( #3039 ), #5333, .T. ) ;
#6840 = CARTESIAN_POINT ( 'NONE',  ( -5.208911900726143962, 4.953620798299954053, 12.64747708666958204 ) ) ;
#6841 = CARTESIAN_POINT ( 'NONE',  ( 19.36578231149358587, 5.288772716631839899, 23.99833212799901005 ) ) ;
#6842 = CARTESIAN_POINT ( 'NONE',  ( 1.501994186416536703, 3.552610660313299640, 16.78999212799900675 ) ) ;
#6843 = LINE ( 'NONE', #1661, #7075 ) ;
#6844 = DIRECTION ( 'NONE',  ( 0.000000000000000000, -1.000000000000000000, 0.000000000000000000 ) ) ;
#6845 = CARTESIAN_POINT ( 'NONE',  ( 13.22069333197112506, 4.183336712770302945, 11.95830214371207489 ) ) ;
#6846 = B_SPLINE_CURVE_WITH_KNOTS ( 'NONE', 3,
 ( #1871, #620, #6306, #97, #1154, #4621, #3528, #4130, #7428, #4055, #1266, #4092, #58, #2962, #2397, #4736, #2888, #4167, #2998, #5296 ),
 .UNSPECIFIED., .F., .F.,
 ( 4, 2, 2, 2, 2, 2, 2, 2, 2, 4 ),
 ( 9.858096285126658558E-08, 0.0009753616761650894156, 0.001462993223766208360, 0.001950624771367327412, 0.002925887866569564649, 0.003901150961771801887, 0.004876414056974039991, 0.005851677152176278096, 0.006826940247378516201, 0.007802203342580754306 ),
 .UNSPECIFIED. ) ;
#6847 = CARTESIAN_POINT ( 'NONE',  ( 2.242534873701769182, 4.297161305577098744, 11.36130184543979738 ) ) ;
#6848 = CYLINDRICAL_SURFACE ( 'NONE', #1513, 1.100000000000000311 ) ;
#6849 = B_SPLINE_CURVE_WITH_KNOTS ( 'NONE', 3,
 ( #3961, #6249, #2339, #6285 ),
 .UNSPECIFIED., .F., .F.,
 ( 4, 4 ),
 ( 1.020934773640819018E-07, 2.024621106042053673E-05 ),
 .UNSPECIFIED. ) ;
#6850 = CARTESIAN_POINT ( 'NONE',  ( -4.718015283681294747, 5.384643838426241835, 16.51713122742157225 ) ) ;
#6851 = CARTESIAN_POINT ( 'NONE',  ( 15.57106778315772821, -8.873752814197141348, 24.99666425599802366 ) ) ;
#6852 = ORIENTED_EDGE ( 'NONE', *, *, #4613, .T. ) ;
#6853 = AXIS2_PLACEMENT_3D ( 'NONE', #2242, #5978, #391 ) ;
#6854 = CARTESIAN_POINT ( 'NONE',  ( 2.208246015799835149, 4.130547250359976275, 18.31293313555732993 ) ) ;
#6855 = CARTESIAN_POINT ( 'NONE',  ( 15.57106778315772821, -8.873752814197141348, 6.999999999999999112 ) ) ;
#6856 = EDGE_CURVE ( 'NONE', #7228, #1715, #813, .T. ) ;
#6857 = ORIENTED_EDGE ( 'NONE', *, *, #467, .F. ) ;
#6858 = DIRECTION ( 'NONE',  ( -0.2015737629735342984, -0.9794733370953438989, 0.000000000000000000 ) ) ;
#6859 = DIRECTION ( 'NONE',  ( -1.000000000000000000, 0.000000000000000000, 0.000000000000000000 ) ) ;
#6860 = VECTOR ( 'NONE', #238, 1000.000000000000000 ) ;
#6861 = CARTESIAN_POINT ( 'NONE',  ( 10.34865194254071596, -12.57799432079165314, 17.83396615689146358 ) ) ;
#6862 = ORIENTED_EDGE ( 'NONE', *, *, #4617, .T. ) ;
#6863 = VERTEX_POINT ( 'NONE', #2548 ) ;
#6864 = DIRECTION ( 'NONE',  ( 2.498001805406602216E-16, -1.000000000000000000, 0.000000000000000000 ) ) ;
#6865 = AXIS2_PLACEMENT_3D ( 'NONE', #5100, #4949, #7238 ) ;
#6866 = ORIENTED_EDGE ( 'NONE', *, *, #5218, .F. ) ;
#6867 = EDGE_LOOP ( 'NONE', ( #5748, #6369, #4402, #7080 ) ) ;
#6868 = FACE_BOUND ( 'NONE', #6818, .T. ) ;
#6869 = CARTESIAN_POINT ( 'NONE',  ( 10.34865194254071596, -12.57799432079165314, 13.83396615689146714 ) ) ;
#6870 = EDGE_CURVE ( 'NONE', #883, #6166, #4845, .T. ) ;
#6871 = VECTOR ( 'NONE', #7435, 1000.000000000000227 ) ;
#6872 = EDGE_CURVE ( 'NONE', #424, #5754, #2925, .T. ) ;
#6873 = ORIENTED_EDGE ( 'NONE', *, *, #6287, .T. ) ;
#6874 = VERTEX_POINT ( 'NONE', #6569 ) ;
#6875 = CYLINDRICAL_SURFACE ( 'NONE', #6676, 0.9000000000000000222 ) ;
#6876 = LINE ( 'NONE', #2746, #2462 ) ;
#6877 = ADVANCED_FACE ( 'NONE', ( #394 ), #3085, .F. ) ;
#6878 = CARTESIAN_POINT ( 'NONE',  ( -4.209372244636164773, 5.451280968262001814, 12.64616390724935968 ) ) ;
#6879 = LINE ( 'NONE', #6281, #4601 ) ;
#6880 = EDGE_CURVE ( 'NONE', #3031, #6568, #3202, .T. ) ;
#6881 = CARTESIAN_POINT ( 'NONE',  ( 1.083725061773642251, 3.466226663040248734, 17.03082719646720378 ) ) ;
#6882 = CARTESIAN_POINT ( 'NONE',  ( -12.40663181555144767, -13.37191528868327772, 24.99666425599802366 ) ) ;
#6883 = DIRECTION ( 'NONE',  ( -0.000000000000000000, 1.000000000000000000, -0.000000000000000000 ) ) ;
#6884 = DIRECTION ( 'NONE',  ( 1.000000000000000000, 0.000000000000000000, 0.000000000000000000 ) ) ;
#6885 = CARTESIAN_POINT ( 'NONE',  ( 2.217660434439162831, 4.176293144594661833, 11.80355500013766523 ) ) ;
#6886 = ADVANCED_FACE ( 'NONE', ( #2136 ), #4917, .F. ) ;
#6887 = LINE ( 'NONE', #3474, #3310 ) ;
#6888 = CARTESIAN_POINT ( 'NONE',  ( -5.337887297018019339, -3.884007349944944565, 12.64830121891910508 ) ) ;
#6889 = DIRECTION ( 'NONE',  ( 1.000000000000000000, -0.000000000000000000, -0.000000000000000000 ) ) ;
#6890 = ORIENTED_EDGE ( 'NONE', *, *, #6547, .F. ) ;
#6891 = CARTESIAN_POINT ( 'NONE',  ( -0.9522958357475379554, -8.873752814197141348, 22.01362781783478439 ) ) ;
#6892 = CARTESIAN_POINT ( 'NONE',  ( 12.03962773940497222, 3.781063941627264224, 23.99833212799901005 ) ) ;
#6893 = VERTEX_POINT ( 'NONE', #5478 ) ;
#6894 = LINE ( 'NONE', #2238, #3217 ) ;
#6895 = CIRCLE ( 'NONE', #4020, 0.8999999999999998002 ) ;
#6896 = DIRECTION ( 'NONE',  ( -1.000000000000000000, -7.375108878104640636E-16, 0.000000000000000000 ) ) ;
#6897 = DIRECTION ( 'NONE',  ( -0.000000000000000000, -0.000000000000000000, 1.000000000000000000 ) ) ;
#6898 = EDGE_LOOP ( 'NONE', ( #7090, #2231, #4577, #2353 ) ) ;
#6899 = ORIENTED_EDGE ( 'NONE', *, *, #3123, .T. ) ;
#6900 = CARTESIAN_POINT ( 'NONE',  ( 12.72431230747890751, 5.046571403535664579, 9.874545737630388231 ) ) ;
#6901 = ORIENTED_EDGE ( 'NONE', *, *, #1851, .F. ) ;
#6902 = VERTEX_POINT ( 'NONE', #3904 ) ;
#6903 = DIRECTION ( 'NONE',  ( -0.9798072599803948624, -0.1999443254751452625, 0.000000000000000000 ) ) ;
#6904 = AXIS2_PLACEMENT_3D ( 'NONE', #6390, #39, #5833 ) ;
#6905 = CARTESIAN_POINT ( 'NONE',  ( 4.410365631536291353, 3.729747284365623194, 7.998332127999012719 ) ) ;
#6906 = DIRECTION ( 'NONE',  ( -0.2015737629735347980, -0.9794733370953438989, 0.000000000000000000 ) ) ;
#6907 = ORIENTED_EDGE ( 'NONE', *, *, #3735, .T. ) ;
#6908 = EDGE_LOOP ( 'NONE', ( #469, #5601, #6225, #1557 ) ) ;
#6909 = DIRECTION ( 'NONE',  ( 0.000000000000000000, 0.000000000000000000, -1.000000000000000000 ) ) ;
#6910 = CARTESIAN_POINT ( 'NONE',  ( -1.628580593088098549, -8.708613295541924870, 10.84835544232401361 ) ) ;
#6911 = VECTOR ( 'NONE', #2, 1000.000000000000000 ) ;
#6912 = EDGE_CURVE ( 'NONE', #468, #2891, #3862, .T. ) ;
#6913 = EDGE_CURVE ( 'NONE', #5360, #2174, #2360, .T. ) ;
#6914 = CARTESIAN_POINT ( 'NONE',  ( 1.583246015787041383, 3.535889187281870516, 18.03999212800530572 ) ) ;
#6915 = VECTOR ( 'NONE', #5307, 1000.000000000000000 ) ;
#6916 = EDGE_CURVE ( 'NONE', #4093, #5360, #5369, .T. ) ;
#6917 = B_SPLINE_CURVE_WITH_KNOTS ( 'NONE', 3,
 ( #6278, #3387, #1234, #60 ),
 .UNSPECIFIED., .F., .F.,
 ( 4, 4 ),
 ( 8.673617379884035472E-19, 8.712620810958721990E-06 ),
 .UNSPECIFIED. ) ;
#6918 = DIRECTION ( 'NONE',  ( 1.000000000000000000, 0.000000000000000000, 0.000000000000000000 ) ) ;
#6919 = DIRECTION ( 'NONE',  ( 1.000000000000000000, 0.000000000000000000, 0.000000000000000000 ) ) ;
#6920 = DIRECTION ( 'NONE',  ( 1.000000000000000000, -1.092801349243425181E-16, 0.000000000000000000 ) ) ;
#6921 = VECTOR ( 'NONE', #2736, 999.9999999999998863 ) ;
#6922 = CARTESIAN_POINT ( 'NONE',  ( 2.195981536954739521, 4.070952539992247488, 20.24832212799901399 ) ) ;
#6923 = CARTESIAN_POINT ( 'NONE',  ( 3.720693331971123730, 4.840245285879309023, 23.24833212799901361 ) ) ;
#6924 =( LENGTH_UNIT ( ) NAMED_UNIT ( * ) SI_UNIT ( .MILLI., .METRE. ) );
#6925 = AXIS2_PLACEMENT_3D ( 'NONE', #2421, #754, #4757 ) ;
#6926 = CARTESIAN_POINT ( 'NONE',  ( 3.715147617326352236, 4.836752081553458815, 11.74833212799901183 ) ) ;
#6927 = CARTESIAN_POINT ( 'NONE',  ( 1.086734128815992628, -8.069294384771509954, 12.13605303639686639 ) ) ;
#6928 = ORIENTED_EDGE ( 'NONE', *, *, #6872, .F. ) ;
#6929 = CARTESIAN_POINT ( 'NONE',  ( 1.965265365766823757, -8.133587697359429214, 20.74927965058684620 ) ) ;
#6930 = DIRECTION ( 'NONE',  ( -0.000000000000000000, 0.000000000000000000, 1.000000000000000000 ) ) ;
#6931 = EDGE_CURVE ( 'NONE', #2252, #5165, #922, .T. ) ;
#6932 = ORIENTED_EDGE ( 'NONE', *, *, #467, .T. ) ;
#6933 = DIRECTION ( 'NONE',  ( -1.000000000000000000, 1.734723475976799403E-15, 0.000000000000000000 ) ) ;
#6934 = CIRCLE ( 'NONE', #2857, 2.500000000000000444 ) ;
#6935 = CARTESIAN_POINT ( 'NONE',  ( -4.136321125020615774, 5.436247185802859150, 22.74666425599802366 ) ) ;
#6936 = AXIS2_PLACEMENT_3D ( 'NONE', #6092, #5418, #3838 ) ;
#6937 = LINE ( 'NONE', #2350, #4225 ) ;
#6938 = B_SPLINE_CURVE_WITH_KNOTS ( 'NONE', 3,
 ( #559, #1737, #5158, #4074 ),
 .UNSPECIFIED., .F., .F.,
 ( 4, 4 ),
 ( 1.020934773640725315E-07, 2.024621106042052656E-05 ),
 .UNSPECIFIED. ) ;
#6939 = ORIENTED_EDGE ( 'NONE', *, *, #2460, .T. ) ;
#6940 = AXIS2_PLACEMENT_3D ( 'NONE', #6167, #2858, #5681 ) ;
#6941 = EDGE_LOOP ( 'NONE', ( #6481, #5213 ) ) ;
#6942 = DIRECTION ( 'NONE',  ( -4.216341781888073566E-16, 1.000000000000000000, 0.000000000000000000 ) ) ;
#6943 = ORIENTED_EDGE ( 'NONE', *, *, #5170, .F. ) ;
#6944 = ORIENTED_EDGE ( 'NONE', *, *, #5282, .T. ) ;
#6945 = DIRECTION ( 'NONE',  ( 1.000000000000000000, 5.682499450283236309E-17, 0.000000000000000000 ) ) ;
#6946 = PLANE ( 'NONE',  #3266 ) ;
#6947 = ORIENTED_EDGE ( 'NONE', *, *, #1224, .F. ) ;
#6948 = DIRECTION ( 'NONE',  ( -0.2015737629735347980, -0.9794733370953438989, 0.000000000000000000 ) ) ;
#6949 = CARTESIAN_POINT ( 'NONE',  ( 1.501994186416536703, 3.552610660313299640, 11.12333212799901005 ) ) ;
#6950 = AXIS2_PLACEMENT_3D ( 'NONE', #231, #749, #4227 ) ;
#6951 = EDGE_CURVE ( 'NONE', #1534, #95, #1457, .T. ) ;
#6952 = CARTESIAN_POINT ( 'NONE',  ( 12.80647976959802747, 5.080391220586510492, 9.748332127999011831 ) ) ;
#6953 = CARTESIAN_POINT ( 'NONE',  ( 16.40811827848397186, -8.873752814197141348, 7.998332127999012719 ) ) ;
#6954 = CARTESIAN_POINT ( 'NONE',  ( 14.16685724312658579, 4.218843756078455520, 11.76113470649569592 ) ) ;
#6955 = CARTESIAN_POINT ( 'NONE',  ( 4.410365631536292241, 4.729747284365622306, 9.748332127999011831 ) ) ;
#6956 = CYLINDRICAL_SURFACE ( 'NONE', #6319, 0.8999999999999980238 ) ;
#6957 = CYLINDRICAL_SURFACE ( 'NONE', #6904, 1.000000000000000888 ) ;
#6958 = AXIS2_PLACEMENT_3D ( 'NONE', #5229, #482, #5088 ) ;
#6959 = EDGE_CURVE ( 'NONE', #5385, #3813, #2260, .T. ) ;
#6960 = VERTEX_POINT ( 'NONE', #1494 ) ;
#6961 = DIRECTION ( 'NONE',  ( -9.637352644315596722E-16, 1.000000000000000000, 0.000000000000000000 ) ) ;
#6962 = LINE ( 'NONE', #3015, #5496 ) ;
#6963 =( NAMED_UNIT ( * ) PLANE_ANGLE_UNIT ( ) SI_UNIT ( $, .RADIAN. ) );
#6964 = DIRECTION ( 'NONE',  ( 1.000000000000000000, 7.375108878104640636E-16, -0.000000000000000000 ) ) ;
#6965 = FACE_OUTER_BOUND ( 'NONE', #4799, .T. ) ;
#6966 = CARTESIAN_POINT ( 'NONE',  ( 2.195981536954739521, 4.070952539992247488, 11.74833212799901183 ) ) ;
#6967 = CARTESIAN_POINT ( 'NONE',  ( -5.170096865981499867, 5.016125330270518212, 15.48064215907325547 ) ) ;
#6968 = EDGE_LOOP ( 'NONE', ( #3860, #2620, #1525, #2051 ) ) ;
#6969 = DIRECTION ( 'NONE',  ( -0.000000000000000000, 0.000000000000000000, 1.000000000000000000 ) ) ;
#6970 = CARTESIAN_POINT ( 'NONE',  ( 15.57153635071808750, -8.872004039688029309, 24.99666425599802366 ) ) ;
#6971 = CARTESIAN_POINT ( 'NONE',  ( 2.720693331971123730, 11.72974728436562408, 21.24833212799901716 ) ) ;
#6972 = ORIENTED_EDGE ( 'NONE', *, *, #2461, .F. ) ;
#6973 = ORIENTED_EDGE ( 'NONE', *, *, #2783, .T. ) ;
#6974 = CARTESIAN_POINT ( 'NONE',  ( -12.91971069101994196, 10.41189563371067450, 22.74666425599802366 ) ) ;
#6975 = ORIENTED_EDGE ( 'NONE', *, *, #6381, .F. ) ;
#6976 = ORIENTED_EDGE ( 'NONE', *, *, #656, .T. ) ;
#6977 = FACE_OUTER_BOUND ( 'NONE', #3869, .T. ) ;
#6978 = AXIS2_PLACEMENT_3D ( 'NONE', #1935, #1369, #3139 ) ;
#6979 = DIRECTION ( 'NONE',  ( 1.000000000000000000, 0.000000000000000000, 0.000000000000000000 ) ) ;
#6980 = VECTOR ( 'NONE', #1444, 1000.000000000000000 ) ;
#6981 = VECTOR ( 'NONE', #1378, 1000.000000000000000 ) ;
#6982 = VERTEX_POINT ( 'NONE', #4435 ) ;
#6983 = CARTESIAN_POINT ( 'NONE',  ( 3.906431224102437927, 3.781063941627265113, 8.748332127999011831 ) ) ;
#6984 = EDGE_CURVE ( 'NONE', #6570, #3905, #4645, .T. ) ;
#6985 = CARTESIAN_POINT ( 'NONE',  ( -5.337894887994158566, 4.456773848707507923, 13.68171200983965896 ) ) ;
#6986 = DIRECTION ( 'NONE',  ( 0.000000000000000000, -1.000000000000000000, 0.000000000000000000 ) ) ;
#6987 = B_SPLINE_SURFACE_WITH_KNOTS ( 'NONE', 3, 1, ( 
 ( #130, #5326 ),
 ( #6974, #1372 ),
 ( #5925, #3668 ),
 ( #3556, #2465 ),
 ( #5961, #7117 ) ),
 .UNSPECIFIED., .F., .F., .F.,
 ( 4, 1, 4 ),
 ( 2, 2 ),
 ( 0.000000000000000000, 0.3777526420860334855, 1.000000000000000000 ),
 ( 0.000000000000000000, 1.000000000000000000 ),
 .UNSPECIFIED. ) ;
#6988 = CARTESIAN_POINT ( 'NONE',  ( -4.136321125020615774, 5.436247185802859150, 21.74666425599802366 ) ) ;
#6989 = ORIENTED_EDGE ( 'NONE', *, *, #1779, .F. ) ;
#6990 = CARTESIAN_POINT ( 'NONE',  ( 1.649623742068695664, 4.245510659298445511, 21.14626313555733361 ) ) ;
#6991 = LINE ( 'NONE', #664, #3919 ) ;
#6992 = CARTESIAN_POINT ( 'NONE',  ( -5.208679212011682935, -5.016303108404515321, 12.64831660644257560 ) ) ;
#6993 = EDGE_LOOP ( 'NONE', ( #2955, #3011, #4648, #4422 ) ) ;
#6994 = DIRECTION ( 'NONE',  ( -1.000000000000000000, 0.000000000000000000, 0.000000000000000000 ) ) ;
#6995 = CARTESIAN_POINT ( 'NONE',  ( 11.83805397643143742, 4.760537278722607901, 9.748332127999011831 ) ) ;
#6996 = DIRECTION ( 'NONE',  ( -0.000000000000000000, -0.000000000000000000, -1.000000000000000000 ) ) ;
#6997 = LINE ( 'NONE', #4266, #7305 ) ;
#6998 = DIRECTION ( 'NONE',  ( 1.000000000000000000, 0.000000000000000000, 0.000000000000000000 ) ) ;
#6999 = FACE_OUTER_BOUND ( 'NONE', #3946, .T. ) ;
#7000 = ORIENTED_EDGE ( 'NONE', *, *, #5908, .T. ) ;
#7002 = ADVANCED_FACE ( 'NONE', ( #6118 ), #2662, .T. ) ;
#7001 = LINE ( 'NONE', #1932, #3460 ) ;
#7003 = CARTESIAN_POINT ( 'NONE',  ( -5.337894887994158566, 4.393118539265072009, 15.48163115597333750 ) ) ;
#7004 = EDGE_CURVE ( 'NONE', #6276, #1018, #3336, .T. ) ;
#7005 = DIRECTION ( 'NONE',  ( 0.000000000000000000, 0.000000000000000000, 1.000000000000000000 ) ) ;
#7006 = EDGE_CURVE ( 'NONE', #4609, #6893, #6560, .T. ) ;
#7007 = EDGE_CURVE ( 'NONE', #1506, #996, #7354, .T. ) ;
#7008 = AXIS2_PLACEMENT_3D ( 'NONE', #7034, #5351, #3098 ) ;
#7009 = EDGE_CURVE ( 'NONE', #192, #4177, #885, .T. ) ;
#7010 = ORIENTED_EDGE ( 'NONE', *, *, #6154, .T. ) ;
#7011 = VERTEX_POINT ( 'NONE', #427 ) ;
#7012 = CARTESIAN_POINT ( 'NONE',  ( 14.37021244413254628, 4.260693872395631132, 10.22483634926478402 ) ) ;
#7013 = ADVANCED_FACE ( 'NONE', ( #6344 ), #5141, .F. ) ;
#7014 = VERTEX_POINT ( 'NONE', #4087 ) ;
#7015 = ORIENTED_EDGE ( 'NONE', *, *, #5914, .F. ) ;
#7016 = CARTESIAN_POINT ( 'NONE',  ( 2.747037821616202358, 5.240998216314783242, 11.01164925465630873 ) ) ;
#7017 = CARTESIAN_POINT ( 'NONE',  ( -4.330428383661447000, 4.393118539265072897, 20.24832212799901399 ) ) ;
#7018 = ORIENTED_EDGE ( 'NONE', *, *, #3074, .F. ) ;
#7019 = CARTESIAN_POINT ( 'NONE',  ( 4.410365631536292241, 3.729747284365623194, 23.24833212799901361 ) ) ;
#7020 = CIRCLE ( 'NONE', #3779, 5.000000000000000888 ) ;
#7021 = DIRECTION ( 'NONE',  ( -0.000000000000000000, 0.000000000000000000, -1.000000000000000000 ) ) ;
#7022 = CARTESIAN_POINT ( 'NONE',  ( 3.720693331971123285, 11.72974728436562408, 10.74833212799901361 ) ) ;
#7023 = CARTESIAN_POINT ( 'NONE',  ( 13.01801329041694544, 5.167457618765278760, 11.36608761840014203 ) ) ;
#7024 = VERTEX_POINT ( 'NONE', #6375 ) ;
#7025 = CARTESIAN_POINT ( 'NONE',  ( 2.720693331971123730, 5.251841508745991760, 21.24833212799901361 ) ) ;
#7026 = DIRECTION ( 'NONE',  ( -0.000000000000000000, -0.000000000000000000, -1.000000000000000000 ) ) ;
#7027 = CARTESIAN_POINT ( 'NONE',  ( -5.337894887994158566, 4.446164562192424619, 19.34836496602262912 ) ) ;
#7028 = VERTEX_POINT ( 'NONE', #3524 ) ;
#7029 = CARTESIAN_POINT ( 'NONE',  ( -5.337894887994158566, 4.456773848707507923, 19.34837200983966099 ) ) ;
#7030 = CARTESIAN_POINT ( 'NONE',  ( -0.3378948879941582883, -3.875294732441113332, 10.24999999999999822 ) ) ;
#7031 = CARTESIAN_POINT ( 'NONE',  ( 1.583246015787041383, 3.535889187281870516, 12.37333212800530546 ) ) ;
#7032 = CARTESIAN_POINT ( 'NONE',  ( -5.337887297018019339, -3.884007349944944565, 21.14829121891910546 ) ) ;
#7033 = CARTESIAN_POINT ( 'NONE',  ( -5.330428383661446112, -3.884007349944944565, 17.41499212799901031 ) ) ;
#7034 = CARTESIAN_POINT ( 'NONE',  ( 21.28395385150157182, 4.456773848707507923, 23.99833212799901005 ) ) ;
#7035 =( LENGTH_UNIT ( ) NAMED_UNIT ( * ) SI_UNIT ( .MILLI., .METRE. ) );
#7036 = EDGE_CURVE ( 'NONE', #717, #1262, #5013, .T. ) ;
#7037 = ORIENTED_EDGE ( 'NONE', *, *, #1547, .F. ) ;
#7038 = FACE_OUTER_BOUND ( 'NONE', #1149, .T. ) ;
#7039 = AXIS2_PLACEMENT_3D ( 'NONE', #4580, #5252, #5817 ) ;
#7040 = EDGE_CURVE ( 'NONE', #4589, #1971, #7387, .T. ) ;
#7041 = FACE_OUTER_BOUND ( 'NONE', #5132, .T. ) ;
#7042 = VECTOR ( 'NONE', #4097, 1000.000000000000000 ) ;
#7043 = CARTESIAN_POINT ( 'NONE',  ( 4.410365631536280695, 6.229747284365624083, 8.748332127999011831 ) ) ;
#7044 = ORIENTED_EDGE ( 'NONE', *, *, #700, .F. ) ;
#7045 = CIRCLE ( 'NONE', #7290, 2.500000000000000444 ) ;
#7046 = ORIENTED_EDGE ( 'NONE', *, *, #3934, .F. ) ;
#7047 = CARTESIAN_POINT ( 'NONE',  ( -4.136321125020615774, 5.436247185802859150, 24.99666425599802366 ) ) ;
#7048 = ORIENTED_EDGE ( 'NONE', *, *, #4027, .T. ) ;
#7049 = EDGE_CURVE ( 'NONE', #724, #6276, #2844, .T. ) ;
#7050 = ORIENTED_EDGE ( 'NONE', *, *, #4486, .F. ) ;
#7051 = CARTESIAN_POINT ( 'NONE',  ( 3.466564251278897668, 4.944843855612822914, 11.72442606426937495 ) ) ;
#7052 = CIRCLE ( 'NONE', #3209, 0.9000000000000000222 ) ;
#7053 = PLANE ( 'NONE',  #1100 ) ;
#7054 = VECTOR ( 'NONE', #397, 1000.000000000000114 ) ;
#7055 = EDGE_LOOP ( 'NONE', ( #6116, #5248, #1498, #2395 ) ) ;
#7056 = VECTOR ( 'NONE', #2387, 1000.000000000000000 ) ;
#7057 = LINE ( 'NONE', #7019, #5964 ) ;
#7058 = CARTESIAN_POINT ( 'NONE',  ( 7.970693331971125062, 8.229747284365624083, 20.24833212799901361 ) ) ;
#7059 = LINE ( 'NONE', #4029, #4298 ) ;
#7060 = CARTESIAN_POINT ( 'NONE',  ( 13.22069333197819141, 4.024125010056962992, 10.84663045879984011 ) ) ;
#7061 = ORIENTED_EDGE ( 'NONE', *, *, #5494, .F. ) ;
#7062 = DIRECTION ( 'NONE',  ( 1.000000000000000000, 0.000000000000000000, 0.000000000000000000 ) ) ;
#7063 = FACE_OUTER_BOUND ( 'NONE', #5518, .T. ) ;
#7064 = ORIENTED_EDGE ( 'NONE', *, *, #1128, .F. ) ;
#7065 = EDGE_CURVE ( 'NONE', #6639, #5074, #7367, .T. ) ;
#7066 = CARTESIAN_POINT ( 'NONE',  ( -4.849966951082723021, 5.318873863347462816, 19.35025776458610025 ) ) ;
#7067 = CYLINDRICAL_SURFACE ( 'NONE', #3812, 1.000000000000000888 ) ;
#7068 = CARTESIAN_POINT ( 'NONE',  ( 0.000000000000000000, 3.729747284365623194, 0.000000000000000000 ) ) ;
#7069 = CARTESIAN_POINT ( 'NONE',  ( -17.67643277480201647, -13.37061935686017655, 24.99666425599802366 ) ) ;
#7070 = CARTESIAN_POINT ( 'NONE',  ( -0.3378948879941174877, -8.875294732441114220, 21.14828000900120841 ) ) ;
#7071 = CARTESIAN_POINT ( 'NONE',  ( 0.000000000000000000, 4.829747284365623727, 12.84833212799901325 ) ) ;
#7072 = B_SPLINE_CURVE_WITH_KNOTS ( 'NONE', 3,
 ( #254, #3227, #3155, #5446, #817 ),
 .UNSPECIFIED., .F., .F.,
 ( 4, 1, 4 ),
 ( 0.000000000000000000, 0.3777526420860334855, 1.000000000000000000 ),
 .UNSPECIFIED. ) ;
#7073 = ORIENTED_EDGE ( 'NONE', *, *, #3048, .T. ) ;
#7074 = DIRECTION ( 'NONE',  ( 0.000000000000000000, 0.000000000000000000, 1.000000000000000000 ) ) ;
#7075 = VECTOR ( 'NONE', #2825, 1000.000000000000000 ) ;
#7076 = CARTESIAN_POINT ( 'NONE',  ( 3.217074356463273777, 5.047532953962227786, 22.12211851836761056 ) ) ;
#7077 = CARTESIAN_POINT ( 'NONE',  ( -4.430428383661448422, 4.393118539265072009, 14.58166212799901373 ) ) ;
#7078 = EDGE_CURVE ( 'NONE', #5028, #5854, #6200, .T. ) ;
#7079 = VERTEX_POINT ( 'NONE', #5746 ) ;
#7080 = ORIENTED_EDGE ( 'NONE', *, *, #6039, .F. ) ;
#7081 = DIRECTION ( 'NONE',  ( -0.000000000000000000, -0.000000000000000000, -1.000000000000000000 ) ) ;
#7082 = CARTESIAN_POINT ( 'NONE',  ( 1.198254432287299664, 3.508614384660480479, 15.08059151349311477 ) ) ;
#7083 = ORIENTED_EDGE ( 'NONE', *, *, #4413, .T. ) ;
#7084 = ORIENTED_EDGE ( 'NONE', *, *, #2309, .T. ) ;
#7085 = CARTESIAN_POINT ( 'NONE',  ( 2.962890038324213826, 3.975242935720129545, 11.43582975609277952 ) ) ;
#7086 = FACE_OUTER_BOUND ( 'NONE', #6107, .T. ) ;
#7087 = ADVANCED_FACE ( 'NONE', ( #1150 ), #1764, .F. ) ;
#7088 = ORIENTED_EDGE ( 'NONE', *, *, #1593, .F. ) ;
#7089 = CYLINDRICAL_SURFACE ( 'NONE', #7396, 0.7500000000000006661 ) ;
#7090 = ORIENTED_EDGE ( 'NONE', *, *, #1889, .T. ) ;
#7091 = VECTOR ( 'NONE', #7239, 1000.000000000000000 ) ;
#7092 = CIRCLE ( 'NONE', #3858, 1.000000000000000888 ) ;
#7093 = FACE_OUTER_BOUND ( 'NONE', #2914, .T. ) ;
#7094 = EDGE_CURVE ( 'NONE', #1506, #6729, #3318, .T. ) ;
#7095 = DIRECTION ( 'NONE',  ( 0.000000000000000000, 0.000000000000000000, -1.000000000000000000 ) ) ;
#7096 = ADVANCED_FACE ( 'NONE', ( #6300 ), #3942, .T. ) ;
#7097 = DIRECTION ( 'NONE',  ( 1.000000000000000000, 0.000000000000000000, 0.000000000000000000 ) ) ;
#7098 = ORIENTED_EDGE ( 'NONE', *, *, #3786, .F. ) ;
#7099 = DIRECTION ( 'NONE',  ( 1.000000000000000000, -0.000000000000000000, 0.000000000000000000 ) ) ;
#7100 = ADVANCED_FACE ( 'NONE', ( #536 ), #5175, .T. ) ;
#7101 = CARTESIAN_POINT ( 'NONE',  ( 12.47482241266330050, 4.943882305186259707, 20.27223819172863273 ) ) ;
#7102 = ORIENTED_EDGE ( 'NONE', *, *, #643, .F. ) ;
#7103 = ADVANCED_FACE ( 'NONE', ( #3411 ), #3692, .F. ) ;
#7104 = EDGE_LOOP ( 'NONE', ( #5530, #2282, #2512, #2236 ) ) ;
#7105 = AXIS2_PLACEMENT_3D ( 'NONE', #2338, #2901, #5903 ) ;
#7106 = CARTESIAN_POINT ( 'NONE',  ( 1.417719702571786478, 3.552573535720908282, 20.85659879009707396 ) ) ;
#7107 = FACE_OUTER_BOUND ( 'NONE', #1645, .T. ) ;
#7108 = DIRECTION ( 'NONE',  ( -0.9794733370953438989, 0.2015737629735343261, -0.000000000000000000 ) ) ;
#7109 = LINE ( 'NONE', #3766, #1403 ) ;
#7110 = SHAPE_DEFINITION_REPRESENTATION ( #2553, #2902 ) ;
#7111 = B_SPLINE_CURVE_WITH_KNOTS ( 'NONE', 3,
 ( #3494, #692, #2434, #1722, #5789 ),
 .UNSPECIFIED., .F., .F.,
 ( 4, 1, 4 ),
 ( 0.000000000000000000, 0.3777526420860334855, 1.000000000000000000 ),
 .UNSPECIFIED. ) ;
#7112 = EDGE_CURVE ( 'NONE', #419, #6298, #4732, .T. ) ;
#7113 = EDGE_LOOP ( 'NONE', ( #5148, #4428, #580, #772 ) ) ;
#7114 = CARTESIAN_POINT ( 'NONE',  ( -4.136321125020613998, 5.436247185802858262, 21.14625015647041195 ) ) ;
#7115 = DIRECTION ( 'NONE',  ( 0.000000000000000000, -1.000000000000000000, 0.000000000000000000 ) ) ;
#7116 = ORIENTED_EDGE ( 'NONE', *, *, #7153, .T. ) ;
#7117 = CARTESIAN_POINT ( 'NONE',  ( -17.67643277480202002, 9.933113728465892578, 24.99666425599802366 ) ) ;
#7118 = CARTESIAN_POINT ( 'NONE',  ( 0.9582460157998370365, 3.406815019553060875, 14.58166212799901373 ) ) ;
#7119 = ORIENTED_EDGE ( 'NONE', *, *, #3012, .T. ) ;
#7120 = ORIENTED_EDGE ( 'NONE', *, *, #5778, .F. ) ;
#7121 = DIRECTION ( 'NONE',  ( 1.000000000000000000, 0.000000000000000000, 0.000000000000000000 ) ) ;
#7122 = AXIS2_PLACEMENT_3D ( 'NONE', #5698, #4536, #1180 ) ;
#7123 = DIRECTION ( 'NONE',  ( -0.9794733370953440099, 0.2015737629735344927, 0.000000000000000000 ) ) ;
#7124 = EDGE_LOOP ( 'NONE', ( #863, #7073, #290, #1795 ) ) ;
#7125 = B_SPLINE_CURVE_WITH_KNOTS ( 'NONE', 3,
 ( #6439, #1862, #5359, #197, #4798, #1970 ),
 .UNSPECIFIED., .F., .F.,
 ( 4, 2, 4 ),
 ( 4.336808689942017255E-19, 0.0002788428122627194445, 0.0005576856245254384553 ),
 .UNSPECIFIED. ) ;
#7126 = CARTESIAN_POINT ( 'NONE',  ( -0.3304283836614452796, -8.875294732441114220, 15.48161995495327048 ) ) ;
#7127 = ORIENTED_EDGE ( 'NONE', *, *, #4413, .F. ) ;
#7128 = DIRECTION ( 'NONE',  ( 0.000000000000000000, 1.000000000000000000, -0.000000000000000000 ) ) ;
#7129 = DIRECTION ( 'NONE',  ( 1.000000000000000000, 0.000000000000000000, 0.000000000000000000 ) ) ;
#7130 = EDGE_CURVE ( 'NONE', #1579, #1230, #4168, .T. ) ;
#7131 = ORIENTED_EDGE ( 'NONE', *, *, #4930, .F. ) ;
#7132 = DIRECTION ( 'NONE',  ( 0.000000000000000000, 1.000000000000000000, 0.000000000000000000 ) ) ;
#7133 = FACE_OUTER_BOUND ( 'NONE', #3670, .T. ) ;
#7134 = DIRECTION ( 'NONE',  ( 1.000000000000000000, 0.000000000000000000, 0.000000000000000000 ) ) ;
#7135 = ORIENTED_EDGE ( 'NONE', *, *, #3476, .F. ) ;
#7136 = EDGE_CURVE ( 'NONE', #996, #7420, #3803, .T. ) ;
#7137 = EDGE_LOOP ( 'NONE', ( #5490, #3458, #3385, #4738, #2924, #5919 ) ) ;
#7138 = FACE_OUTER_BOUND ( 'NONE', #603, .T. ) ;
#7139 = EDGE_CURVE ( 'NONE', #957, #1112, #2073, .T. ) ;
#7140 = DIRECTION ( 'NONE',  ( 0.000000000000000000, -1.000000000000000000, 0.000000000000000000 ) ) ;
#7141 = CARTESIAN_POINT ( 'NONE',  ( 1.413285024935994727, -8.218058352597035210, 16.80822491323812073 ) ) ;
#7142 = CARTESIAN_POINT ( 'NONE',  ( 1.040493752103466063, -8.039391438412161861, 17.73557935669695951 ) ) ;
#7143 = DIRECTION ( 'NONE',  ( -0.000000000000000000, -0.000000000000000000, -1.000000000000000000 ) ) ;
#7144 = DIRECTION ( 'NONE',  ( -0.2015737629735344927, -0.9794733370953440099, 0.000000000000000000 ) ) ;
#7145 = ORIENTED_EDGE ( 'NONE', *, *, #5553, .T. ) ;
#7146 = CARTESIAN_POINT ( 'NONE',  ( 14.16983987580191595, 4.219457576250139397, 22.25557007872491511 ) ) ;
#7147 = LINE ( 'NONE', #5321, #5114 ) ;
#7148 = AXIS2_PLACEMENT_3D ( 'NONE', #5640, #6727, #1653 ) ;
#7149 = DIRECTION ( 'NONE',  ( -0.9794733370953440099, 0.2015737629735344927, 0.000000000000000000 ) ) ;
#7150 = ORIENTED_EDGE ( 'NONE', *, *, #4396, .T. ) ;
#7151 = DIRECTION ( 'NONE',  ( -0.9794733370953438989, 0.2015737629735347147, 0.000000000000000000 ) ) ;
#7152 = DIRECTION ( 'NONE',  ( -1.000000000000000000, -0.000000000000000000, -0.000000000000000000 ) ) ;
#7153 = EDGE_CURVE ( 'NONE', #1112, #6021, #3709, .T. ) ;
#7154 = VERTEX_POINT ( 'NONE', #1299 ) ;
#7155 = AXIS2_PLACEMENT_3D ( 'NONE', #4774, #6528, #1380 ) ;
#7156 = ORIENTED_EDGE ( 'NONE', *, *, #5322, .T. ) ;
#7157 = FACE_OUTER_BOUND ( 'NONE', #441, .T. ) ;
#7158 = CARTESIAN_POINT ( 'NONE',  ( -0.3020922099672417871, -8.873752814197141348, 6.999999999999999112 ) ) ;
#7159 = VECTOR ( 'NONE', #2529, 1000.000000000000000 ) ;
#7160 = ORIENTED_EDGE ( 'NONE', *, *, #155, .T. ) ;
#7161 = ORIENTED_EDGE ( 'NONE', *, *, #7417, .F. ) ;
#7162 = CARTESIAN_POINT ( 'NONE',  ( -12.91971069101993486, -13.84940126210495492, 9.250000000000000000 ) ) ;
#7163 = ORIENTED_EDGE ( 'NONE', *, *, #6305, .F. ) ;
#7164 = VECTOR ( 'NONE', #7292, 1000.000000000000000 ) ;
#7165 = FACE_OUTER_BOUND ( 'NONE', #1931, .T. ) ;
#7166 = CARTESIAN_POINT ( 'NONE',  ( 1.667208124178702011, -8.236415657595513196, 12.37333212799901538 ) ) ;
#7167 = CIRCLE ( 'NONE', #5376, 0.8999999999999998002 ) ;
#7168 = TOROIDAL_SURFACE ( 'NONE', #6101, 1.999999999999999556, 1.000000000000000000 ) ;
#7169 = ORIENTED_EDGE ( 'NONE', *, *, #473, .T. ) ;
#7170 = CARTESIAN_POINT ( 'NONE',  ( -17.22255376510846503, 11.11286011707180243, 9.250000000000000000 ) ) ;
#7171 = ADVANCED_FACE ( 'NONE', ( #3594 ), #688, .T. ) ;
#7172 = CARTESIAN_POINT ( 'NONE',  ( -1.639205548044021521, -8.714184379051483020, 12.64830899900944594 ) ) ;
#7173 = AXIS2_PLACEMENT_3D ( 'NONE', #33, #2895, #6312 ) ;
#7174 = EDGE_CURVE ( 'NONE', #3813, #1984, #4801, .T. ) ;
#7175 = ORIENTED_EDGE ( 'NONE', *, *, #3509, .T. ) ;
#7176 = ORIENTED_EDGE ( 'NONE', *, *, #3663, .F. ) ;
#7177 = CARTESIAN_POINT ( 'NONE',  ( 2.208246015799837370, 4.130547250359981604, 17.41499212799901031 ) ) ;
#7178 = FACE_OUTER_BOUND ( 'NONE', #1038, .T. ) ;
#7179 = LINE ( 'NONE', #6203, #4913 ) ;
#7180 = CARTESIAN_POINT ( 'NONE',  ( 1.675288848723323731, 3.516946946089085646, 19.62332212799901399 ) ) ;
#7181 = DIRECTION ( 'NONE',  ( -0.000000000000000000, -0.000000000000000000, 1.000000000000000000 ) ) ;
#7182 = EDGE_CURVE ( 'NONE', #1034, #494, #4125, .T. ) ;
#7183 = CARTESIAN_POINT ( 'NONE',  ( 0.9752219684006920852, 3.415585595647538497, 20.08240589100661566 ) ) ;
#7184 = AXIS2_PLACEMENT_3D ( 'NONE', #5181, #26, #6906 ) ;
#7185 = EDGE_LOOP ( 'NONE', ( #1375, #3667, #6482, #6090, #307 ) ) ;
#7186 = PLANE ( 'NONE',  #445 ) ;
#7187 = ADVANCED_FACE ( 'NONE', ( #6557 ), #6987, .T. ) ;
#7188 = CARTESIAN_POINT ( 'NONE',  ( 3.255840439996987801, 3.914954296312244342, 22.16639470935130873 ) ) ;
#7189 = DIRECTION ( 'NONE',  ( 1.000000000000000000, 4.163336342344336041E-16, 0.000000000000000000 ) ) ;
#7190 = VERTEX_POINT ( 'NONE', #4764 ) ;
#7191 = B_SPLINE_CURVE_WITH_KNOTS ( 'NONE', 3,
 ( #6495, #1841, #2514, #216, #6985 ),
 .UNSPECIFIED., .F., .F.,
 ( 4, 1, 4 ),
 ( 0.006305576480686836925, 0.006338266719974096353, 0.006370956959261355780 ),
 .UNSPECIFIED. ) ;
#7192 = CARTESIAN_POINT ( 'NONE',  ( -4.306622442006275087, -6.934194992480525954, 13.68166202384773911 ) ) ;
#7193 = DIRECTION ( 'NONE',  ( -0.000000000000000000, -0.000000000000000000, -1.000000000000000000 ) ) ;
#7194 = ORIENTED_EDGE ( 'NONE', *, *, #207, .F. ) ;
#7195 = VECTOR ( 'NONE', #2791, 1000.000000000000227 ) ;
#7196 = ORIENTED_EDGE ( 'NONE', *, *, #560, .T. ) ;
#7197 = DIRECTION ( 'NONE',  ( 1.000000000000000000, 0.000000000000000000, 0.000000000000000000 ) ) ;
#7198 = CARTESIAN_POINT ( 'NONE',  ( -0.3025607775276037414, -8.872004039688025756, 24.99833212799901361 ) ) ;
#7199 = CIRCLE ( 'NONE', #4456, 46.19384172171115210 ) ;
#7200 = VERTEX_POINT ( 'NONE', #7047 ) ;
#7201 = ORIENTED_EDGE ( 'NONE', *, *, #2232, .T. ) ;
#7202 = DIRECTION ( 'NONE',  ( 1.000000000000000000, 0.000000000000000000, 0.000000000000000000 ) ) ;
#7203 = ORIENTED_EDGE ( 'NONE', *, *, #4025, .F. ) ;
#7204 = LINE ( 'NONE', #6120, #85 ) ;
#7205 = CARTESIAN_POINT ( 'NONE',  ( -4.596468567421768014, 5.535536237459208309, 9.765346181143179649 ) ) ;
#7206 = DIRECTION ( 'NONE',  ( 2.498001805406602216E-16, -1.000000000000000000, 0.000000000000000000 ) ) ;
#7207 = ORIENTED_EDGE ( 'NONE', *, *, #3654, .T. ) ;
#7208 = CIRCLE ( 'NONE', #5655, 0.8999999999999998002 ) ;
#7209 = DIRECTION ( 'NONE',  ( 1.000000000000000000, 0.000000000000000000, 0.000000000000000000 ) ) ;
#7210 = CARTESIAN_POINT ( 'NONE',  ( 12.71885106494055151, 5.044323576734762504, 20.37130314606054782 ) ) ;
#7211 = EDGE_CURVE ( 'NONE', #2316, #419, #1903, .T. ) ;
#7212 = EDGE_LOOP ( 'NONE', ( #5639, #3248, #2972, #2729, #4475, #6746 ) ) ;
#7213 = ORIENTED_EDGE ( 'NONE', *, *, #7094, .F. ) ;
#7214 = PLANE ( 'NONE',  #6936 ) ;
#7215 = CYLINDRICAL_SURFACE ( 'NONE', #279, 1.000000000000000888 ) ;
#7216 = VECTOR ( 'NONE', #946, 1000.000000000000000 ) ;
#7217 = CARTESIAN_POINT ( 'NONE',  ( 3.340514456454514391, 4.481941818551566925, 11.80290890311778007 ) ) ;
#7218 = CARTESIAN_POINT ( 'NONE',  ( -17.22255376510845792, -14.55036574546608108, 6.999999999999999112 ) ) ;
#7219 = DIRECTION ( 'NONE',  ( -0.9794733370953440099, -0.2015737629735342706, -0.000000000000000000 ) ) ;
#7220 = CIRCLE ( 'NONE', #4352, 0.09999999999999939493 ) ;
#7221 = CARTESIAN_POINT ( 'NONE',  ( 3.611659823576914619, 4.742635091351029786, 20.24502864586091633 ) ) ;
#7222 = B_SPLINE_CURVE_WITH_KNOTS ( 'NONE', 3,
 ( #6988, #4670, #5378, #176, #2405, #140, #3608, #4099, #1272, #6386 ),
 .UNSPECIFIED., .F., .F.,
 ( 4, 2, 2, 2, 4 ),
 ( -6.324555367048929663E-06, 0.0004971534490162414673, 0.001000631453399531984, 0.001504109457782822285, 0.002007587462166112585 ),
 .UNSPECIFIED. ) ;
#7223 = ORIENTED_EDGE ( 'NONE', *, *, #5907, .T. ) ;
#7224 = CARTESIAN_POINT ( 'NONE',  ( 11.83805397643143920, 4.760537278722608789, 9.748332127999011831 ) ) ;
#7225 = CARTESIAN_POINT ( 'NONE',  ( -12.40663181555145123, 9.934409660288995525, 24.99666425599802366 ) ) ;
#7226 = VECTOR ( 'NONE', #7398, 1000.000000000000000 ) ;
#7227 = DIRECTION ( 'NONE',  ( 1.000000000000000000, 4.163336342344336041E-16, 0.000000000000000000 ) ) ;
#7228 = VERTEX_POINT ( 'NONE', #803 ) ;
#7229 = DIRECTION ( 'NONE',  ( 0.000000000000000000, 0.000000000000000000, -1.000000000000000000 ) ) ;
#7230 = CARTESIAN_POINT ( 'NONE',  ( 1.417836159733417700, 3.552638499563077534, 13.97326211459683520 ) ) ;
#7231 = EDGE_CURVE ( 'NONE', #5289, #6040, #5250, .T. ) ;
#7232 = ORIENTED_EDGE ( 'NONE', *, *, #1049, .T. ) ;
#7233 = ORIENTED_EDGE ( 'NONE', *, *, #5079, .T. ) ;
#7235 = EDGE_CURVE ( 'NONE', #4918, #5782, #2006, .T. ) ;
#7234 = LINE ( 'NONE', #389, #5749 ) ;
#7236 = EDGE_CURVE ( 'NONE', #5851, #3526, #6460, .T. ) ;
#7237 = EDGE_CURVE ( 'NONE', #4012, #5503, #4908, .T. ) ;
#7238 = DIRECTION ( 'NONE',  ( 0.9798072599803948624, 0.1999443254751452625, 0.000000000000000000 ) ) ;
#7239 = DIRECTION ( 'NONE',  ( 1.000000000000000000, 5.682499450283236309E-17, -0.000000000000000000 ) ) ;
#7240 = ORIENTED_EDGE ( 'NONE', *, *, #4897, .T. ) ;
#7241 = EDGE_CURVE ( 'NONE', #2523, #6689, #6069, .T. ) ;
#7242 = VERTEX_POINT ( 'NONE', #2165 ) ;
#7243 = CARTESIAN_POINT ( 'NONE',  ( -0.3304283836614461678, -3.884007349944943677, 20.24832212799901399 ) ) ;
#7244 = ORIENTED_EDGE ( 'NONE', *, *, #7211, .F. ) ;
#7245 = CARTESIAN_POINT ( 'NONE',  ( -5.304436011043669907, -4.539923741060544415, 16.51501371187504219 ) ) ;
#7246 = DIRECTION ( 'NONE',  ( 0.000000000000000000, 1.000000000000000000, 0.000000000000000000 ) ) ;
#7247 = CARTESIAN_POINT ( 'NONE',  ( -0.3020922099672417871, -8.873752814197141348, 23.99833212799901005 ) ) ;
#7248 = ORIENTED_EDGE ( 'NONE', *, *, #4184, .T. ) ;
#7249 = CARTESIAN_POINT ( 'NONE',  ( 1.571174219809640338, 4.261655422822206774, 10.22483634926456375 ) ) ;
#7250 = CARTESIAN_POINT ( 'NONE',  ( 13.09298840606206227, 5.198317093173708159, 20.74193083875086430 ) ) ;
#7251 = ORIENTED_EDGE ( 'NONE', *, *, #7237, .T. ) ;
#7252 = AXIS2_PLACEMENT_3D ( 'NONE', #967, #546, #6728 ) ;
#7253 = CARTESIAN_POINT ( 'NONE',  ( 1.649558198921668328, 4.245524147954321315, 10.85039112044069576 ) ) ;
#7254 = CARTESIAN_POINT ( 'NONE',  ( 19.43280793828412811, 5.302566464042969052, 24.99666425599802366 ) ) ;
#7255 = CARTESIAN_POINT ( 'NONE',  ( -0.4620593149765189200, -8.873752814197141348, 10.24999999999999822 ) ) ;
#7256 = CARTESIAN_POINT ( 'NONE',  ( 12.22069333197112329, 11.72974728436562408, 21.24833212799901361 ) ) ;
#7257 = DIRECTION ( 'NONE',  ( -0.000000000000000000, 1.000000000000000000, 7.372574772901438040E-15 ) ) ;
#7258 = CARTESIAN_POINT ( 'NONE',  ( 0.9582460157998368144, 3.406815019553060875, 20.24832212799901399 ) ) ;
#7259 = VECTOR ( 'NONE', #4784, 999.9999999999998863 ) ;
#7260 = ORIENTED_EDGE ( 'NONE', *, *, #1593, .T. ) ;
#7261 = CARTESIAN_POINT ( 'NONE',  ( 3.466564251278843933, 4.944843855612798045, 20.27223819172867536 ) ) ;
#7262 = CARTESIAN_POINT ( 'NONE',  ( 13.55895385150151533, 4.093738386148094044, 15.99833212799901183 ) ) ;
#7263 = DIRECTION ( 'NONE',  ( -0.000000000000000000, -0.000000000000000000, 1.000000000000000000 ) ) ;
#7264 = ORIENTED_EDGE ( 'NONE', *, *, #6547, .T. ) ;
#7265 = CARTESIAN_POINT ( 'NONE',  ( -3.638524698391432555, -7.645161643112126093, 13.68166329064827558 ) ) ;
#7266 = CARTESIAN_POINT ( 'NONE',  ( 0.9752219684006925293, 3.415585595647539829, 11.58241589100660995 ) ) ;
#7267 = ADVANCED_FACE ( 'NONE', ( #1523 ), #6037, .T. ) ;
#7268 = ORIENTED_EDGE ( 'NONE', *, *, #4541, .F. ) ;
#7269 = EDGE_CURVE ( 'NONE', #4021, #5232, #3893, .T. ) ;
#7270 = ORIENTED_EDGE ( 'NONE', *, *, #4163, .T. ) ;
#7271 = CARTESIAN_POINT ( 'NONE',  ( 5.597734721401525171, -10.67529473244111315, 15.83396615689146714 ) ) ;
#7272 = CARTESIAN_POINT ( 'NONE',  ( 13.22069333197112506, 4.024125010056279095, 19.41461580751000682 ) ) ;
#7273 = CARTESIAN_POINT ( 'NONE',  ( 2.021704316544359337, -8.884007349944944565, 17.41499212799901031 ) ) ;
#7274 = VERTEX_POINT ( 'NONE', #1482 ) ;
#7275 = AXIS2_PLACEMENT_3D ( 'NONE', #893, #7099, #3192 ) ;
#7276 = ORIENTED_EDGE ( 'NONE', *, *, #5908, .F. ) ;
#7277 = DIRECTION ( 'NONE',  ( -1.000000000000000000, -7.375108878104640636E-16, 0.000000000000000000 ) ) ;
#7278 = EDGE_CURVE ( 'NONE', #3101, #4758, #3059, .T. ) ;
#7279 = VERTEX_POINT ( 'NONE', #4465 ) ;
#7280 = B_SPLINE_CURVE_WITH_KNOTS ( 'NONE', 3,
 ( #6808, #5089, #1169, #1663, #595, #3470, #3394, #516, #1592, #3881, #7404, #4564, #1017, #6845 ),
 .UNSPECIFIED., .F., .F.,
 ( 4, 2, 2, 2, 2, 2, 4 ),
 ( 3.127317220692750759E-18, 7.607712765103848585E-05, 0.0001521542553020738275, 0.0003043085106041467877, 0.0006086170212082870701, 0.0009129255318124274068, 0.001217234042416567635 ),
 .UNSPECIFIED. ) ;
#7281 = CARTESIAN_POINT ( 'NONE',  ( -4.828026495970161314, -6.098896013116121395, 16.51499633850840354 ) ) ;
#7282 = CARTESIAN_POINT ( 'NONE',  ( 19.36578231149358231, 5.288772716631839899, 24.99833212799901361 ) ) ;
#7283 = CARTESIAN_POINT ( 'NONE',  ( -17.22255376510846503, 11.11286011707180243, 24.99666425599802366 ) ) ;
#7284 = VECTOR ( 'NONE', #4325, 1000.000000000000000 ) ;
#7285 = AXIS2_PLACEMENT_3D ( 'NONE', #1271, #2896, #3465 ) ;
#7286 =( BOUNDED_CURVE ( )  B_SPLINE_CURVE ( 3, ( #224, #3725, #1350, #5451 ),
 .UNSPECIFIED., .F., .T. ) 
 B_SPLINE_CURVE_WITH_KNOTS ( ( 4, 4 ),
 ( 4.712388980384689674, 6.283185307179586232 ),
 .UNSPECIFIED. ) 
 CURVE ( )  GEOMETRIC_REPRESENTATION_ITEM ( )  RATIONAL_B_SPLINE_CURVE ( ( 1.000000000000000000, 0.8047378541243649375, 0.8047378541243649375, 1.000000000000000000 ) ) 
 REPRESENTATION_ITEM ( '' )  );
#7287 = ORIENTED_EDGE ( 'NONE', *, *, #2145, .T. ) ;
#7288 = DIRECTION ( 'NONE',  ( 0.000000000000000000, 0.000000000000000000, -1.000000000000000000 ) ) ;
#7289 = DIRECTION ( 'NONE',  ( -0.000000000000000000, -0.000000000000000000, -1.000000000000000000 ) ) ;
#7290 = AXIS2_PLACEMENT_3D ( 'NONE', #2575, #3743, #3850 ) ;
#7291 = ORIENTED_EDGE ( 'NONE', *, *, #4530, .T. ) ;
#7292 = DIRECTION ( 'NONE',  ( -0.000000000000000000, -0.000000000000000000, -1.000000000000000000 ) ) ;
#7293 = CARTESIAN_POINT ( 'NONE',  ( -4.430428383661446645, -3.884007349944944121, 20.24832212799901399 ) ) ;
#7294 = CIRCLE ( 'NONE', #5857, 46.19384172171115210 ) ;
#7295 = FACE_OUTER_BOUND ( 'NONE', #646, .T. ) ;
#7296 = DIRECTION ( 'NONE',  ( 1.000000000000000000, 0.000000000000000000, 0.000000000000000000 ) ) ;
#7297 = AXIS2_PLACEMENT_3D ( 'NONE', #5457, #2596, #4887 ) ;
#7298 = CARTESIAN_POINT ( 'NONE',  ( -5.017606031512334752, -5.643646821551061343, 15.48165366847015534 ) ) ;
#7299 = CARTESIAN_POINT ( 'NONE',  ( -5.208679212011682935, -5.016303108404515321, 18.31497660644258119 ) ) ;
#7300 = ORIENTED_EDGE ( 'NONE', *, *, #6781, .F. ) ;
#7301 = CARTESIAN_POINT ( 'NONE',  ( 13.20863641675432554, 4.021643719675156881, 21.44372573024747908 ) ) ;
#7302 = CARTESIAN_POINT ( 'NONE',  ( -4.209372244636164773, 5.451280968262001814, 21.14615390724935295 ) ) ;
#7303 = CARTESIAN_POINT ( 'NONE',  ( 1.583246015799828044, -8.236415657594555739, 19.62332212799901399 ) ) ;
#7304 = ORIENTED_EDGE ( 'NONE', *, *, #4030, .T. ) ;
#7305 = VECTOR ( 'NONE', #5988, 1000.000000000000114 ) ;
#7306 = CARTESIAN_POINT ( 'NONE',  ( -0.3378948879941071071, -8.875294732441114220, 13.68170424699681931 ) ) ;
#7307 = LINE ( 'NONE', #2166, #5068 ) ;
#7308 = ORIENTED_EDGE ( 'NONE', *, *, #656, .F. ) ;
#7309 = EDGE_CURVE ( 'NONE', #2316, #5028, #4294, .T. ) ;
#7310 = VERTEX_POINT ( 'NONE', #877 ) ;
#7311 = CARTESIAN_POINT ( 'NONE',  ( 21.28395385150157182, -3.875294732441104895, 6.999999999999999112 ) ) ;
#7312 = CARTESIAN_POINT ( 'NONE',  ( 19.40529669821110303, 5.436247185802859150, 6.999999999999999112 ) ) ;
#7313 = CARTESIAN_POINT ( 'NONE',  ( -5.337894887994158566, -3.875294732441077805, 18.31496115597333585 ) ) ;
#7314 = VERTEX_POINT ( 'NONE', #6635 ) ;
#7315 = ORIENTED_EDGE ( 'NONE', *, *, #431, .F. ) ;
#7316 = CARTESIAN_POINT ( 'NONE',  ( 1.413285024935995171, -8.218058352597036986, 19.64155491323812086 ) ) ;
#7317 = VECTOR ( 'NONE', #7108, 1000.000000000000114 ) ;
#7318 = VERTEX_POINT ( 'NONE', #274 ) ;
#7319 = DIRECTION ( 'NONE',  ( 1.000000000000000000, 0.000000000000000000, -0.000000000000000000 ) ) ;
#7320 = EDGE_CURVE ( 'NONE', #4918, #4990, #7045, .T. ) ;
#7321 = PLANE ( 'NONE',  #1165 ) ;
#7322 = VERTEX_POINT ( 'NONE', #3176 ) ;
#7323 = VERTEX_POINT ( 'NONE', #3773 ) ;
#7324 = CARTESIAN_POINT ( 'NONE',  ( 1.771546788140387685, 4.220419126676690169, 9.741094177273110333 ) ) ;
#7325 = DIRECTION ( 'NONE',  ( 0.000000000000000000, -1.000000000000000000, 0.000000000000000000 ) ) ;
#7326 = ORIENTED_EDGE ( 'NONE', *, *, #564, .T. ) ;
#7327 = EDGE_CURVE ( 'NONE', #1230, #419, #5611, .T. ) ;
#7328 = CARTESIAN_POINT ( 'NONE',  ( 13.55895385150151533, 4.093738386148094044, 17.49833212799901361 ) ) ;
#7329 = EDGE_CURVE ( 'NONE', #494, #723, #948, .T. ) ;
#7330 = CARTESIAN_POINT ( 'NONE',  ( 1.583246015799837147, -12.57799432079165314, 14.58166212799901373 ) ) ;
#7331 = CARTESIAN_POINT ( 'NONE',  ( 3.682106853308442229, 4.815942294678240643, 11.74833212799038762 ) ) ;
#7332 = EDGE_CURVE ( 'NONE', #2778, #47, #2701, .T. ) ;
#7333 = ADVANCED_FACE ( 'NONE', ( #5621 ), #6779, .F. ) ;
#7334 = CARTESIAN_POINT ( 'NONE',  ( -5.337894887994158566, -3.875294732441077805, 13.68169310002468819 ) ) ;
#7335 = CARTESIAN_POINT ( 'NONE',  ( -4.116590141842817019, 5.432186586728145805, 16.51705112044069779 ) ) ;
#7336 = CARTESIAN_POINT ( 'NONE',  ( -5.168957062996155649, -5.174400649222202553, 18.31497851934678422 ) ) ;
#7337 = EDGE_CURVE ( 'NONE', #4503, #4021, #2912, .T. ) ;
#7338 = CIRCLE ( 'NONE', #853, 16.18099892769363990 ) ;
#7339 = CARTESIAN_POINT ( 'NONE',  ( 10.47069333197112506, 8.229747284365624083, 6.998332127999013608 ) ) ;
#7340 = CIRCLE ( 'NONE', #4472, 1.000000000000000888 ) ;
#7341 = CARTESIAN_POINT ( 'NONE',  ( -4.855142743477018463, 5.325173626122779780, 21.14637007702953042 ) ) ;
#7342 = CIRCLE ( 'NONE', #4947, 1.000000000000000444 ) ;
#7343 = DIRECTION ( 'NONE',  ( -4.216341781888073566E-16, 1.000000000000000000, 0.000000000000000000 ) ) ;
#7344 = VERTEX_POINT ( 'NONE', #6854 ) ;
#7345 = CARTESIAN_POINT ( 'NONE',  ( 1.751084036740374605, -8.218663944361779272, 20.85575880307108321 ) ) ;
#7346 = CARTESIAN_POINT ( 'NONE',  ( -4.209372244636164773, 5.451280968262001814, 15.47949390724936158 ) ) ;
#7347 = EDGE_LOOP ( 'NONE', ( #7356, #5660, #6126, #5436 ) ) ;
#7348 = VERTEX_POINT ( 'NONE', #1633 ) ;
#7349 = DIRECTION ( 'NONE',  ( -0.000000000000000000, 0.000000000000000000, -1.000000000000000000 ) ) ;
#7350 = LINE ( 'NONE', #3254, #4594 ) ;
#7351 = CARTESIAN_POINT ( 'NONE',  ( 1.087379772044296811, -8.069686008791979503, 11.35982380347148180 ) ) ;
#7352 = EDGE_LOOP ( 'NONE', ( #621, #1543, #859, #6056 ) ) ;
#7353 = ORIENTED_EDGE ( 'NONE', *, *, #1594, .F. ) ;
#7354 = LINE ( 'NONE', #6610, #5245 ) ;
#7355 = ORIENTED_EDGE ( 'NONE', *, *, #6115, .F. ) ;
#7356 = ORIENTED_EDGE ( 'NONE', *, *, #4713, .T. ) ;
#7357 = CARTESIAN_POINT ( 'NONE',  ( 1.762280412935443463, 3.477989781646235734, 18.01945571321913420 ) ) ;
#7358 = CARTESIAN_POINT ( 'NONE',  ( 2.720693331971123730, 5.251841508745991760, 21.24833212799901361 ) ) ;
#7359 = EDGE_LOOP ( 'NONE', ( #7276, #4869, #4008 ) ) ;
#7360 = ORIENTED_EDGE ( 'NONE', *, *, #735, .T. ) ;
#7361 = CARTESIAN_POINT ( 'NONE',  ( -5.337894887994158566, 4.456773848707508812, 21.14827224615836698 ) ) ;
#7362 = CYLINDRICAL_SURFACE ( 'NONE', #1134, 0.8999999999999980238 ) ;
#7363 = EDGE_CURVE ( 'NONE', #4758, #6257, #2447, .T. ) ;
#7364 = EDGE_CURVE ( 'NONE', #3290, #6445, #4649, .T. ) ;
#7365 = DIRECTION ( 'NONE',  ( -0.9794733370953440099, 0.2015737629735344927, 0.000000000000000000 ) ) ;
#7366 = LINE ( 'NONE', #2220, #3034 ) ;
#7367 = B_SPLINE_CURVE_WITH_KNOTS ( 'NONE', 3,
 ( #1794, #2283, #92, #2957, #4510 ),
 .UNSPECIFIED., .F., .F.,
 ( 4, 1, 4 ),
 ( 0.002020911749992926939, 0.002053132317618553034, 0.002085352885244178694 ),
 .UNSPECIFIED. ) ;
#7368 = B_SPLINE_CURVE_WITH_KNOTS ( 'NONE', 3,
 ( #868, #3879, #5534, #266 ),
 .UNSPECIFIED., .F., .F.,
 ( 4, 4 ),
 ( 0.001115101105876724992, 0.001132964218624134180 ),
 .UNSPECIFIED. ) ;
#7369 = FACE_OUTER_BOUND ( 'NONE', #7359, .T. ) ;
#7370 = CARTESIAN_POINT ( 'NONE',  ( -5.330428383661447889, 4.393118539265072009, 11.74833212799901183 ) ) ;
#7371 = CARTESIAN_POINT ( 'NONE',  ( -4.675606283204271740, -6.383411332971536289, 18.31498993821426780 ) ) ;
#7372 = EDGE_CURVE ( 'NONE', #4208, #3633, #6089, .T. ) ;
#7373 = CARTESIAN_POINT ( 'NONE',  ( 12.22069333197112151, 4.839283735452745816, 22.24833212799901361 ) ) ;
#7374 = CARTESIAN_POINT ( 'NONE',  ( -5.329654670401549055, 4.604535563897901085, 16.51517587857338398 ) ) ;
#7375 = DIRECTION ( 'NONE',  ( 1.000000000000000000, -0.000000000000000000, 0.000000000000000000 ) ) ;
#7376 = ORIENTED_EDGE ( 'NONE', *, *, #7078, .F. ) ;
#7377 = CARTESIAN_POINT ( 'NONE',  ( -4.648969577478695214, 5.410062931143256648, 13.68387455550846887 ) ) ;
#7378 = DIRECTION ( 'NONE',  ( 1.000000000000000000, 0.000000000000000000, -4.336808689942013003E-15 ) ) ;
#7379 = ORIENTED_EDGE ( 'NONE', *, *, #6688, .F. ) ;
#7380 = ORIENTED_EDGE ( 'NONE', *, *, #2385, .F. ) ;
#7381 = CARTESIAN_POINT ( 'NONE',  ( 2.720693331971122841, 5.251841508745991760, 10.74833212799901361 ) ) ;
#7382 = CARTESIAN_POINT ( 'NONE',  ( 1.583246015799836259, 3.535889187275713219, 11.12333212799901183 ) ) ;
#7383 = CARTESIAN_POINT ( 'NONE',  ( -5.337894887994159454, 4.424946582232930581, 15.48162846801144177 ) ) ;
#7384 = EDGE_CURVE ( 'NONE', #1018, #3030, #3688, .T. ) ;
#7385 = EDGE_LOOP ( 'NONE', ( #4730, #4133, #2881, #6220, #6345, #1533 ) ) ;
#7386 = ORIENTED_EDGE ( 'NONE', *, *, #1486, .T. ) ;
#7387 = LINE ( 'NONE', #6228, #2601 ) ;
#7388 = ORIENTED_EDGE ( 'NONE', *, *, #6516, .F. ) ;
#7389 = VERTEX_POINT ( 'NONE', #457 ) ;
#7390 = DIRECTION ( 'NONE',  ( -0.000000000000000000, 1.000000000000000000, -0.000000000000000000 ) ) ;
#7391 = AXIS2_PLACEMENT_3D ( 'NONE', #705, #4562, #5194 ) ;
#7392 = ORIENTED_EDGE ( 'NONE', *, *, #5561, .T. ) ;
#7393 = VERTEX_POINT ( 'NONE', #2201 ) ;
#7394 = DIRECTION ( 'NONE',  ( 1.000000000000000000, 9.714451465470117757E-16, 0.000000000000000000 ) ) ;
#7395 = DIRECTION ( 'NONE',  ( -0.2015737629735342984, -0.9794733370953438989, 0.000000000000000000 ) ) ;
#7396 = AXIS2_PLACEMENT_3D ( 'NONE', #696, #5298, #137 ) ;
#7397 = CARTESIAN_POINT ( 'NONE',  ( -5.079079203392923958, 5.132110818449021394, 12.64698308343020194 ) ) ;
#7398 = DIRECTION ( 'NONE',  ( -0.000000000000000000, -0.000000000000000000, -1.000000000000000000 ) ) ;
#7399 = VECTOR ( 'NONE', #2934, 1000.000000000000000 ) ;
#7400 = EDGE_CURVE ( 'NONE', #3943, #3586, #5952, .T. ) ;
#7401 = CARTESIAN_POINT ( 'NONE',  ( 13.22069333197112329, 4.024125010056278207, 10.74833212799901538 ) ) ;
#7402 = AXIS2_PLACEMENT_3D ( 'NONE', #2799, #5202, #5656 ) ;
#7403 = CARTESIAN_POINT ( 'NONE',  ( -2.553668632915653713, -8.369294201029722657, 15.48165106985148576 ) ) ;
#7404 = CARTESIAN_POINT ( 'NONE',  ( 12.84496145320534133, 4.315195155830920726, 11.87499384468425667 ) ) ;
#7405 = CIRCLE ( 'NONE', #6576, 46.19384172171115210 ) ;
#7406 = CARTESIAN_POINT ( 'NONE',  ( 2.208246015799835149, 4.130547250359976275, 12.25883221986484806 ) ) ;
#7407 = CIRCLE ( 'NONE', #4305, 0.8999999999999998002 ) ;
#7408 = APPLICATION_CONTEXT ( 'automotive_design' ) ;
#7409 = CARTESIAN_POINT ( 'NONE',  ( 2.021704316544363333, -12.57799432079165314, 12.19373006076051880 ) ) ;
#7410 = CARTESIAN_POINT ( 'NONE',  ( 1.198680847101488700, -8.132260364130292629, 12.24729223436937886 ) ) ;
#7411 = CIRCLE ( 'NONE', #4187, 0.6250000000000005551 ) ;
#7412 = ORIENTED_EDGE ( 'NONE', *, *, #3978, .T. ) ;
#7413 = DIRECTION ( 'NONE',  ( -0.000000000000000000, -0.000000000000000000, 1.000000000000000000 ) ) ;
#7414 = CARTESIAN_POINT ( 'NONE',  ( 16.28395385150156116, -3.875294732441104895, 6.999999999999999112 ) ) ;
#7415 = ORIENTED_EDGE ( 'NONE', *, *, #2466, .T. ) ;
#7417 = EDGE_CURVE ( 'NONE', #6040, #4545, #732, .T. ) ;
#7416 = CARTESIAN_POINT ( 'NONE',  ( 1.583246015799837147, -8.875294732441114220, 11.74833212799901183 ) ) ;
#7418 = DIRECTION ( 'NONE',  ( -0.000000000000000000, -0.000000000000000000, -1.000000000000000000 ) ) ;
#7419 = CARTESIAN_POINT ( 'NONE',  ( 10.34865194254071596, -12.57799432079165314, 17.83396615689146358 ) ) ;
#7420 = VERTEX_POINT ( 'NONE', #715 ) ;
#7421 = VERTEX_POINT ( 'NONE', #1966 ) ;
#7422 = DIRECTION ( 'NONE',  ( -0.000000000000000000, -0.000000000000000000, -1.000000000000000000 ) ) ;
#7423 = ORIENTED_EDGE ( 'NONE', *, *, #7112, .T. ) ;
#7424 = ADVANCED_FACE ( 'NONE', ( #2454 ), #4172, .F. ) ;
#7425 = VERTEX_POINT ( 'NONE', #5953 ) ;
#7426 = AXIS2_PLACEMENT_3D ( 'NONE', #2416, #1854, #187 ) ;
#7427 = DIRECTION ( 'NONE',  ( 0.000000000000000000, 0.000000000000000000, 1.000000000000000000 ) ) ;
#7428 = CARTESIAN_POINT ( 'NONE',  ( -4.675606283204271740, -6.383411332971536289, 21.14831993821426792 ) ) ;
#7429 = ORIENTED_EDGE ( 'NONE', *, *, #4357, .F. ) ;
#7430 = ORIENTED_EDGE ( 'NONE', *, *, #1450, .T. ) ;
#7431 = CARTESIAN_POINT ( 'NONE',  ( 2.021704316544359337, -8.884007349944944565, 14.58166212799901373 ) ) ;
#7432 = FACE_OUTER_BOUND ( 'NONE', #7212, .T. ) ;
#7433 = VECTOR ( 'NONE', #2753, 1000.000000000000000 ) ;
#7434 = CARTESIAN_POINT ( 'NONE',  ( -5.337894887994158566, 4.456773848707518582, 12.64828224615836660 ) ) ;
#7435 = DIRECTION ( 'NONE',  ( 0.9794733370953438989, -0.2015737629735347147, -0.000000000000000000 ) ) ;
#7436 = CARTESIAN_POINT ( 'NONE',  ( 1.197360756279695515, 3.508314779782196080, 16.91679894798230777 ) ) ;
#7437 = CARTESIAN_POINT ( 'NONE',  ( -0.7599269465275974023, -8.873752814197143124, 10.07025628857727284 ) ) ;
#7438 = DIRECTION ( 'NONE',  ( 1.000000000000000000, 0.000000000000000000, 0.000000000000000000 ) ) ;
#7439 = EDGE_CURVE ( 'NONE', #104, #3852, #317, .T. ) ;
#7440 = LINE ( 'NONE', #4035, #619 ) ;
ENDSEC;
END-ISO-10303-21;
